image_path,category,vehicle_type,relative_heading_deg,source_counter_deg,filename_angle,filename_corrected,label_status,label_method,heading_uncertainty_deg,source_video,source_frame_index,source_time_sec,image_sha256
sim2_cropped/Indigo/Indigo_017.png,Indigo,jeep,17,17,17,False,verified_source_pixels,source_video_counter,0,/home/fwromano/Documents/Code/experiments/VectorManifold/data/raw/video/sim2/Indigo.mp4,0,0.0,e0c1c73b5f228fcec356f9fd975a2c13a4ca4c9597048955937dd7b8e87c0eab
sim2_cropped/Indigo/Indigo_018.png,Indigo,jeep,18,18,18,False,verified_source_pixels,source_video_counter,0,/home/fwromano/Documents/Code/experiments/VectorManifold/data/raw/video/sim2/Indigo.mp4,7,0.116667,251aa8f2dd3d202ca8b73e855dc9062d9b5c164e7a23cb85d64a2f01f1249acd
sim2_cropped/Indigo/Indigo_019.png,Indigo,jeep,19,19,19,False,verified_source_pixels,source_video_counter,0,/home/fwromano/Documents/Code/experiments/VectorManifold/data/raw/video/sim2/Indigo.mp4,17,0.283333,7e8d281c5e70bb4c7cdd920dff730f3ed136c8dd619ba9f78722fd2c26762a1f
sim2_cropped/Indigo/Indigo_020.png,Indigo,jeep,20,20,20,False,verified_source_pixels,source_video_counter,0,/home/fwromano/Documents/Code/experiments/VectorManifold/data/raw/video/sim2/Indigo.mp4,29,0.483333,1bdd494b43f4d7c8c37a4529792d615999ece98f417f16d53943e17023dfa7fc
sim2_cropped/Indigo/Indigo_021.png,Indigo,jeep,21,21,21,False,verified_source_pixels,source_video_counter,0,/home/fwromano/Documents/Code/experiments/VectorManifold/data/raw/video/sim2/Indigo.mp4,40,0.666666,4df61e7798d81a8b18a04a15c229b26f502ef5bcfeb0fe6a2e77b8a8d365b49f
sim2_cropped/Indigo/Indigo_022.png,Indigo,jeep,22,22,22,False,verified_source_pixels,source_video_counter,0,/home/fwromano/Documents/Code/experiments/VectorManifold/data/raw/video/sim2/Indigo.mp4,52,0.866666,381a77b1c3f4831f350d118d61f1e64668f87a6f0592724eb0854374db7d9f54
sim2_cropped/Indigo/Indigo_023.png,Indigo,jeep,23,23,23,False,verified_source_pixels,source_video_counter,0,/home/fwromano/Documents/Code/experiments/VectorManifold/data/raw/video/sim2/Indigo.mp4,69,1.15,f6309a5856e64db791b890403a1c16f3d5d94e18c30f8aeec51c4ed520ffa76e
sim2_cropped/Indigo/Indigo_024.png,Indigo,jeep,24,24,24,False,verified_source_pixels,source_video_counter,0,/home/fwromano/Documents/Code/experiments/VectorManifold/data/raw/video/sim2/Indigo.mp4,80,1.333333,067451e961e856deff97d21993bdb54c2c0d7fb9da70ce1cb68b198d885f80a4
sim2_cropped/Indigo/Indigo_025.png,Indigo,jeep,25,25,25,False,verified_source_pixels,source_video_counter,0,/home/fwromano/Documents/Code/experiments/VectorManifold/data/raw/video/sim2/Indigo.mp4,92,1.533333,d4df4acde34ff5a1816bff226345c0ee3b00e75eaf1dbb80333692b1778344b8
sim2_cropped/Indigo/Indigo_026.png,Indigo,jeep,26,26,26,False,verified_source_pixels,source_video_counter,0,/home/fwromano/Documents/Code/experiments/VectorManifold/data/raw/video/sim2/Indigo.mp4,103,1.716667,720e0fb3bafaa77734c063afe9ca709a37be65feebf03135b6837e9a2be8c28e
sim2_cropped/Indigo/Indigo_027.png,Indigo,jeep,27,27,27,False,verified_source_pixels,source_video_counter,0,/home/fwromano/Documents/Code/experiments/VectorManifold/data/raw/video/sim2/Indigo.mp4,115,1.916667,0314aad266c09d98b99c40a6fc935ddf3aa88def8947b51ce5c4e1b3a27ebcbf
sim2_cropped/Indigo/Indigo_028.png,Indigo,jeep,23,23,28,True,verified_source_pixels,source_video_counter,0,/home/fwromano/Documents/Code/experiments/VectorManifold/data/raw/video/sim2/Indigo.mp4,75,1.25,93c12661b6c9cc1dc452b403718d666422d6e12853e7f54ca0db4657842c2e3d
sim2_cropped/Indigo/Indigo_029.png,Indigo,jeep,29,29,29,False,verified_source_pixels,source_video_counter,0,/home/fwromano/Documents/Code/experiments/VectorManifold/data/raw/video/sim2/Indigo.mp4,137,2.283333,dc2eb2de1b1e57b5411638eb5dc8fd98bc2ea7f560019364aabca41577b3096f
sim2_cropped/Indigo/Indigo_030.png,Indigo,jeep,30,30,30,False,verified_source_pixels,source_video_counter,0,/home/fwromano/Documents/Code/experiments/VectorManifold/data/raw/video/sim2/Indigo.mp4,148,2.466666,c45c9ef6c22c012f3df5ef1bd18605b50a84bedee3a6a38be653b217e96de442
sim2_cropped/Indigo/Indigo_031.png,Indigo,jeep,31,31,31,False,verified_source_pixels,source_video_counter,0,/home/fwromano/Documents/Code/experiments/VectorManifold/data/raw/video/sim2/Indigo.mp4,159,2.65,95fe375424c07e9809a9df155c3618246fc5dbf577f3a01ee0087ccb6173411d
sim2_cropped/Indigo/Indigo_032.png,Indigo,jeep,32,32,32,False,verified_source_pixels,source_video_counter,0,/home/fwromano/Documents/Code/experiments/VectorManifold/data/raw/video/sim2/Indigo.mp4,171,2.85,7fb57adde41515a23251a97c58c434b3e368066805e11aaa280824f4538f11ef
sim2_cropped/Indigo/Indigo_033.png,Indigo,jeep,33,33,33,False,verified_source_pixels,source_video_counter,0,/home/fwromano/Documents/Code/experiments/VectorManifold/data/raw/video/sim2/Indigo.mp4,188,3.133333,f686edd9421a61e6fbb83610c4dfd0293f2082f232dc7b1c2d0ef99e3b056219
sim2_cropped/Indigo/Indigo_037.png,Indigo,jeep,37,37,37,False,verified_source_pixels,source_video_counter,0,/home/fwromano/Documents/Code/experiments/VectorManifold/data/raw/video/sim2/Indigo.mp4,226,3.766666,5c5e3c7ec13ab485a6e8b7c34c6af1f7ea78481b859cbd6f3a80536466c66f88
sim2_cropped/Indigo/Indigo_038.png,Indigo,jeep,38,38,38,False,verified_source_pixels,source_video_counter,0,/home/fwromano/Documents/Code/experiments/VectorManifold/data/raw/video/sim2/Indigo.mp4,249,4.15,4fb7e33241a607aa255e239400393deb088fc46642933d172d4277e1388472ed
sim2_cropped/Indigo/Indigo_039.png,Indigo,jeep,39,39,39,False,verified_source_pixels,source_video_counter,0,/home/fwromano/Documents/Code/experiments/VectorManifold/data/raw/video/sim2/Indigo.mp4,260,4.333334,9b6ac1779827b88e4059b6cd05c219abe5c798a76e1d17cdb329ad60f1cca2de
sim2_cropped/Indigo/Indigo_040.png,Indigo,jeep,40,40,40,False,verified_source_pixels,source_video_counter,0,/home/fwromano/Documents/Code/experiments/VectorManifold/data/raw/video/sim2/Indigo.mp4,271,4.516667,8eaa42eb92df80c633c85c7398518baa9a279f3f7df36e13aeb79764238af770
sim2_cropped/Indigo/Indigo_041.png,Indigo,jeep,41,41,41,False,verified_source_pixels,source_video_counter,0,/home/fwromano/Documents/Code/experiments/VectorManifold/data/raw/video/sim2/Indigo.mp4,282,4.7,20291c0acb7d3fd002e513b00683f4cf07e895d38e6d6d6dbe7e98e5ebb0fc82
sim2_cropped/Indigo/Indigo_042.png,Indigo,jeep,42,42,42,False,verified_source_pixels,source_video_counter,0,/home/fwromano/Documents/Code/experiments/VectorManifold/data/raw/video/sim2/Indigo.mp4,294,4.9,d046bec1dcf78c2b54130f1a9d6dd34c2d9cfbcbad6cb627556860ba234c2033
sim2_cropped/Indigo/Indigo_043.png,Indigo,jeep,43,43,43,False,verified_source_pixels,source_video_counter,0,/home/fwromano/Documents/Code/experiments/VectorManifold/data/raw/video/sim2/Indigo.mp4,304,5.066667,3de5779c0c70ccafec38e6ffe6fd95c78a14f4ca32908ee073dc50e978142cae
sim2_cropped/Indigo/Indigo_044.png,Indigo,jeep,44,44,44,False,verified_source_pixels,source_video_counter,0,/home/fwromano/Documents/Code/experiments/VectorManifold/data/raw/video/sim2/Indigo.mp4,316,5.266667,8aeccfb5facef25aeaa7aea1d81a62d7bd7d37e39bc8a4d20b05f8871dd3a305
sim2_cropped/Indigo/Indigo_045.png,Indigo,jeep,45,45,45,False,verified_source_pixels,source_video_counter,0,/home/fwromano/Documents/Code/experiments/VectorManifold/data/raw/video/sim2/Indigo.mp4,328,5.466667,888d48fd801aaac11888125536dce3df94cc85d881db805c876ac0f0c86c65dc
sim2_cropped/Indigo/Indigo_046.png,Indigo,jeep,46,46,46,False,verified_source_pixels,source_video_counter,0,/home/fwromano/Documents/Code/experiments/VectorManifold/data/raw/video/sim2/Indigo.mp4,340,5.666667,b34d141bbb2f28d6666714411fa423b3402065d3f73f39c952dc807b12a26d59
sim2_cropped/Indigo/Indigo_047.png,Indigo,jeep,47,47,47,False,verified_source_pixels,source_video_counter,0,/home/fwromano/Documents/Code/experiments/VectorManifold/data/raw/video/sim2/Indigo.mp4,350,5.833333,bacf7081caccfbc3e6a51b1a01e11855dc6b10ea8663cc8fb0db972a2ebfdbb4
sim2_cropped/Indigo/Indigo_048.png,Indigo,jeep,48,48,48,False,verified_source_pixels,source_video_counter,0,/home/fwromano/Documents/Code/experiments/VectorManifold/data/raw/video/sim2/Indigo.mp4,367,6.116667,ce6b7e43aeec92be4a362756f9ba33a4e1e0b3b28283904e9f734b2bf316f46e
sim2_cropped/Indigo/Indigo_049.png,Indigo,jeep,49,49,49,False,verified_source_pixels,source_video_counter,0,/home/fwromano/Documents/Code/experiments/VectorManifold/data/raw/video/sim2/Indigo.mp4,379,6.316667,57750935871da15b5d40b926bb4c81f1996071d6ed559fc4d814ff1e93365871
sim2_cropped/Indigo/Indigo_050.png,Indigo,jeep,50,50,50,False,verified_source_pixels,source_video_counter,0,/home/fwromano/Documents/Code/experiments/VectorManifold/data/raw/video/sim2/Indigo.mp4,390,6.5,c7f63a7f70107d3c76b2cb0a09ac5afd68416e49598670ade9222177ea17ffa6
sim2_cropped/Indigo/Indigo_051.png,Indigo,jeep,51,51,51,False,verified_source_pixels,source_video_counter,0,/home/fwromano/Documents/Code/experiments/VectorManifold/data/raw/video/sim2/Indigo.mp4,400,6.666667,b6129b85d5c83728788a854a4d63dca593246d960fa36b5121030f354d8de87b
sim2_cropped/Indigo/Indigo_052.png,Indigo,jeep,52,52,52,False,verified_source_pixels,source_video_counter,0,/home/fwromano/Documents/Code/experiments/VectorManifold/data/raw/video/sim2/Indigo.mp4,412,6.866667,cea7b106cc7ee1c02694e6278868c3dbf0840b050f9c7706a288a87042e7efe7
sim2_cropped/Indigo/Indigo_053.png,Indigo,jeep,53,53,53,False,verified_source_pixels,source_video_counter,0,/home/fwromano/Documents/Code/experiments/VectorManifold/data/raw/video/sim2/Indigo.mp4,425,7.083333,4e7cf20ee833e0716047f7313853b882c90c22073a58469dd6d58240cbe78b12
sim2_cropped/Indigo/Indigo_054.png,Indigo,jeep,54,54,54,False,verified_source_pixels,source_video_counter,0,/home/fwromano/Documents/Code/experiments/VectorManifold/data/raw/video/sim2/Indigo.mp4,437,7.283333,751f1227d69da73f87c94b47d27c317afa0162cf81a000abb4bfb9c8ba53e61c
sim2_cropped/Indigo/Indigo_055.png,Indigo,jeep,55,55,55,False,verified_source_pixels,source_video_counter,0,/home/fwromano/Documents/Code/experiments/VectorManifold/data/raw/video/sim2/Indigo.mp4,443,7.383333,d3ef6dffc9dc6a7add89ee93c89333d2cf4e9efb5d1496ce374a1661c864aa59
sim2_cropped/Indigo/Indigo_056.png,Indigo,jeep,56,56,56,False,verified_source_pixels,source_video_counter,0,/home/fwromano/Documents/Code/experiments/VectorManifold/data/raw/video/sim2/Indigo.mp4,459,7.65,c4276b9967424818225324ffc2f1d75017ef82bec34da7ab880c88b778b13d77
sim2_cropped/Indigo/Indigo_057.png,Indigo,jeep,57,57,57,False,verified_source_pixels,source_video_counter,0,/home/fwromano/Documents/Code/experiments/VectorManifold/data/raw/video/sim2/Indigo.mp4,476,7.933333,931570e44fd3f469f3a0d66720450530f6d36aadb7470077157afaa58dc4f5e6
sim2_cropped/Indigo/Indigo_058.png,Indigo,jeep,53,53,58,True,verified_source_pixels,source_video_counter,0,/home/fwromano/Documents/Code/experiments/VectorManifold/data/raw/video/sim2/Indigo.mp4,431,7.183333,0fb13773b952d386bd987227f3dc901922ee8a754a91d6f7666d44a73e842351
sim2_cropped/Indigo/Indigo_059.png,Indigo,jeep,59,59,59,False,verified_source_pixels,source_video_counter,0,/home/fwromano/Documents/Code/experiments/VectorManifold/data/raw/video/sim2/Indigo.mp4,498,8.3,316d0a29a809a03d8318f61de9ca04b55766321beedfef84fcd303b0938f0a09
sim2_cropped/Indigo/Indigo_060.png,Indigo,jeep,60,60,60,False,verified_source_pixels,source_video_counter,0,/home/fwromano/Documents/Code/experiments/VectorManifold/data/raw/video/sim2/Indigo.mp4,509,8.483333,32394f09f0427a9a764979ee1ea5034bb22e51aa43bd9322e42cb2d886d4533e
sim2_cropped/Indigo/Indigo_061.png,Indigo,jeep,61,61,61,False,verified_source_pixels,source_video_counter,0,/home/fwromano/Documents/Code/experiments/VectorManifold/data/raw/video/sim2/Indigo.mp4,520,8.666666,1373980b5673bf1cabf388f8c420262d75fffc3e0ee498bae58ac942aba705fd
sim2_cropped/Indigo/Indigo_062.png,Indigo,jeep,62,62,62,False,verified_source_pixels,source_video_counter,0,/home/fwromano/Documents/Code/experiments/VectorManifold/data/raw/video/sim2/Indigo.mp4,531,8.85,41a527f0c4b7849cc4477938e82b293aae59fd8e0ae7ddd58d80789876824a2a
sim2_cropped/Indigo/Indigo_063.png,Indigo,jeep,63,63,63,False,verified_source_pixels,source_video_counter,0,/home/fwromano/Documents/Code/experiments/VectorManifold/data/raw/video/sim2/Indigo.mp4,549,9.15,112fd67bd23827074e8281862e6231153c68fa951d4fad23a126cda8d3d5c3da
sim2_cropped/Indigo/Indigo_064.png,Indigo,jeep,64,64,64,False,verified_source_pixels,source_video_counter,0,/home/fwromano/Documents/Code/experiments/VectorManifold/data/raw/video/sim2/Indigo.mp4,559,9.316667,09d60c87f8d40a808cebabecd9ccc25660c57677eac69146e6cbf212943ed334
sim2_cropped/Indigo/Indigo_065.png,Indigo,jeep,65,65,65,False,verified_source_pixels,source_video_counter,0,/home/fwromano/Documents/Code/experiments/VectorManifold/data/raw/video/sim2/Indigo.mp4,570,9.5,10f920c071b7ccd513850cb411646f912a98ece793be1e6f26db5652eae60dad
sim2_cropped/Indigo/Indigo_066.png,Indigo,jeep,66,66,66,False,verified_source_pixels,source_video_counter,0,/home/fwromano/Documents/Code/experiments/VectorManifold/data/raw/video/sim2/Indigo.mp4,582,9.7,b95cf78c6cd151dad1bbc018a785ed8651746b9b81365bb2a689e23c3f7f3c83
sim2_cropped/Indigo/Indigo_067.png,Indigo,jeep,67,67,67,False,verified_source_pixels,source_video_counter,0,/home/fwromano/Documents/Code/experiments/VectorManifold/data/raw/video/sim2/Indigo.mp4,593,9.883333,b10e6921bc358d4b6741c2edbdaa34b88c8f518fa79216ee8639365b790614d9
sim2_cropped/Indigo/Indigo_068.png,Indigo,jeep,63,63,68,True,verified_source_pixels,source_video_counter,0,/home/fwromano/Documents/Code/experiments/VectorManifold/data/raw/video/sim2/Indigo.mp4,554,9.233334,7db8440412da227e25fc9e7ee174677df60022b5b60446e3ede1fb459c297f9f
sim2_cropped/Indigo/Indigo_069.png,Indigo,jeep,69,69,69,False,verified_source_pixels,source_video_counter,0,/home/fwromano/Documents/Code/experiments/VectorManifold/data/raw/video/sim2/Indigo.mp4,615,10.25,e004efb3a2aa95839bac6a3180ae16e35a6d8c8c7ca077f855593af4f266d6e1
sim2_cropped/Indigo/Indigo_070.png,Indigo,jeep,70,70,70,False,verified_source_pixels,source_video_counter,0,/home/fwromano/Documents/Code/experiments/VectorManifold/data/raw/video/sim2/Indigo.mp4,632,10.533333,eea19eae0f86177ba5ad32c79141690cb9109cdbbd107e526d06db313d42c5e5
sim2_cropped/Indigo/Indigo_071.png,Indigo,jeep,71,71,71,False,verified_source_pixels,source_video_counter,0,/home/fwromano/Documents/Code/experiments/VectorManifold/data/raw/video/sim2/Indigo.mp4,643,10.716667,389f9a087410cf1dec98fb53d9b16782fbc695b43e2c1eea5b737a163a447854
sim2_cropped/Indigo/Indigo_072.png,Indigo,jeep,72,72,72,False,verified_source_pixels,source_video_counter,0,/home/fwromano/Documents/Code/experiments/VectorManifold/data/raw/video/sim2/Indigo.mp4,655,10.916667,a5db1f638d087251db795068cf1a511e084cbbf073df1e4097168bb6025c64a7
sim2_cropped/Indigo/Indigo_073.png,Indigo,jeep,73,73,73,False,verified_source_pixels,source_video_counter,0,/home/fwromano/Documents/Code/experiments/VectorManifold/data/raw/video/sim2/Indigo.mp4,665,11.083333,26ec233e7353f58bab7e92403ee2c0d6fcba60dbb5b299b45d657c6062e93705
sim2_cropped/Indigo/Indigo_074.png,Indigo,jeep,74,74,74,False,verified_source_pixels,source_video_counter,0,/home/fwromano/Documents/Code/experiments/VectorManifold/data/raw/video/sim2/Indigo.mp4,677,11.283333,a3a075f3abb65e469f2f2a72dcdf1676d918ec63cb05bc4af409710b92116341
sim2_cropped/Indigo/Indigo_075.png,Indigo,jeep,75,75,75,False,verified_source_pixels,source_video_counter,0,/home/fwromano/Documents/Code/experiments/VectorManifold/data/raw/video/sim2/Indigo.mp4,688,11.466666,b0259b157379fab9e14610014a67ecc92dd08f67f91f22b315bafdcc37ce2713
sim2_cropped/Indigo/Indigo_076.png,Indigo,jeep,76,76,76,False,verified_source_pixels,source_video_counter,0,/home/fwromano/Documents/Code/experiments/VectorManifold/data/raw/video/sim2/Indigo.mp4,700,11.666666,732056fd99c721611c0a8a49a929cb508e787116fdb223a5e0024074ba65d785
sim2_cropped/Indigo/Indigo_077.png,Indigo,jeep,77,77,77,False,verified_source_pixels,source_video_counter,0,/home/fwromano/Documents/Code/experiments/VectorManifold/data/raw/video/sim2/Indigo.mp4,717,11.95,e323095bbe002e1f61c387bd05a4f7c296d788cf790d26d1c7989b6e626c552a
sim2_cropped/Indigo/Indigo_078.png,Indigo,jeep,73,73,78,True,verified_source_pixels,source_video_counter,0,/home/fwromano/Documents/Code/experiments/VectorManifold/data/raw/video/sim2/Indigo.mp4,672,11.2,db87eeba69c0ce4eff3a04171390c942f80b788eba8b5922d5016268150394a9
sim2_cropped/Indigo/Indigo_079.png,Indigo,jeep,79,79,79,False,verified_source_pixels,source_video_counter,0,/home/fwromano/Documents/Code/experiments/VectorManifold/data/raw/video/sim2/Indigo.mp4,741,12.35,37e4cbf89b84aa43bf5c58a2818432a175b7d5400b721fcee5223843d802853e
sim2_cropped/Indigo/Indigo_080.png,Indigo,jeep,80,80,80,False,verified_source_pixels,source_video_counter,0,/home/fwromano/Documents/Code/experiments/VectorManifold/data/raw/video/sim2/Indigo.mp4,751,12.516667,9ea18e1cfc069f6045d192e35ddd97bdd91ff8e85e1680e048b7c8d005dadce3
sim2_cropped/Indigo/Indigo_081.png,Indigo,jeep,81,81,81,False,verified_source_pixels,source_video_counter,0,/home/fwromano/Documents/Code/experiments/VectorManifold/data/raw/video/sim2/Indigo.mp4,763,12.716667,12817681a7590d793418c8bb40d7cb3c4ca785acf52d843596532651ca335cd3
sim2_cropped/Indigo/Indigo_082.png,Indigo,jeep,82,82,82,False,verified_source_pixels,source_video_counter,0,/home/fwromano/Documents/Code/experiments/VectorManifold/data/raw/video/sim2/Indigo.mp4,774,12.9,41e24c6b6d072f5a4622b51a7f2b80ad905b8bd819c1960c18ef6a6d845beb1a
sim2_cropped/Indigo/Indigo_083.png,Indigo,jeep,83,83,83,False,verified_source_pixels,source_video_counter,0,/home/fwromano/Documents/Code/experiments/VectorManifold/data/raw/video/sim2/Indigo.mp4,786,13.1,641027501c50097b633c77d308a8380e1568814da95d1a339e5ddf33328f01e2
sim2_cropped/Indigo/Indigo_084.png,Indigo,jeep,34,34,84,True,verified_source_pixels,source_video_counter,0,/home/fwromano/Documents/Code/experiments/VectorManifold/data/raw/video/sim2/Indigo.mp4,198,3.3,79f0f8b0627ac532622beecf1382390e2db881d613eb2cfc45f0f9759b8d0a09
sim2_cropped/Indigo/Indigo_085.png,Indigo,jeep,35,35,85,True,verified_source_pixels,source_video_counter,0,/home/fwromano/Documents/Code/experiments/VectorManifold/data/raw/video/sim2/Indigo.mp4,209,3.483333,3c494e4cd9c87032f1d2de0647db1e6ef08163082282e94f5348753549c36313
sim2_cropped/Indigo/Indigo_086.png,Indigo,jeep,36,36,86,True,verified_source_pixels,source_video_counter,0,/home/fwromano/Documents/Code/experiments/VectorManifold/data/raw/video/sim2/Indigo.mp4,221,3.683333,92eef4c1c281bb3bb32be60de193da059f94ef37fba9563d42a07c1b00fd4c4d
sim2_cropped/Indigo/Indigo_087.png,Indigo,jeep,87,87,87,False,verified_source_pixels,source_video_counter,0,/home/fwromano/Documents/Code/experiments/VectorManifold/data/raw/video/sim2/Indigo.mp4,837,13.95,2edbcf38381f34aaa899c4aaa473415fc5ba5dfe9f9e27548c32b7e000828898
sim2_cropped/Indigo/Indigo_088.png,Indigo,jeep,33,33,88,True,verified_source_pixels,source_video_counter,0,/home/fwromano/Documents/Code/experiments/VectorManifold/data/raw/video/sim2/Indigo.mp4,193,3.216667,169fb37ca9f10f4d5402227f062228073d502e5f7a464e75c9ced45659f21592
sim2_cropped/Indigo/Indigo_089.png,Indigo,jeep,39,39,89,True,verified_source_pixels,source_video_counter,0,/home/fwromano/Documents/Code/experiments/VectorManifold/data/raw/video/sim2/Indigo.mp4,266,4.433333,e77a623ff5b2582599b748d91f68a6c6eb854dbe666d2778bc6a555aa51270d6
sim2_cropped/Indigo/Indigo_090.png,Indigo,jeep,90,90,90,False,verified_source_pixels,source_video_counter,0,/home/fwromano/Documents/Code/experiments/VectorManifold/data/raw/video/sim2/Indigo.mp4,870,14.5,351584e04819ee1daf4d500efbb72b704081dd9720641616a81e3ad93f562b7f
sim2_cropped/Indigo/Indigo_091.png,Indigo,jeep,91,91,91,False,verified_source_pixels,source_video_counter,0,/home/fwromano/Documents/Code/experiments/VectorManifold/data/raw/video/sim2/Indigo.mp4,882,14.7,1df3a5a92dcf9f42b4adadccd0c0d7e677aac38a3b4b4dae92630a18e9e6b14a
sim2_cropped/Indigo/Indigo_092.png,Indigo,jeep,92,92,92,False,verified_source_pixels,source_video_counter,0,/home/fwromano/Documents/Code/experiments/VectorManifold/data/raw/video/sim2/Indigo.mp4,893,14.883333,04e30683ac96c65163d1a343f0be1facb0f9a56214574b057508a3571938e95c
sim2_cropped/Indigo/Indigo_093.png,Indigo,jeep,93,93,93,False,verified_source_pixels,source_video_counter,0,/home/fwromano/Documents/Code/experiments/VectorManifold/data/raw/video/sim2/Indigo.mp4,904,15.066667,c5966b4df3de0a855dbb6baf47b015d5241062689850d51a3558069228e8e628
sim2_cropped/Indigo/Indigo_094.png,Indigo,jeep,94,94,94,False,verified_source_pixels,source_video_counter,0,/home/fwromano/Documents/Code/experiments/VectorManifold/data/raw/video/sim2/Indigo.mp4,921,15.35,3559520c7ccefb6a3c26fa97d5330ec38ca6d1b4a726710dd64c70133831c61c
sim2_cropped/Indigo/Indigo_095.png,Indigo,jeep,95,95,95,False,verified_source_pixels,source_video_counter,0,/home/fwromano/Documents/Code/experiments/VectorManifold/data/raw/video/sim2/Indigo.mp4,933,15.55,591d1369ea705168f022834116670f00f891949d98c466e6e2289eb64c507235
sim2_cropped/Indigo/Indigo_096.png,Indigo,jeep,96,96,96,False,verified_source_pixels,source_video_counter,0,/home/fwromano/Documents/Code/experiments/VectorManifold/data/raw/video/sim2/Indigo.mp4,944,15.733334,5b7c1f34f450d545029277a1f867a44824820a19718a27797e02ef65a04d3a11
sim2_cropped/Indigo/Indigo_097.png,Indigo,jeep,97,97,97,False,verified_source_pixels,source_video_counter,0,/home/fwromano/Documents/Code/experiments/VectorManifold/data/raw/video/sim2/Indigo.mp4,955,15.916667,8236893e7fd8d9838e298a67615d696bf1a08f9bfae233ddc6f02a74cf5321e5
sim2_cropped/Indigo/Indigo_098.png,Indigo,jeep,93,93,98,True,verified_source_pixels,source_video_counter,0,/home/fwromano/Documents/Code/experiments/VectorManifold/data/raw/video/sim2/Indigo.mp4,915,15.25,e4a3aa96a1ac2e39136608c9f79db4f1a052ba089d57cf06828675b3fe49c6a1
sim2_cropped/Indigo/Indigo_099.png,Indigo,jeep,99,99,99,False,verified_source_pixels,source_video_counter,0,/home/fwromano/Documents/Code/experiments/VectorManifold/data/raw/video/sim2/Indigo.mp4,979,16.316667,2b90baf6859cd18d686fdcbcc5ed73d2cd766df1040e33e8b9b320ef2e477136
sim2_cropped/Indigo/Indigo_100.png,Indigo,jeep,100,100,100,False,verified_source_pixels,source_video_counter,0,/home/fwromano/Documents/Code/experiments/VectorManifold/data/raw/video/sim2/Indigo.mp4,989,16.483333,d67216eab3f07e9c857354f319770cebfbea816deea54b2689b2ca1f57231c08
sim2_cropped/Indigo/Indigo_101.png,Indigo,jeep,101,101,101,False,verified_source_pixels,source_video_counter,0,/home/fwromano/Documents/Code/experiments/VectorManifold/data/raw/video/sim2/Indigo.mp4,1001,16.683333,d32d98486305a4d41b222e2ea0cb9b519479e112067a85b803d33826fe6401ae
sim2_cropped/Indigo/Indigo_102.png,Indigo,jeep,102,102,102,False,verified_source_pixels,source_video_counter,0,/home/fwromano/Documents/Code/experiments/VectorManifold/data/raw/video/sim2/Indigo.mp4,1012,16.866666,adb4225661488f92e500eb893a086d8ead680d7280a38e183078b5e188cd9c60
sim2_cropped/Indigo/Indigo_103.png,Indigo,jeep,103,103,103,False,verified_source_pixels,source_video_counter,0,/home/fwromano/Documents/Code/experiments/VectorManifold/data/raw/video/sim2/Indigo.mp4,1023,17.05,aced44d6b734ff866f0d88cc09e99d8d595ade44a4562282d577fae7c6722cf9
sim2_cropped/Indigo/Indigo_104.png,Indigo,jeep,104,104,104,False,verified_source_pixels,source_video_counter,0,/home/fwromano/Documents/Code/experiments/VectorManifold/data/raw/video/sim2/Indigo.mp4,1040,17.333333,74777e847be212870eae55b81ca703d7ca0168f9bb25e1f89ac3b192be17af53
sim2_cropped/Indigo/Indigo_105.png,Indigo,jeep,105,105,105,False,verified_source_pixels,source_video_counter,0,/home/fwromano/Documents/Code/experiments/VectorManifold/data/raw/video/sim2/Indigo.mp4,1051,17.516667,7cd9b3ad173dd7c4d2502e97108626eddc968689f06184cabd9d319049d25f1b
sim2_cropped/Indigo/Indigo_106.png,Indigo,jeep,106,106,106,False,verified_source_pixels,source_video_counter,0,/home/fwromano/Documents/Code/experiments/VectorManifold/data/raw/video/sim2/Indigo.mp4,1062,17.7,aa99aa0c75f937d6917b428137e95dc640c857e9383aa67f739d9f1f48165c55
sim2_cropped/Indigo/Indigo_107.png,Indigo,jeep,107,107,107,False,verified_source_pixels,source_video_counter,0,/home/fwromano/Documents/Code/experiments/VectorManifold/data/raw/video/sim2/Indigo.mp4,1073,17.883333,35afb13464c2c9ccd0a61196409b356e802d83180106824501cb875131cb4de4
sim2_cropped/Indigo/Indigo_108.png,Indigo,jeep,103,103,108,True,verified_source_pixels,source_video_counter,0,/home/fwromano/Documents/Code/experiments/VectorManifold/data/raw/video/sim2/Indigo.mp4,1034,17.233334,caf66677e98881e22e6ac393d04ad4f0b2f62d9187ee69f34180313a3cb320e9
sim2_cropped/Indigo/Indigo_109.png,Indigo,jeep,109,109,109,False,verified_source_pixels,source_video_counter,0,/home/fwromano/Documents/Code/experiments/VectorManifold/data/raw/video/sim2/Indigo.mp4,1095,18.25,1239fc0c31f619900cfe856d5acb49bdbbd319cf1abeae0bfe350964cfe0a7ef
sim2_cropped/Indigo/Indigo_110.png,Indigo,jeep,110,110,110,False,verified_source_pixels,source_video_counter,0,/home/fwromano/Documents/Code/experiments/VectorManifold/data/raw/video/sim2/Indigo.mp4,1112,18.533333,72b767baa9508457135adcebab5a0ba0a6b9e211d0b5c20bbc62977438be8c14
sim2_cropped/Indigo/Indigo_111.png,Indigo,jeep,111,111,111,False,verified_source_pixels,source_video_counter,0,/home/fwromano/Documents/Code/experiments/VectorManifold/data/raw/video/sim2/Indigo.mp4,1123,18.716667,f7aa060aa13f2a34711bc09ae55b9f4873f7039ecfb14ae532df4fdd0e25ed57
sim2_cropped/Indigo/Indigo_112.png,Indigo,jeep,112,112,112,False,verified_source_pixels,source_video_counter,0,/home/fwromano/Documents/Code/experiments/VectorManifold/data/raw/video/sim2/Indigo.mp4,1134,18.9,da46e781e3ac051f968ab6afddd98c2295d44b22a5bca5c5354ad3af29301b41
sim2_cropped/Indigo/Indigo_113.png,Indigo,jeep,113,113,113,False,verified_source_pixels,source_video_counter,0,/home/fwromano/Documents/Code/experiments/VectorManifold/data/raw/video/sim2/Indigo.mp4,1145,19.083333,c70c6d72c9b7cb8dc60669054d9f173c8a0da4e9ae30395d4765ee4a9d3478fa
sim2_cropped/Indigo/Indigo_114.png,Indigo,jeep,114,114,114,False,verified_source_pixels,source_video_counter,0,/home/fwromano/Documents/Code/experiments/VectorManifold/data/raw/video/sim2/Indigo.mp4,1157,19.283333,9de0da1e955cbae073245b0fc53fb1ca05201222aed9ab9800727758097a7ede
sim2_cropped/Indigo/Indigo_115.png,Indigo,jeep,115,115,115,False,verified_source_pixels,source_video_counter,0,/home/fwromano/Documents/Code/experiments/VectorManifold/data/raw/video/sim2/Indigo.mp4,1174,19.566667,fac3a4e162404a9d2d482e74424e0ff1dcd6f86c715b28f9dd06c3ee568e4524
sim2_cropped/Indigo/Indigo_116.png,Indigo,jeep,116,116,116,False,verified_source_pixels,source_video_counter,0,/home/fwromano/Documents/Code/experiments/VectorManifold/data/raw/video/sim2/Indigo.mp4,1179,19.65,94875fc3ff964261b5a8c705ae6430ac4cce8159c3d49adb3b4c227421b9bca6
sim2_cropped/Indigo/Indigo_117.png,Indigo,jeep,117,117,117,False,verified_source_pixels,source_video_counter,0,/home/fwromano/Documents/Code/experiments/VectorManifold/data/raw/video/sim2/Indigo.mp4,1195,19.916667,0fa630f1b603a1601988a7df926fbcb962aef4ac2e5809fc418f1d2a5d6ce261
sim2_cropped/Indigo/Indigo_118.png,Indigo,jeep,113,113,118,True,verified_source_pixels,source_video_counter,0,/home/fwromano/Documents/Code/experiments/VectorManifold/data/raw/video/sim2/Indigo.mp4,1151,19.183333,682a969eaac72b675d19f45068ef0db8b158cb42895bee15f0987a21f279d350
sim2_cropped/Indigo/Indigo_119.png,Indigo,jeep,119,119,119,False,verified_source_pixels,source_video_counter,0,/home/fwromano/Documents/Code/experiments/VectorManifold/data/raw/video/sim2/Indigo.mp4,1218,20.3,d96ea557384e80078e1b21a37a79d187e8a2d1125c5aa3701f8916f3cccdc85c
sim2_cropped/Indigo/Indigo_120.png,Indigo,jeep,120,120,120,False,verified_source_pixels,source_video_counter,0,/home/fwromano/Documents/Code/experiments/VectorManifold/data/raw/video/sim2/Indigo.mp4,1230,20.5,87c44aa468579dfe5a531eccb33bacb3470307fb3722844c73f4f383ef0fa05c
sim2_cropped/Indigo/Indigo_121.png,Indigo,jeep,121,121,121,False,verified_source_pixels,source_video_counter,0,/home/fwromano/Documents/Code/experiments/VectorManifold/data/raw/video/sim2/Indigo.mp4,1240,20.666667,8530af5989fb4955d160f3b46d6ce3bfa8ab44d07624363c4dcf57f64e50904f
sim2_cropped/Indigo/Indigo_122.png,Indigo,jeep,122,122,122,False,verified_source_pixels,source_video_counter,0,/home/fwromano/Documents/Code/experiments/VectorManifold/data/raw/video/sim2/Indigo.mp4,1252,20.866667,f8b7b046038d6c9389ef4c10fdea42c324ae2546d9f119cbde01865c40eb2726
sim2_cropped/Indigo/Indigo_123.png,Indigo,jeep,123,123,123,False,verified_source_pixels,source_video_counter,0,/home/fwromano/Documents/Code/experiments/VectorManifold/data/raw/video/sim2/Indigo.mp4,1263,21.05,ed396bcf62c4ac4bd3b4035e12f6c1d9c726008961a2d2083760ead7d81f5013
sim2_cropped/Indigo/Indigo_124.png,Indigo,jeep,124,124,124,False,verified_source_pixels,source_video_counter,0,/home/fwromano/Documents/Code/experiments/VectorManifold/data/raw/video/sim2/Indigo.mp4,1280,21.333334,7590bc9c9b17673d18e7cd8ff40c8bf2082a5bb9246225b4e48aaf57269804af
sim2_cropped/Indigo/Indigo_125.png,Indigo,jeep,125,125,125,False,verified_source_pixels,source_video_counter,0,/home/fwromano/Documents/Code/experiments/VectorManifold/data/raw/video/sim2/Indigo.mp4,1291,21.516667,be6b319a2afb530b6e18f21c699e30bdb132ea5663b79a4c00172191dec73cfe
sim2_cropped/Indigo/Indigo_126.png,Indigo,jeep,126,126,126,False,verified_source_pixels,source_video_counter,0,/home/fwromano/Documents/Code/experiments/VectorManifold/data/raw/video/sim2/Indigo.mp4,1303,21.716667,585e321fe0d7c2cc5c2a17981dd9157d14d394a4eaec5cb9f196ef2e43775cb7
sim2_cropped/Indigo/Indigo_127.png,Indigo,jeep,127,127,127,False,verified_source_pixels,source_video_counter,0,/home/fwromano/Documents/Code/experiments/VectorManifold/data/raw/video/sim2/Indigo.mp4,1313,21.883333,4efd6873e396182dfaa93e343951f050644e11238e1e9b8c4a0782064c88a3d3
sim2_cropped/Indigo/Indigo_128.png,Indigo,jeep,123,123,128,True,verified_source_pixels,source_video_counter,0,/home/fwromano/Documents/Code/experiments/VectorManifold/data/raw/video/sim2/Indigo.mp4,1274,21.233333,fd450f7c437462db5a3bcd0cf51d5ae2da6ba53c967c8be4779dc982c6d28140
sim2_cropped/Indigo/Indigo_129.png,Indigo,jeep,129,129,129,False,verified_source_pixels,source_video_counter,0,/home/fwromano/Documents/Code/experiments/VectorManifold/data/raw/video/sim2/Indigo.mp4,1336,22.266667,368b26857ffe7b52f64ddadd1cb9f934bb1d2d83aa6977177253f97fe2051bc0
sim2_cropped/Indigo/Indigo_130.png,Indigo,jeep,130,130,130,False,verified_source_pixels,source_video_counter,0,/home/fwromano/Documents/Code/experiments/VectorManifold/data/raw/video/sim2/Indigo.mp4,1348,22.466667,34b07dade691451ccd878ab0e0d583fe48eb73b885c233daf33ce3c6736666e9
sim2_cropped/Indigo/Indigo_131.png,Indigo,jeep,131,131,131,False,verified_source_pixels,source_video_counter,0,/home/fwromano/Documents/Code/experiments/VectorManifold/data/raw/video/sim2/Indigo.mp4,1364,22.733334,f944d52d57e38c791ae5d55932ee496210e34266f706718884168f36c07254c2
sim2_cropped/Indigo/Indigo_132.png,Indigo,jeep,132,132,132,False,verified_source_pixels,source_video_counter,0,/home/fwromano/Documents/Code/experiments/VectorManifold/data/raw/video/sim2/Indigo.mp4,1375,22.916667,0b8d3cb117df90855febab2b0c8ab0ae48a3293d80d9323a405f0ab9c66ea30d
sim2_cropped/Indigo/Indigo_133.png,Indigo,jeep,133,133,133,False,verified_source_pixels,source_video_counter,0,/home/fwromano/Documents/Code/experiments/VectorManifold/data/raw/video/sim2/Indigo.mp4,1386,23.1,69d7e2b6042debc222dc91f5d8fe6b9f3a12c870a07baaff51a4b0fe38987afc
sim2_cropped/Indigo/Indigo_134.png,Indigo,jeep,134,134,134,False,verified_source_pixels,source_video_counter,0,/home/fwromano/Documents/Code/experiments/VectorManifold/data/raw/video/sim2/Indigo.mp4,1398,23.3,63afe75ec73bd9b868b7ddf29548d9d71fb30dfc0a6761fdead4d8cacd35d408
sim2_cropped/Indigo/Indigo_135.png,Indigo,jeep,135,135,135,False,verified_source_pixels,source_video_counter,0,/home/fwromano/Documents/Code/experiments/VectorManifold/data/raw/video/sim2/Indigo.mp4,1408,23.466667,4c149085712819f7299624fba05f62a65a07e9579f15f05ea2357288ca8c32c6
sim2_cropped/Indigo/Indigo_136.png,Indigo,jeep,136,136,136,False,verified_source_pixels,source_video_counter,0,/home/fwromano/Documents/Code/experiments/VectorManifold/data/raw/video/sim2/Indigo.mp4,1420,23.666667,54960d816da398532a53aac127be1f0bc463057d6ec63dba235592d5992d1b76
sim2_cropped/Indigo/Indigo_137.png,Indigo,jeep,137,137,137,False,verified_source_pixels,source_video_counter,0,/home/fwromano/Documents/Code/experiments/VectorManifold/data/raw/video/sim2/Indigo.mp4,1436,23.933334,1d35b09c5e494a9dc6b4cb402e834b9cf0a7e1f2a5dc813612745ad5f2644f0f
sim2_cropped/Indigo/Indigo_138.png,Indigo,jeep,133,133,138,True,verified_source_pixels,source_video_counter,0,/home/fwromano/Documents/Code/experiments/VectorManifold/data/raw/video/sim2/Indigo.mp4,1391,23.183333,5054106563269602efa767f5013e51f1a1a74d1d7b60e0eb3ef94397420b2a09
sim2_cropped/Indigo/Indigo_139.png,Indigo,jeep,139,139,139,False,verified_source_pixels,source_video_counter,0,/home/fwromano/Documents/Code/experiments/VectorManifold/data/raw/video/sim2/Indigo.mp4,1459,24.316667,341e13cc59a92d25e7ff5069610fa2925c58931cda76f87d275cc693b47d0504
sim2_cropped/Indigo/Indigo_140.png,Indigo,jeep,140,140,140,False,verified_source_pixels,source_video_counter,0,/home/fwromano/Documents/Code/experiments/VectorManifold/data/raw/video/sim2/Indigo.mp4,1471,24.516667,b4e576c564bdbe9654d174ccb3af9eae3358fd660375b8b92f5de88b2f51601b
sim2_cropped/Indigo/Indigo_141.png,Indigo,jeep,141,141,141,False,verified_source_pixels,source_video_counter,0,/home/fwromano/Documents/Code/experiments/VectorManifold/data/raw/video/sim2/Indigo.mp4,1482,24.7,b62b3fd3b7438b7e75b79151e2fe6e2679bcfb430aa0e514c223c2cb7360653b
sim2_cropped/Indigo/Indigo_142.png,Indigo,jeep,142,142,142,False,verified_source_pixels,source_video_counter,0,/home/fwromano/Documents/Code/experiments/VectorManifold/data/raw/video/sim2/Indigo.mp4,1493,24.883333,6c51fe922b96b7b6928445e24c5a13dacc2126d203f107641d347d0552c9e748
sim2_cropped/Indigo/Indigo_143.png,Indigo,jeep,143,143,143,False,verified_source_pixels,source_video_counter,0,/home/fwromano/Documents/Code/experiments/VectorManifold/data/raw/video/sim2/Indigo.mp4,1504,25.066666,7cc1c62628465ff0f3de5c6f5024667ce38ffc65e624aabcab319144a791cc4b
sim2_cropped/Indigo/Indigo_144.png,Indigo,jeep,144,144,144,False,verified_source_pixels,source_video_counter,0,/home/fwromano/Documents/Code/experiments/VectorManifold/data/raw/video/sim2/Indigo.mp4,1515,25.25,15b6dac64be82b0844350dfa5cd6bc8bffcdabd2b25a745d0a91e1aa2962f8f6
sim2_cropped/Indigo/Indigo_145.png,Indigo,jeep,145,145,145,False,verified_source_pixels,source_video_counter,0,/home/fwromano/Documents/Code/experiments/VectorManifold/data/raw/video/sim2/Indigo.mp4,1533,25.55,6ac49ed78b5a4a6bf10796de9e33bd30cb76b62e304e8c12e619b0b2d76ec547
sim2_cropped/Indigo/Indigo_146.png,Indigo,jeep,146,146,146,False,verified_source_pixels,source_video_counter,0,/home/fwromano/Documents/Code/experiments/VectorManifold/data/raw/video/sim2/Indigo.mp4,1544,25.733333,5b06725374461b35938e009860519d3e645c0982171588904cbec93022a261db
sim2_cropped/Indigo/Indigo_147.png,Indigo,jeep,147,147,147,False,verified_source_pixels,source_video_counter,0,/home/fwromano/Documents/Code/experiments/VectorManifold/data/raw/video/sim2/Indigo.mp4,1555,25.916667,eeb75530f5655d727593a4302a592158ba4ca1a13ce652268024b0d9986d5d37
sim2_cropped/Indigo/Indigo_148.png,Indigo,jeep,148,148,148,False,verified_source_pixels,source_video_counter,0,/home/fwromano/Documents/Code/experiments/VectorManifold/data/raw/video/sim2/Indigo.mp4,1567,26.116667,b58b7f9074a78ebdc5016e943d4ea50137d2bdde82239e98bfa0a2a02b3aac24
sim2_cropped/Indigo/Indigo_149.png,Indigo,jeep,149,149,149,False,verified_source_pixels,source_video_counter,0,/home/fwromano/Documents/Code/experiments/VectorManifold/data/raw/video/sim2/Indigo.mp4,1578,26.3,e454a9d39ce555e1ed3c02a6e16b50a65d1bcb9fd8d72dfbb89a32c2082d0cdc
sim2_cropped/Indigo/Indigo_150.png,Indigo,jeep,150,150,150,False,verified_source_pixels,source_video_counter,0,/home/fwromano/Documents/Code/experiments/VectorManifold/data/raw/video/sim2/Indigo.mp4,1590,26.5,867ba68ab1e742dd2c79125b9f1b60086650c8ab877bd4b764103813fd7c1e56
sim2_cropped/Indigo/Indigo_151.png,Indigo,jeep,151,151,151,False,verified_source_pixels,source_video_counter,0,/home/fwromano/Documents/Code/experiments/VectorManifold/data/raw/video/sim2/Indigo.mp4,1601,26.683333,3570fcb5f5696124a848f9d2ae4208065b957b10e88dccefc30c1194f3464af6
sim2_cropped/Indigo/Indigo_152.png,Indigo,jeep,152,152,152,False,verified_source_pixels,source_video_counter,0,/home/fwromano/Documents/Code/experiments/VectorManifold/data/raw/video/sim2/Indigo.mp4,1612,26.866666,e08133f9f5cf5bf0f17a0fbb3a6c983c903ef199e1ff2330bfea3f9bf31a31ec
sim2_cropped/Indigo/Indigo_154.png,Indigo,jeep,154,154,154,False,verified_source_pixels,source_video_counter,0,/home/fwromano/Documents/Code/experiments/VectorManifold/data/raw/video/sim2/Indigo.mp4,1640,27.333333,ce6a5e4cc99ec02b4cbc7e509853172b9de1fa5912b542265ec98cc31ff7ad0d
sim2_cropped/Indigo/Indigo_155.png,Indigo,jeep,155,155,155,False,verified_source_pixels,source_video_counter,0,/home/fwromano/Documents/Code/experiments/VectorManifold/data/raw/video/sim2/Indigo.mp4,1651,27.516667,3eaf4b62c38a80f7a8e6eddcdb8580b4553a0616bb6c87fdb064bbf9cb3b11a8
sim2_cropped/Indigo/Indigo_156.png,Indigo,jeep,156,156,156,False,verified_source_pixels,source_video_counter,0,/home/fwromano/Documents/Code/experiments/VectorManifold/data/raw/video/sim2/Indigo.mp4,1663,27.716667,581b60ad4e4411868c89894040a606403d41774b3e64d6a9bc56d9a9c6f0d817
sim2_cropped/Indigo/Indigo_157.png,Indigo,jeep,157,157,157,False,verified_source_pixels,source_video_counter,0,/home/fwromano/Documents/Code/experiments/VectorManifold/data/raw/video/sim2/Indigo.mp4,1674,27.9,6ee5f27c7ff9c26231e7affeec9f9e87186ae0c7ab05c986e43bf7839a2d7972
sim2_cropped/Indigo/Indigo_158.png,Indigo,jeep,153,153,158,True,verified_source_pixels,source_video_counter,0,/home/fwromano/Documents/Code/experiments/VectorManifold/data/raw/video/sim2/Indigo.mp4,1628,27.133333,1a48e0a9648ba625e8f6348a65716d38435246f4a129b68abf579076db6ed8d4
sim2_cropped/Indigo/Indigo_159.png,Indigo,jeep,159,159,159,False,verified_source_pixels,source_video_counter,0,/home/fwromano/Documents/Code/experiments/VectorManifold/data/raw/video/sim2/Indigo.mp4,1696,28.266666,a9ea7a83ba28746129ce4a52b58d518f0df1a9f758729da989ae26d549bda738
sim2_cropped/Indigo/Indigo_160.png,Indigo,jeep,160,160,160,False,verified_source_pixels,source_video_counter,0,/home/fwromano/Documents/Code/experiments/VectorManifold/data/raw/video/sim2/Indigo.mp4,1713,28.55,b98ccbe2ec0106c26aa5b4a5b5a3c9f6c702fd55b818060487a9706c33db89f9
sim2_cropped/Indigo/Indigo_161.png,Indigo,jeep,161,161,161,False,verified_source_pixels,source_video_counter,0,/home/fwromano/Documents/Code/experiments/VectorManifold/data/raw/video/sim2/Indigo.mp4,1724,28.733334,e9c07cd753acb704669f390a9cef8310aa9cc1802ed04dd8343a9f70890f9e81
sim2_cropped/Indigo/Indigo_162.png,Indigo,jeep,162,162,162,False,verified_source_pixels,source_video_counter,0,/home/fwromano/Documents/Code/experiments/VectorManifold/data/raw/video/sim2/Indigo.mp4,1736,28.933334,8889d3a303912604cfc515e94aca25c9faf87a9430cb719a000890c6df5ec021
sim2_cropped/Indigo/Indigo_163.png,Indigo,jeep,163,163,163,False,verified_source_pixels,source_video_counter,0,/home/fwromano/Documents/Code/experiments/VectorManifold/data/raw/video/sim2/Indigo.mp4,1746,29.1,6a67c1066ab23f58226e697bdc3967de486260c50bcfbb1ec9c35c2b64a191bd
sim2_cropped/Indigo/Indigo_164.png,Indigo,jeep,164,164,164,False,verified_source_pixels,source_video_counter,0,/home/fwromano/Documents/Code/experiments/VectorManifold/data/raw/video/sim2/Indigo.mp4,1758,29.3,db221ed437f0d55a4c5453b3e0fa53570e10bb46ea6c6704875dbbb2c3ca1999
sim2_cropped/Indigo/Indigo_165.png,Indigo,jeep,165,165,165,False,verified_source_pixels,source_video_counter,0,/home/fwromano/Documents/Code/experiments/VectorManifold/data/raw/video/sim2/Indigo.mp4,1769,29.483333,f29cae205b9cb1ab4568d8676e55297fe53103280625b52ccbffc326586fdd20
sim2_cropped/Indigo/Indigo_166.png,Indigo,jeep,166,166,166,False,verified_source_pixels,source_video_counter,0,/home/fwromano/Documents/Code/experiments/VectorManifold/data/raw/video/sim2/Indigo.mp4,1780,29.666667,64740996a8d71e0c9fca5d4330b042f884eba8d304c5669d3e76d0b4ba891535
sim2_cropped/Indigo/Indigo_167.png,Indigo,jeep,167,167,167,False,verified_source_pixels,source_video_counter,0,/home/fwromano/Documents/Code/experiments/VectorManifold/data/raw/video/sim2/Indigo.mp4,1797,29.95,9e61c716bf5d34bcbf581bfb17c64c3ee6f5d435ca855523bc5acb083b414843
sim2_cropped/Indigo/Indigo_168.png,Indigo,jeep,163,163,168,True,verified_source_pixels,source_video_counter,0,/home/fwromano/Documents/Code/experiments/VectorManifold/data/raw/video/sim2/Indigo.mp4,1752,29.2,7bbb810868cbfc87abb0c46b02690057dbc9d6009076c7bd283eb8e7188e960f
sim2_cropped/Indigo/Indigo_169.png,Indigo,jeep,169,169,169,False,verified_source_pixels,source_video_counter,0,/home/fwromano/Documents/Code/experiments/VectorManifold/data/raw/video/sim2/Indigo.mp4,1820,30.333334,9723df35764d0bf0e02c05c019aab59595cf899bb2ca87f542e97276b57c62f4
sim2_cropped/Indigo/Indigo_170.png,Indigo,jeep,170,170,170,False,verified_source_pixels,source_video_counter,0,/home/fwromano/Documents/Code/experiments/VectorManifold/data/raw/video/sim2/Indigo.mp4,1831,30.516667,01dd4d6726f21e026b270497a8a56ca87c81288ece51c0336f5e356dd5974c0d
sim2_cropped/Indigo/Indigo_171.png,Indigo,jeep,171,171,171,False,verified_source_pixels,source_video_counter,0,/home/fwromano/Documents/Code/experiments/VectorManifold/data/raw/video/sim2/Indigo.mp4,1842,30.7,e3d32bc3ccb012589b05f8407739c4c197ff8ee543793fa90cc3a080153b496f
sim2_cropped/Indigo/Indigo_172.png,Indigo,jeep,172,172,172,False,verified_source_pixels,source_video_counter,0,/home/fwromano/Documents/Code/experiments/VectorManifold/data/raw/video/sim2/Indigo.mp4,1853,30.883333,74bfd1b011633c318c16c608239379cd9e580fae71b1d989b3a6488221d5d91a
sim2_cropped/Indigo/Indigo_173.png,Indigo,jeep,173,173,173,False,verified_source_pixels,source_video_counter,0,/home/fwromano/Documents/Code/experiments/VectorManifold/data/raw/video/sim2/Indigo.mp4,1864,31.066667,7484ff9e7ba53faa7c391e56a0436fb63962c0c770f10f81299e278321810b15
sim2_cropped/Indigo/Indigo_174.png,Indigo,jeep,174,174,174,False,verified_source_pixels,source_video_counter,0,/home/fwromano/Documents/Code/experiments/VectorManifold/data/raw/video/sim2/Indigo.mp4,1882,31.366666,5f9b4744c4f26688306fad33231ece371f7c4bc7c4d910df86411109e956df17
sim2_cropped/Indigo/Indigo_175.png,Indigo,jeep,175,175,175,False,verified_source_pixels,source_video_counter,0,/home/fwromano/Documents/Code/experiments/VectorManifold/data/raw/video/sim2/Indigo.mp4,1887,31.45,5b5cb8991bb0ae2b79edad9e8a54b2bc99af138735f3569315ffed6d344ec890
sim2_cropped/Indigo/Indigo_176.png,Indigo,jeep,176,176,176,False,verified_source_pixels,source_video_counter,0,/home/fwromano/Documents/Code/experiments/VectorManifold/data/raw/video/sim2/Indigo.mp4,1905,31.75,81c43ae122bcd36487f010347ba3d4447a43d08d31e04ed2354595631dd27a9b
sim2_cropped/Indigo/Indigo_177.png,Indigo,jeep,177,177,177,False,verified_source_pixels,source_video_counter,0,/home/fwromano/Documents/Code/experiments/VectorManifold/data/raw/video/sim2/Indigo.mp4,1915,31.916667,7d8dc805a7bcf9f811f6251e19ac1e16223a274fee463020d5a5c2bfcd1b1ec3
sim2_cropped/Indigo/Indigo_178.png,Indigo,jeep,173,173,178,True,verified_source_pixels,source_video_counter,0,/home/fwromano/Documents/Code/experiments/VectorManifold/data/raw/video/sim2/Indigo.mp4,1870,31.166666,260059ebdc7b5247f30ef7931d4269473b879d2637cd382e41b3bcd23d67affd
sim2_cropped/Indigo/Indigo_179.png,Indigo,jeep,179,179,179,False,verified_source_pixels,source_video_counter,0,/home/fwromano/Documents/Code/experiments/VectorManifold/data/raw/video/sim2/Indigo.mp4,1938,32.3,415ad91bae74b627493154c6c7fb9b4a945e7abe5615234976f4b664e479c628
sim2_cropped/Indigo/Indigo_180.png,Indigo,jeep,180,180,180,False,verified_source_pixels,source_video_counter,0,/home/fwromano/Documents/Code/experiments/VectorManifold/data/raw/video/sim2/Indigo.mp4,1950,32.5,c398665eb863c40d53f06413f6e093fe898166ce6ceb807a8656df68a3a16723
sim2_cropped/Indigo/Indigo_181.png,Indigo,jeep,181,181,181,False,verified_source_pixels,source_video_counter,0,/home/fwromano/Documents/Code/experiments/VectorManifold/data/raw/video/sim2/Indigo.mp4,1961,32.683333,59654419d81324792ebea149484f9a1a5a1b81cfd9ae598712d2d9106a22e230
sim2_cropped/Indigo/Indigo_182.png,Indigo,jeep,182,182,182,False,verified_source_pixels,source_video_counter,0,/home/fwromano/Documents/Code/experiments/VectorManifold/data/raw/video/sim2/Indigo.mp4,1972,32.866667,af444e5273dcf223e503212c696ab75ac7122994ef969cbdc63cbe98434aac51
sim2_cropped/Indigo/Indigo_183.png,Indigo,jeep,183,183,183,False,verified_source_pixels,source_video_counter,0,/home/fwromano/Documents/Code/experiments/VectorManifold/data/raw/video/sim2/Indigo.mp4,1989,33.15,2b8cade8121083e43162856bd73aed3105fa38b016eb22714ab039282f5e6db7
sim2_cropped/Indigo/Indigo_184.png,Indigo,jeep,184,184,184,False,verified_source_pixels,source_video_counter,0,/home/fwromano/Documents/Code/experiments/VectorManifold/data/raw/video/sim2/Indigo.mp4,2001,33.35,73cb8392fe2e3e750cef743495ee3fb93a625a482d9c226d730ca3109b8f4d1b
sim2_cropped/Indigo/Indigo_185.png,Indigo,jeep,185,185,185,False,verified_source_pixels,source_video_counter,0,/home/fwromano/Documents/Code/experiments/VectorManifold/data/raw/video/sim2/Indigo.mp4,2012,33.533333,0fc4c79f2194655b13fed6f057e49ff4fe5ff9caa3343a4e3461068291f4642e
sim2_cropped/Indigo/Indigo_186.png,Indigo,jeep,186,186,186,False,verified_source_pixels,source_video_counter,0,/home/fwromano/Documents/Code/experiments/VectorManifold/data/raw/video/sim2/Indigo.mp4,2024,33.733333,d45a653896644fa921d23b004d5dc0ed6ed4c64e608c5afc5c7da7104eb6e773
sim2_cropped/Indigo/Indigo_187.png,Indigo,jeep,187,187,187,False,verified_source_pixels,source_video_counter,0,/home/fwromano/Documents/Code/experiments/VectorManifold/data/raw/video/sim2/Indigo.mp4,2034,33.9,28268affb5f9f374f2b51256e0ec313ea15d5fa77ea944e60612dabd879b97e3
sim2_cropped/Indigo/Indigo_188.png,Indigo,jeep,183,183,188,True,verified_source_pixels,source_video_counter,0,/home/fwromano/Documents/Code/experiments/VectorManifold/data/raw/video/sim2/Indigo.mp4,1995,33.25,95de56f75fa92926a4ebe4b2a2f696f50a508827f7452c8154d9794c5ba2cae7
sim2_cropped/Indigo/Indigo_189.png,Indigo,jeep,139,139,189,True,verified_source_pixels,source_video_counter,0,/home/fwromano/Documents/Code/experiments/VectorManifold/data/raw/video/sim2/Indigo.mp4,1465,24.416667,dbcb08dcb33e9bd68d5f4e2d3cce4393a9d8a35b99f0ef844ade9b6c9dfea42b
sim2_cropped/Indigo/Indigo_190.png,Indigo,jeep,190,190,190,False,verified_source_pixels,source_video_counter,0,/home/fwromano/Documents/Code/experiments/VectorManifold/data/raw/video/sim2/Indigo.mp4,2068,34.466666,bebc77b09c7bff93c11c5ebd6e0a18f3ceeaabfaa51f003c4a798a43cc883fa9
sim2_cropped/Indigo/Indigo_191.png,Indigo,jeep,191,191,191,False,verified_source_pixels,source_video_counter,0,/home/fwromano/Documents/Code/experiments/VectorManifold/data/raw/video/sim2/Indigo.mp4,2085,34.75,7fa3742a97c6de4bb27f1288d63ee2a3153e67687c424515578e4a1b2dbdb823
sim2_cropped/Indigo/Indigo_192.png,Indigo,jeep,192,192,192,False,verified_source_pixels,source_video_counter,0,/home/fwromano/Documents/Code/experiments/VectorManifold/data/raw/video/sim2/Indigo.mp4,2097,34.95,f7fded433abbeaa2720b7116603a60ea59122e2da2e05e06f1893aeedff0057a
sim2_cropped/Indigo/Indigo_193.png,Indigo,jeep,193,193,193,False,verified_source_pixels,source_video_counter,0,/home/fwromano/Documents/Code/experiments/VectorManifold/data/raw/video/sim2/Indigo.mp4,2107,35.116667,5a3f1907b91663335ba248d4e135db42c8a8da87c519057ee1eb8138fe958170
sim2_cropped/Indigo/Indigo_195.png,Indigo,jeep,195,195,195,False,verified_source_pixels,source_video_counter,0,/home/fwromano/Documents/Code/experiments/VectorManifold/data/raw/video/sim2/Indigo.mp4,2118,35.3,c217568ec5704943978d18fd9f69c1fc1a489ef11eda0d029199ea67ed517bd8
sim2_cropped/Indigo/Indigo_196.png,Indigo,jeep,196,196,196,False,verified_source_pixels,source_video_counter,0,/home/fwromano/Documents/Code/experiments/VectorManifold/data/raw/video/sim2/Indigo.mp4,2140,35.666666,183ddfd821933da927767cfa0af1b6729581c1714b350b6160b7935443c5769c
sim2_cropped/Indigo/Indigo_197.png,Indigo,jeep,197,197,197,False,verified_source_pixels,source_video_counter,0,/home/fwromano/Documents/Code/experiments/VectorManifold/data/raw/video/sim2/Indigo.mp4,2152,35.866666,cbd308e2b2a7da65c5effb127ec4116f4df23177e3d368c328a5e19639d598d6
sim2_cropped/Indigo/Indigo_198.png,Indigo,jeep,193,193,198,True,verified_source_pixels,source_video_counter,0,/home/fwromano/Documents/Code/experiments/VectorManifold/data/raw/video/sim2/Indigo.mp4,2113,35.216667,0b096a2f5d2d054e5d91d2dd45f36c7a3df130e33ccfe1c0ae5cafb6b191ae89
sim2_cropped/Indigo/Indigo_199.png,Indigo,jeep,199,199,199,False,verified_source_pixels,source_video_counter,0,/home/fwromano/Documents/Code/experiments/VectorManifold/data/raw/video/sim2/Indigo.mp4,2181,36.35,67872ec0f9d75f9692b1883e3f5b05cd9ad30caaa05413e3c6c3722cf3ff4ce2
sim2_cropped/Indigo/Indigo_200.png,Indigo,jeep,200,200,200,False,verified_source_pixels,source_video_counter,0,/home/fwromano/Documents/Code/experiments/VectorManifold/data/raw/video/sim2/Indigo.mp4,2193,36.55,ea108160ce07ebe37c25c3a33e2c7adcce9f7d0e52e11a1bcfa6d8aac93ede1e
sim2_cropped/Indigo/Indigo_201.png,Indigo,jeep,201,201,201,False,verified_source_pixels,source_video_counter,0,/home/fwromano/Documents/Code/experiments/VectorManifold/data/raw/video/sim2/Indigo.mp4,2204,36.733333,9f8f36cdc8d46195f8444538179e16ecc077c1b3f05dd21305ab206e433d1e56
sim2_cropped/Indigo/Indigo_202.png,Indigo,jeep,202,202,202,False,verified_source_pixels,source_video_counter,0,/home/fwromano/Documents/Code/experiments/VectorManifold/data/raw/video/sim2/Indigo.mp4,2216,36.933333,619944dcd4e62321bf4ae02a8de81e1e161ec6e0b67b58fd4266ed82a50c46fa
sim2_cropped/Indigo/Indigo_203.png,Indigo,jeep,203,203,203,False,verified_source_pixels,source_video_counter,0,/home/fwromano/Documents/Code/experiments/VectorManifold/data/raw/video/sim2/Indigo.mp4,2226,37.1,3132b599a2cb99603469762f928aedd9a71cee9e2acd1c445c7bedf24f94f48f
sim2_cropped/Indigo/Indigo_204.png,Indigo,jeep,204,204,204,False,verified_source_pixels,source_video_counter,0,/home/fwromano/Documents/Code/experiments/VectorManifold/data/raw/video/sim2/Indigo.mp4,2238,37.3,3535ed860627f29c978802cf10cf0c9225f8ed0b68c31c65c3247d402b7bb94e
sim2_cropped/Indigo/Indigo_205.png,Indigo,jeep,205,205,205,False,verified_source_pixels,source_video_counter,0,/home/fwromano/Documents/Code/experiments/VectorManifold/data/raw/video/sim2/Indigo.mp4,2249,37.483333,f458ad69024b6162cf957ea60d9f12c618b5b37242a56eb8075fdfd081a3ac57
sim2_cropped/Indigo/Indigo_206.png,Indigo,jeep,206,206,206,False,verified_source_pixels,source_video_counter,0,/home/fwromano/Documents/Code/experiments/VectorManifold/data/raw/video/sim2/Indigo.mp4,2261,37.683333,67c3f714193802168fc3c73834c9ba51012864389b6f31ffc3584966390ef46c
sim2_cropped/Indigo/Indigo_207.png,Indigo,jeep,207,207,207,False,verified_source_pixels,source_video_counter,0,/home/fwromano/Documents/Code/experiments/VectorManifold/data/raw/video/sim2/Indigo.mp4,2272,37.866667,98d3942d0f4ae2d4dbf0b0877e6714d5dcb558e27bdbb8c882a3c19c2267af11
sim2_cropped/Indigo/Indigo_208.png,Indigo,jeep,203,203,208,True,verified_source_pixels,source_video_counter,0,/home/fwromano/Documents/Code/experiments/VectorManifold/data/raw/video/sim2/Indigo.mp4,2233,37.216667,c3160bc7004836795e04af11f506290252627cdfecdfd33875448f9a2e865bc8
sim2_cropped/Indigo/Indigo_209.png,Indigo,jeep,209,209,209,False,verified_source_pixels,source_video_counter,0,/home/fwromano/Documents/Code/experiments/VectorManifold/data/raw/video/sim2/Indigo.mp4,2301,38.35,ad63cd2378653807971f38fe08e1a237f351f8a7b3c1a0df521d1ee09fced5cd
sim2_cropped/Indigo/Indigo_210.png,Indigo,jeep,210,210,210,False,verified_source_pixels,source_video_counter,0,/home/fwromano/Documents/Code/experiments/VectorManifold/data/raw/video/sim2/Indigo.mp4,2313,38.55,f9544d5a2e77799a8df8015ac62d858c1df8365b18e6e0dc87b6a4c55eb42b1b
sim2_cropped/Indigo/Indigo_211.png,Indigo,jeep,211,211,211,False,verified_source_pixels,source_video_counter,0,/home/fwromano/Documents/Code/experiments/VectorManifold/data/raw/video/sim2/Indigo.mp4,2318,38.633333,fabcedc59e5409151aa95efb1ad45a9df3dd0c9e8d303fcad934e98ea2eba157
sim2_cropped/Indigo/Indigo_212.png,Indigo,jeep,212,212,212,False,verified_source_pixels,source_video_counter,0,/home/fwromano/Documents/Code/experiments/VectorManifold/data/raw/video/sim2/Indigo.mp4,2336,38.933334,d0476f7e0f84ca015d4367a677caafaa9ee046acdba4a07de0e5372ed2da6a6c
sim2_cropped/Indigo/Indigo_213.png,Indigo,jeep,213,213,213,False,verified_source_pixels,source_video_counter,0,/home/fwromano/Documents/Code/experiments/VectorManifold/data/raw/video/sim2/Indigo.mp4,2348,39.133334,7f79bcfea76a4e775331fe6d2d472dd227ce4e2ff3252da566fe588d4ab9db51
sim2_cropped/Indigo/Indigo_214.png,Indigo,jeep,214,214,214,False,verified_source_pixels,source_video_counter,0,/home/fwromano/Documents/Code/experiments/VectorManifold/data/raw/video/sim2/Indigo.mp4,2358,39.3,f88c6ef6384448d2936edc9c8cd54d6924ed8a9b0dff89e4642635c58a1acc84
sim2_cropped/Indigo/Indigo_215.png,Indigo,jeep,215,215,215,False,verified_source_pixels,source_video_counter,0,/home/fwromano/Documents/Code/experiments/VectorManifold/data/raw/video/sim2/Indigo.mp4,2370,39.5,66bb5b0d78aa9b724a9f2c96bda7b5bbfff81d39d4f952a85d1ab332a1a55ca1
sim2_cropped/Indigo/Indigo_216.png,Indigo,jeep,216,216,216,False,verified_source_pixels,source_video_counter,0,/home/fwromano/Documents/Code/experiments/VectorManifold/data/raw/video/sim2/Indigo.mp4,2381,39.683333,81e94fbcfcc962c8e13eee2465c8f5bcfc0a019166cfb05cb04d0b9e749511d3
sim2_cropped/Indigo/Indigo_217.png,Indigo,jeep,217,217,217,False,verified_source_pixels,source_video_counter,0,/home/fwromano/Documents/Code/experiments/VectorManifold/data/raw/video/sim2/Indigo.mp4,2392,39.866667,4e64e874e58611949d52e45f6eb7aefdc7cd92d387dec36f34f29fb00a0097ef
sim2_cropped/Indigo/Indigo_218.png,Indigo,jeep,213,213,218,True,verified_source_pixels,source_video_counter,0,/home/fwromano/Documents/Code/experiments/VectorManifold/data/raw/video/sim2/Indigo.mp4,2353,39.216667,d5dc0b7f43ebae41adf70f32d51a72a5ba3793f25ca33f2c9128fea432794e8a
sim2_cropped/Indigo/Indigo_219.png,Indigo,jeep,219,219,219,False,verified_source_pixels,source_video_counter,0,/home/fwromano/Documents/Code/experiments/VectorManifold/data/raw/video/sim2/Indigo.mp4,2421,40.35,9e7ed7f030082f96f55e308dfb92aa2ac521aa63ed1d13888b5dc5ff79846bde
sim2_cropped/Indigo/Indigo_220.png,Indigo,jeep,220,220,220,False,verified_source_pixels,source_video_counter,0,/home/fwromano/Documents/Code/experiments/VectorManifold/data/raw/video/sim2/Indigo.mp4,2432,40.533334,ef9801f504f63312f53a5ff70603142816255e3ba4e032ddfa155971535c0680
sim2_cropped/Indigo/Indigo_221.png,Indigo,jeep,221,221,221,False,verified_source_pixels,source_video_counter,0,/home/fwromano/Documents/Code/experiments/VectorManifold/data/raw/video/sim2/Indigo.mp4,2443,40.716667,cc2c91ac89485b22d655b21f25c8c9a328effdea91f003ed733114f48ab73cc2
sim2_cropped/Indigo/Indigo_222.png,Indigo,jeep,222,222,222,False,verified_source_pixels,source_video_counter,0,/home/fwromano/Documents/Code/experiments/VectorManifold/data/raw/video/sim2/Indigo.mp4,2454,40.9,3e3eaa6f79af1134839f5ce94ce8aca8a69e76fab0d11b093c8040ecaf3c93c8
sim2_cropped/Indigo/Indigo_223.png,Indigo,jeep,223,223,223,False,verified_source_pixels,source_video_counter,0,/home/fwromano/Documents/Code/experiments/VectorManifold/data/raw/video/sim2/Indigo.mp4,2466,41.1,7316271da08406cfa38337d0f9d9728443cf9077aa8386fd3e41a3188c27eff9
sim2_cropped/Indigo/Indigo_224.png,Indigo,jeep,224,224,224,False,verified_source_pixels,source_video_counter,0,/home/fwromano/Documents/Code/experiments/VectorManifold/data/raw/video/sim2/Indigo.mp4,2477,41.283333,73e3be163a380ae3d31ec1361a41cab8c8dce220be565981c59dfad58133d589
sim2_cropped/Indigo/Indigo_225.png,Indigo,jeep,225,225,225,False,verified_source_pixels,source_video_counter,0,/home/fwromano/Documents/Code/experiments/VectorManifold/data/raw/video/sim2/Indigo.mp4,2488,41.466666,e3533b638d61918c6e9c66c1ee5d1f911c901318358f4b34408a7c66f233a367
sim2_cropped/Indigo/Indigo_226.png,Indigo,jeep,226,226,226,False,verified_source_pixels,source_video_counter,0,/home/fwromano/Documents/Code/experiments/VectorManifold/data/raw/video/sim2/Indigo.mp4,2505,41.75,b82789aa59095feb8057d8538911ec73c5d91d3e46e6adef06957b9420fb7666
sim2_cropped/Indigo/Indigo_227.png,Indigo,jeep,227,227,227,False,verified_source_pixels,source_video_counter,0,/home/fwromano/Documents/Code/experiments/VectorManifold/data/raw/video/sim2/Indigo.mp4,2517,41.95,5225555005bb9311b653730ce44855912e7780038723790f315ef4cc9ed7e5b0
sim2_cropped/Indigo/Indigo_228.png,Indigo,jeep,223,223,228,True,verified_source_pixels,source_video_counter,0,/home/fwromano/Documents/Code/experiments/VectorManifold/data/raw/video/sim2/Indigo.mp4,2471,41.183333,4c09288681039dd6fdb92b98fe5fa2beb3f76118794735d0c44d852c21ff9dc4
sim2_cropped/Indigo/Indigo_229.png,Indigo,jeep,229,229,229,False,verified_source_pixels,source_video_counter,0,/home/fwromano/Documents/Code/experiments/VectorManifold/data/raw/video/sim2/Indigo.mp4,2539,42.316667,55d92f76f5b722f902d25ba72807df79f8faeab1906b4cfbe8525a2fb0a4d4aa
sim2_cropped/Indigo/Indigo_230.png,Indigo,jeep,230,230,230,False,verified_source_pixels,source_video_counter,0,/home/fwromano/Documents/Code/experiments/VectorManifold/data/raw/video/sim2/Indigo.mp4,2550,42.5,f39de9f977109418074c04c719813358ed3441b59a46523ebd2a5bfe99bd03f4
sim2_cropped/Indigo/Indigo_231.png,Indigo,jeep,231,231,231,False,verified_source_pixels,source_video_counter,0,/home/fwromano/Documents/Code/experiments/VectorManifold/data/raw/video/sim2/Indigo.mp4,2561,42.683333,8683d4e6939e6fc66827bf9a6dbc916627a658930daf4b4fc383adc5d319e839
sim2_cropped/Indigo/Indigo_232.png,Indigo,jeep,232,232,232,False,verified_source_pixels,source_video_counter,0,/home/fwromano/Documents/Code/experiments/VectorManifold/data/raw/video/sim2/Indigo.mp4,2572,42.866666,c8b38ed0fe7ec9e7ee8ba847c32598a587260c993c3bf8e5f4f1d157a492d161
sim2_cropped/Indigo/Indigo_233.png,Indigo,jeep,233,233,233,False,verified_source_pixels,source_video_counter,0,/home/fwromano/Documents/Code/experiments/VectorManifold/data/raw/video/sim2/Indigo.mp4,2590,43.166667,878ed478b1d0c2b0a544ed0f6433168fd0c17bd9d46e366b96918ab7e07e8cd5
sim2_cropped/Indigo/Indigo_234.png,Indigo,jeep,234,234,234,False,verified_source_pixels,source_video_counter,0,/home/fwromano/Documents/Code/experiments/VectorManifold/data/raw/video/sim2/Indigo.mp4,2601,43.35,95089035ce2c32622d75f83dc56c13993f30ac34244730d167275292d3960f01
sim2_cropped/Indigo/Indigo_235.png,Indigo,jeep,235,235,235,False,verified_source_pixels,source_video_counter,0,/home/fwromano/Documents/Code/experiments/VectorManifold/data/raw/video/sim2/Indigo.mp4,2612,43.533333,902231139a9163f917d9957f442c0356521f2b182ce8a0348334739025c6a9bf
sim2_cropped/Indigo/Indigo_236.png,Indigo,jeep,236,236,236,False,verified_source_pixels,source_video_counter,0,/home/fwromano/Documents/Code/experiments/VectorManifold/data/raw/video/sim2/Indigo.mp4,2623,43.716667,b46db317ddabe98e6fc87c795834031352d0a8f6508c8dea374a7e9fd2848b00
sim2_cropped/Indigo/Indigo_237.png,Indigo,jeep,237,237,237,False,verified_source_pixels,source_video_counter,0,/home/fwromano/Documents/Code/experiments/VectorManifold/data/raw/video/sim2/Indigo.mp4,2635,43.916667,530a4802a9e567817e84f8bc5177c7f0edf574e2fd66f7c8abd559134166d1eb
sim2_cropped/Indigo/Indigo_238.png,Indigo,jeep,233,233,238,True,verified_source_pixels,source_video_counter,0,/home/fwromano/Documents/Code/experiments/VectorManifold/data/raw/video/sim2/Indigo.mp4,2595,43.25,a888558bd4e3932af165383ae8ca7279c007d9915399257976654e215a5ab8db
sim2_cropped/Indigo/Indigo_239.png,Indigo,jeep,239,239,239,False,verified_source_pixels,source_video_counter,0,/home/fwromano/Documents/Code/experiments/VectorManifold/data/raw/video/sim2/Indigo.mp4,2657,44.283333,ed4270e1bc301c3df98c1219c9d7e65e46d557ef648307baaf4c127e43430169
sim2_cropped/Indigo/Indigo_240.png,Indigo,jeep,240,240,240,False,verified_source_pixels,source_video_counter,0,/home/fwromano/Documents/Code/experiments/VectorManifold/data/raw/video/sim2/Indigo.mp4,2668,44.466666,2e0d255eb2dc4c564ecd8ca751d850e6238777bf991bc928417d602aac61ff09
sim2_cropped/Indigo/Indigo_241.png,Indigo,jeep,241,241,241,False,verified_source_pixels,source_video_counter,0,/home/fwromano/Documents/Code/experiments/VectorManifold/data/raw/video/sim2/Indigo.mp4,2679,44.65,6ee022bc6e4319724069304071de735126466b6d8d7954b08c942c3bc229b43b
sim2_cropped/Indigo/Indigo_242.png,Indigo,jeep,242,242,242,False,verified_source_pixels,source_video_counter,0,/home/fwromano/Documents/Code/experiments/VectorManifold/data/raw/video/sim2/Indigo.mp4,2696,44.933333,878e094667229e03804eb5a1b5d8a29baa0145d121ff93459895fa57f4c272ec
sim2_cropped/Indigo/Indigo_243.png,Indigo,jeep,243,243,243,False,verified_source_pixels,source_video_counter,0,/home/fwromano/Documents/Code/experiments/VectorManifold/data/raw/video/sim2/Indigo.mp4,2708,45.133333,e7c7bdf66445a59c3bc5bd11bbda7fe0ab225c82fed8f5d825d53a154101e18e
sim2_cropped/Indigo/Indigo_244.png,Indigo,jeep,244,244,244,False,verified_source_pixels,source_video_counter,0,/home/fwromano/Documents/Code/experiments/VectorManifold/data/raw/video/sim2/Indigo.mp4,2719,45.316667,dd755e9c62634e8e00e3baeb25b39369c7765b85cdda7143f7df042ac1c56fb3
sim2_cropped/Indigo/Indigo_245.png,Indigo,jeep,245,245,245,False,verified_source_pixels,source_video_counter,0,/home/fwromano/Documents/Code/experiments/VectorManifold/data/raw/video/sim2/Indigo.mp4,2730,45.5,b5afae2203834755bcb137df2258d617f63c767443e74f004e6f05d210be1c5f
sim2_cropped/Indigo/Indigo_246.png,Indigo,jeep,246,246,246,False,verified_source_pixels,source_video_counter,0,/home/fwromano/Documents/Code/experiments/VectorManifold/data/raw/video/sim2/Indigo.mp4,2742,45.7,0be9042cbe549fdf755d3aa5f8f363469492982ff70e251f9fb5da0bf594eeda
sim2_cropped/Indigo/Indigo_247.png,Indigo,jeep,247,247,247,False,verified_source_pixels,source_video_counter,0,/home/fwromano/Documents/Code/experiments/VectorManifold/data/raw/video/sim2/Indigo.mp4,2752,45.866667,7ebabb9f1c3b7168cae3592d6a832ab0c4b8518f65f682d84ddb3c8e1b28f888
sim2_cropped/Indigo/Indigo_248.png,Indigo,jeep,243,243,248,True,verified_source_pixels,source_video_counter,0,/home/fwromano/Documents/Code/experiments/VectorManifold/data/raw/video/sim2/Indigo.mp4,2713,45.216667,7d355efc192101fcb36e832fb9550e9ecdad248f4ad198909190c9d7de3acb37
sim2_cropped/Indigo/Indigo_249.png,Indigo,jeep,249,249,249,False,verified_source_pixels,source_video_counter,0,/home/fwromano/Documents/Code/experiments/VectorManifold/data/raw/video/sim2/Indigo.mp4,2781,46.35,ab021a60940e8650c9375fbfc6d815fb6800503f3df0d30c819573b37765a4ca
sim2_cropped/Indigo/Indigo_250.png,Indigo,jeep,250,250,250,False,verified_source_pixels,source_video_counter,0,/home/fwromano/Documents/Code/experiments/VectorManifold/data/raw/video/sim2/Indigo.mp4,2792,46.533334,cd6536b3eb0cc5283581f6c5fc1e6d696580de4df83f7285d8dcd118eaa8ae2b
sim2_cropped/Indigo/Indigo_251.png,Indigo,jeep,251,251,251,False,verified_source_pixels,source_video_counter,0,/home/fwromano/Documents/Code/experiments/VectorManifold/data/raw/video/sim2/Indigo.mp4,2804,46.733334,b4e0350a2ad461db94f4b03732acf6c40b028e27bc5e40603a321690c5acfc40
sim2_cropped/Indigo/Indigo_252.png,Indigo,jeep,252,252,252,False,verified_source_pixels,source_video_counter,0,/home/fwromano/Documents/Code/experiments/VectorManifold/data/raw/video/sim2/Indigo.mp4,2815,46.916667,b3a6ef6732860afab4e9ab95157c72242b8d607d0fd81dbe76f6c7625a415285
sim2_cropped/Indigo/Indigo_253.png,Indigo,jeep,253,253,253,False,verified_source_pixels,source_video_counter,0,/home/fwromano/Documents/Code/experiments/VectorManifold/data/raw/video/sim2/Indigo.mp4,2827,47.116667,2a0b6621e5d120892ced1c08372c675338ef63b400220f49882bafb6e489cb27
sim2_cropped/Indigo/Indigo_254.png,Indigo,jeep,254,254,254,False,verified_source_pixels,source_video_counter,0,/home/fwromano/Documents/Code/experiments/VectorManifold/data/raw/video/sim2/Indigo.mp4,2838,47.3,40c7fbdf74db25fcc41c628587c8d6c4933744a2f2c46d912f0bab3db12d7bca
sim2_cropped/Indigo/Indigo_255.png,Indigo,jeep,255,255,255,False,verified_source_pixels,source_video_counter,0,/home/fwromano/Documents/Code/experiments/VectorManifold/data/raw/video/sim2/Indigo.mp4,2849,47.483333,83020970b007bd7f8729edc874578ecdc6fc12397885081a22d7b7171b5ba2de
sim2_cropped/Indigo/Indigo_256.png,Indigo,jeep,256,256,256,False,verified_source_pixels,source_video_counter,0,/home/fwromano/Documents/Code/experiments/VectorManifold/data/raw/video/sim2/Indigo.mp4,2861,47.683333,06d80da8b7d0ed5e384f349ed88afbecd44a9519df84c0dd50daa6dd45635ab9
sim2_cropped/Indigo/Indigo_257.png,Indigo,jeep,257,257,257,False,verified_source_pixels,source_video_counter,0,/home/fwromano/Documents/Code/experiments/VectorManifold/data/raw/video/sim2/Indigo.mp4,2873,47.883333,18f40f9dcfe5fbb2afc946e46fad7c844185a26aff254f0d5371b19b4067d014
sim2_cropped/Indigo/Indigo_258.png,Indigo,jeep,253,253,258,True,verified_source_pixels,source_video_counter,0,/home/fwromano/Documents/Code/experiments/VectorManifold/data/raw/video/sim2/Indigo.mp4,2832,47.2,3c809290e7bd4c96bf3f5eea279a8ab7eccd4ea68a31932634601857c4c9a70a
sim2_cropped/Indigo/Indigo_259.png,Indigo,jeep,259,259,259,False,verified_source_pixels,source_video_counter,0,/home/fwromano/Documents/Code/experiments/VectorManifold/data/raw/video/sim2/Indigo.mp4,2900,48.333334,c415e585214df6028ff9402d41c13cea20c6bb9f0af7dde0cb2cb0ad4be27aec
sim2_cropped/Indigo/Indigo_260.png,Indigo,jeep,260,260,260,False,verified_source_pixels,source_video_counter,0,/home/fwromano/Documents/Code/experiments/VectorManifold/data/raw/video/sim2/Indigo.mp4,2911,48.516667,a81a6c07d113232f94054f5d24a48af7ec2caf50f705751ea7b62956d9204ffe
sim2_cropped/Indigo/Indigo_261.png,Indigo,jeep,261,261,261,False,verified_source_pixels,source_video_counter,0,/home/fwromano/Documents/Code/experiments/VectorManifold/data/raw/video/sim2/Indigo.mp4,2923,48.716667,a5d6aed242656e499ed64c65e398f3d6929b9e5c8245602f9a5cbcb2f52d9fc3
sim2_cropped/Indigo/Indigo_262.png,Indigo,jeep,262,262,262,False,verified_source_pixels,source_video_counter,0,/home/fwromano/Documents/Code/experiments/VectorManifold/data/raw/video/sim2/Indigo.mp4,2934,48.9,0b120f11741c6ba2bcae3c858f7e74f570be508dc556ac49e3604c39c899e9a1
sim2_cropped/Indigo/Indigo_263.png,Indigo,jeep,263,263,263,False,verified_source_pixels,source_video_counter,0,/home/fwromano/Documents/Code/experiments/VectorManifold/data/raw/video/sim2/Indigo.mp4,2951,49.183333,817c875cafa9427545aa2503c0f56096cda47927dcc7a7cb852aeab8ae512457
sim2_cropped/Indigo/Indigo_264.png,Indigo,jeep,264,264,264,False,verified_source_pixels,source_video_counter,0,/home/fwromano/Documents/Code/experiments/VectorManifold/data/raw/video/sim2/Indigo.mp4,2957,49.283333,caa9a70624823411752463c95410feffee77101c46a49e2f6b6c4d3c99e7df41
sim2_cropped/Indigo/Indigo_265.png,Indigo,jeep,265,265,265,False,verified_source_pixels,source_video_counter,0,/home/fwromano/Documents/Code/experiments/VectorManifold/data/raw/video/sim2/Indigo.mp4,2968,49.466667,7d64f037b9f1b9d86ca50ea2d1b0a3a0aa07e76782082571d5514637e2f54d85
sim2_cropped/Indigo/Indigo_266.png,Indigo,jeep,266,266,266,False,verified_source_pixels,source_video_counter,0,/home/fwromano/Documents/Code/experiments/VectorManifold/data/raw/video/sim2/Indigo.mp4,2984,49.733333,decec15557cca98f7374da198f076d4bd1e0ce1ef52683eba4566001264b0bb9
sim2_cropped/Indigo/Indigo_267.png,Indigo,jeep,267,267,267,False,verified_source_pixels,source_video_counter,0,/home/fwromano/Documents/Code/experiments/VectorManifold/data/raw/video/sim2/Indigo.mp4,2996,49.933333,6cc874d86acc814f6ac201eada6b1dd0525859f4513ad8499e2cc6be638579ba
sim2_cropped/Indigo/Indigo_268.png,Indigo,jeep,268,268,268,False,verified_source_pixels,source_video_counter,0,/home/fwromano/Documents/Code/experiments/VectorManifold/data/raw/video/sim2/Indigo.mp4,3007,50.116667,8b7460b75717c396e34201b57336bb516237ea3163e6dc0a9bf6e08f34d5efea
sim2_cropped/Indigo/Indigo_269.png,Indigo,jeep,269,269,269,False,verified_source_pixels,source_video_counter,0,/home/fwromano/Documents/Code/experiments/VectorManifold/data/raw/video/sim2/Indigo.mp4,3018,50.3,20e190408132693f6e94b1ed31610063068a9e4d2382cf67e3a13a2633dd6dee
sim2_cropped/Indigo/Indigo_270.png,Indigo,jeep,270,270,270,False,verified_source_pixels,source_video_counter,0,/home/fwromano/Documents/Code/experiments/VectorManifold/data/raw/video/sim2/Indigo.mp4,3029,50.483333,1bad377d9afffc55205b76253eaf7fa22b74f1b33129635bca012f81afc94e42
sim2_cropped/Indigo/Indigo_271.png,Indigo,jeep,271,271,271,False,verified_source_pixels,source_video_counter,0,/home/fwromano/Documents/Code/experiments/VectorManifold/data/raw/video/sim2/Indigo.mp4,3041,50.683333,fb36b47c3e7a6b3aa1ce701cc3ec80250d321cadfee4e27c8a389f469ef9b21d
sim2_cropped/Indigo/Indigo_272.png,Indigo,jeep,272,272,272,False,verified_source_pixels,source_video_counter,0,/home/fwromano/Documents/Code/experiments/VectorManifold/data/raw/video/sim2/Indigo.mp4,3052,50.866666,aaaca356291296284cc1e87b071eaf498d49f5339fdba5b1713ef07a120fb377
sim2_cropped/Indigo/Indigo_273.png,Indigo,jeep,273,273,273,False,verified_source_pixels,source_video_counter,0,/home/fwromano/Documents/Code/experiments/VectorManifold/data/raw/video/sim2/Indigo.mp4,3069,51.15,03702332685b230b70981e8b97b8b04a15666c99628ce043469e88285567fea2
sim2_cropped/Indigo/Indigo_274.png,Indigo,jeep,274,274,274,False,verified_source_pixels,source_video_counter,0,/home/fwromano/Documents/Code/experiments/VectorManifold/data/raw/video/sim2/Indigo.mp4,3080,51.333333,e9dd930ec4eaf1b293f483c7c6493a39b78d81999637f4d060c4853170db796d
sim2_cropped/Indigo/Indigo_275.png,Indigo,jeep,275,275,275,False,verified_source_pixels,source_video_counter,0,/home/fwromano/Documents/Code/experiments/VectorManifold/data/raw/video/sim2/Indigo.mp4,3092,51.533333,5fc7761dc756d40fb198f30c79985b92772f3c4d04d616bb5fc9a0fd48286302
sim2_cropped/Indigo/Indigo_276.png,Indigo,jeep,276,276,276,False,verified_source_pixels,source_video_counter,0,/home/fwromano/Documents/Code/experiments/VectorManifold/data/raw/video/sim2/Indigo.mp4,3103,51.716667,7c591cd01369a908bd9df24518f64d9ea279f9100c24a8f8efb9d5767278ce93
sim2_cropped/Indigo/Indigo_277.png,Indigo,jeep,277,277,277,False,verified_source_pixels,source_video_counter,0,/home/fwromano/Documents/Code/experiments/VectorManifold/data/raw/video/sim2/Indigo.mp4,3115,51.916667,733b7158d2194cc1469de6f2252b145d7bc9582e8b54293bfdfb626469ab1b22
sim2_cropped/Indigo/Indigo_278.png,Indigo,jeep,273,273,278,True,verified_source_pixels,source_video_counter,0,/home/fwromano/Documents/Code/experiments/VectorManifold/data/raw/video/sim2/Indigo.mp4,3075,51.25,706ef32aea4a4189b05de557b6f650229a08945cef84fe5c2224a40c3e791e00
sim2_cropped/Indigo/Indigo_279.png,Indigo,jeep,279,279,279,False,verified_source_pixels,source_video_counter,0,/home/fwromano/Documents/Code/experiments/VectorManifold/data/raw/video/sim2/Indigo.mp4,3137,52.283333,6cad8dc372932459bf1d67233cffc781c87780fba87162130be5861dacc27224
sim2_cropped/Indigo/Indigo_280.png,Indigo,jeep,280,280,280,False,verified_source_pixels,source_video_counter,0,/home/fwromano/Documents/Code/experiments/VectorManifold/data/raw/video/sim2/Indigo.mp4,3149,52.483333,95f63ecc9ec643573d79632d4b5574f320396435916d708114b82348668d784f
sim2_cropped/Indigo/Indigo_281.png,Indigo,jeep,281,281,281,False,verified_source_pixels,source_video_counter,0,/home/fwromano/Documents/Code/experiments/VectorManifold/data/raw/video/sim2/Indigo.mp4,3161,52.683333,5c11e97f8e71350b75eee7b9d9b86729c18b3f194d524aff1fa5138229b9a8f1
sim2_cropped/Indigo/Indigo_282.png,Indigo,jeep,282,282,282,False,verified_source_pixels,source_video_counter,0,/home/fwromano/Documents/Code/experiments/VectorManifold/data/raw/video/sim2/Indigo.mp4,3177,52.95,a3fc6fce3ae81b3b6a4229b915d7edfe33f8ee4d04264d0eac350b11ace495e1
sim2_cropped/Indigo/Indigo_283.png,Indigo,jeep,283,283,283,False,verified_source_pixels,source_video_counter,0,/home/fwromano/Documents/Code/experiments/VectorManifold/data/raw/video/sim2/Indigo.mp4,3188,53.133333,6ccbd76d3f20cda31e75fd86936f73fb95a5c55b5f7ad2c9cf0bf804ac7311d7
sim2_cropped/Indigo/Indigo_284.png,Indigo,jeep,284,284,284,False,verified_source_pixels,source_video_counter,0,/home/fwromano/Documents/Code/experiments/VectorManifold/data/raw/video/sim2/Indigo.mp4,3199,53.316667,83d84c41a58d181a53748c061de5fbaa13ee8739aed99c4e94e16372814d55ff
sim2_cropped/Indigo/Indigo_285.png,Indigo,jeep,285,285,285,False,verified_source_pixels,source_video_counter,0,/home/fwromano/Documents/Code/experiments/VectorManifold/data/raw/video/sim2/Indigo.mp4,3211,53.516667,c0e2bd8c3f2aa231e2243a69f223c286071ddfcae611f253b280bf21d6842150
sim2_cropped/Indigo/Indigo_286.png,Indigo,jeep,286,286,286,False,verified_source_pixels,source_video_counter,0,/home/fwromano/Documents/Code/experiments/VectorManifold/data/raw/video/sim2/Indigo.mp4,3222,53.7,1bf2efce72cb8a0e97997dbf758cd5c8a338b3c261fdf7b7f54a693db2356a0d
sim2_cropped/Indigo/Indigo_287.png,Indigo,jeep,287,287,287,False,verified_source_pixels,source_video_counter,0,/home/fwromano/Documents/Code/experiments/VectorManifold/data/raw/video/sim2/Indigo.mp4,3234,53.9,b4274cf198db2137518e6235f259ee608840033f664e0d0af5e76ecb9443cafa
sim2_cropped/Indigo/Indigo_288.png,Indigo,jeep,283,283,288,True,verified_source_pixels,source_video_counter,0,/home/fwromano/Documents/Code/experiments/VectorManifold/data/raw/video/sim2/Indigo.mp4,3194,53.233334,159617a80d6d34f9e07749116cb61b270de1d58972a30aca952083d10fc9eb19
sim2_cropped/Indigo/Indigo_289.png,Indigo,jeep,239,239,289,True,verified_source_pixels,source_video_counter,0,/home/fwromano/Documents/Code/experiments/VectorManifold/data/raw/video/sim2/Indigo.mp4,2663,44.383333,409a642c67f8cf0646ed73d09669f942f090c12e9edd2539ce751fd58a47dda6
sim2_cropped/Indigo/Indigo_290.png,Indigo,jeep,290,290,290,False,verified_source_pixels,source_video_counter,0,/home/fwromano/Documents/Code/experiments/VectorManifold/data/raw/video/sim2/Indigo.mp4,3272,54.533334,c14cf2551be0d5ae04d2acc01d0bf12f6c56cea99f813a699338447e15de0699
sim2_cropped/Indigo/Indigo_291.png,Indigo,jeep,291,291,291,False,verified_source_pixels,source_video_counter,0,/home/fwromano/Documents/Code/experiments/VectorManifold/data/raw/video/sim2/Indigo.mp4,3284,54.733334,a2435e75f5126e8908ab1941857a2834dea18ef643f1c8b9ce9c8e63148c0833
sim2_cropped/Indigo/Indigo_292.png,Indigo,jeep,292,292,292,False,verified_source_pixels,source_video_counter,0,/home/fwromano/Documents/Code/experiments/VectorManifold/data/raw/video/sim2/Indigo.mp4,3295,54.916667,26e55574302e2510244e890e90d83e234ad728cc7e967d8becaf1251a5418c31
sim2_cropped/Indigo/Indigo_293.png,Indigo,jeep,293,293,293,False,verified_source_pixels,source_video_counter,0,/home/fwromano/Documents/Code/experiments/VectorManifold/data/raw/video/sim2/Indigo.mp4,3306,55.1,0f7b074f53016c1fd4249881498c3f670a63c88d3ffdcb08873d072524c9cbec
sim2_cropped/Indigo/Indigo_294.png,Indigo,jeep,294,294,294,False,verified_source_pixels,source_video_counter,0,/home/fwromano/Documents/Code/experiments/VectorManifold/data/raw/video/sim2/Indigo.mp4,3317,55.283333,96f11aeb3ddb288fa822cbf5d001bed6a5f05358dda566abd0a6eba757851c67
sim2_cropped/Indigo/Indigo_295.png,Indigo,jeep,295,295,295,False,verified_source_pixels,source_video_counter,0,/home/fwromano/Documents/Code/experiments/VectorManifold/data/raw/video/sim2/Indigo.mp4,3329,55.483333,a0fe2e8745a9870c4a2d9945fa3cdd2a6b4b967ea6e960ac7e97f64acb80e630
sim2_cropped/Indigo/Indigo_296.png,Indigo,jeep,296,296,296,False,verified_source_pixels,source_video_counter,0,/home/fwromano/Documents/Code/experiments/VectorManifold/data/raw/video/sim2/Indigo.mp4,3340,55.666667,a4db02f43fe7ec2bacb3c9a24e32857dc2490ef2483c5f305a09749c5e07d941
sim2_cropped/Indigo/Indigo_297.png,Indigo,jeep,297,297,297,False,verified_source_pixels,source_video_counter,0,/home/fwromano/Documents/Code/experiments/VectorManifold/data/raw/video/sim2/Indigo.mp4,3352,55.866667,b102fb61d9c89858268b4601496610d2588d2d55bcc322d29f4122d23dbd7f91
sim2_cropped/Indigo/Indigo_298.png,Indigo,jeep,293,293,298,True,verified_source_pixels,source_video_counter,0,/home/fwromano/Documents/Code/experiments/VectorManifold/data/raw/video/sim2/Indigo.mp4,3312,55.2,f5ab4ceae4165091792a3a0262b8d9002e2ee0c944d6759294bdc91e3777691f
sim2_cropped/Indigo/Indigo_299.png,Indigo,jeep,299,299,299,False,verified_source_pixels,source_video_counter,0,/home/fwromano/Documents/Code/experiments/VectorManifold/data/raw/video/sim2/Indigo.mp4,3380,56.333334,40ac806f9121296c42823f9e89e108ea30bb5ddcb444ade69a2021af0b3613e5
sim2_cropped/Indigo/Indigo_306.png,Indigo,jeep,306,306,306,False,verified_source_pixels,source_video_counter,0,/home/fwromano/Documents/Code/experiments/VectorManifold/data/raw/video/sim2/Indigo.mp4,3473,57.883333,24ca8e094dd3427958eab6ab6a10015a4c908ec20af960d35657078ae83b6a0b
sim2_cropped/Indigo/Indigo_307.png,Indigo,jeep,307,307,307,False,verified_source_pixels,source_video_counter,0,/home/fwromano/Documents/Code/experiments/VectorManifold/data/raw/video/sim2/Indigo.mp4,3476,57.933333,650c4f9792cbe15d76c8f99989b950bd6670379cb7ae2bdc1363deba410a7b0c
sim2_cropped/Indigo/Indigo_308.png,Indigo,jeep,308,308,308,False,verified_source_pixels,source_video_counter,0,/home/fwromano/Documents/Code/experiments/VectorManifold/data/raw/video/sim2/Indigo.mp4,3487,58.116667,9f7d100ec59d681058b1cb3a09b8d9b7a9bba90ec5260b05f327208dcbb4743a
sim2_cropped/Indigo/Indigo_310.png,Indigo,jeep,310,310,310,False,verified_source_pixels,source_video_counter,0,/home/fwromano/Documents/Code/experiments/VectorManifold/data/raw/video/sim2/Indigo.mp4,3518,58.633334,8cfc86888696ad19c01aa93e8f0399fdf4e9c814d936feaa04f35898f7227a34
sim2_cropped/Indigo/Indigo_311.png,Indigo,jeep,311,311,311,False,verified_source_pixels,source_video_counter,0,/home/fwromano/Documents/Code/experiments/VectorManifold/data/raw/video/sim2/Indigo.mp4,3523,58.716667,ee1b2d266072fcb428244fb35462bf240b10565e89fa36cd8833796be67a69a7
sim2_cropped/Indigo/Indigo_312.png,Indigo,jeep,312,312,312,False,verified_source_pixels,source_video_counter,0,/home/fwromano/Documents/Code/experiments/VectorManifold/data/raw/video/sim2/Indigo.mp4,3535,58.916667,3998ee6aceaadb52bc4da189124ba62e3b4a8a35eb4ab92ee9cc8ba8104aaa73
sim2_cropped/Indigo/Indigo_313.png,Indigo,jeep,313,313,313,False,verified_source_pixels,source_video_counter,0,/home/fwromano/Documents/Code/experiments/VectorManifold/data/raw/video/sim2/Indigo.mp4,3546,59.1,25ecb41764fd3c5ac63d8723c3eaf5d8a1840777e02b54ebd4406590917504e3
sim2_cropped/Indigo/Indigo_314.png,Indigo,jeep,314,314,314,False,verified_source_pixels,source_video_counter,0,/home/fwromano/Documents/Code/experiments/VectorManifold/data/raw/video/sim2/Indigo.mp4,3558,59.3,355f4c79d95f07554f2286498c79a5cae3ff55ad6beb3ef20d7f656deeb59443
sim2_cropped/Indigo/Indigo_315.png,Indigo,jeep,315,315,315,False,verified_source_pixels,source_video_counter,0,/home/fwromano/Documents/Code/experiments/VectorManifold/data/raw/video/sim2/Indigo.mp4,3575,59.583333,732b8d4528a239c1cfa7e96d3f633743fd850a69947ac79972be306805c2465e
sim2_cropped/Indigo/Indigo_316.png,Indigo,jeep,316,316,316,False,verified_source_pixels,source_video_counter,0,/home/fwromano/Documents/Code/experiments/VectorManifold/data/raw/video/sim2/Indigo.mp4,3586,59.766667,9c5e4a9abb5b0f18aff9d0aa68073396d1b62a210c168a99f16cbe6b8bf8c743
sim2_cropped/Indigo/Indigo_317.png,Indigo,jeep,317,317,317,False,verified_source_pixels,source_video_counter,0,/home/fwromano/Documents/Code/experiments/VectorManifold/data/raw/video/sim2/Indigo.mp4,3597,59.95,fe9f1673c55508e169b1e87a50353ea6ec85d49520e9622a9bae922f07d4648b
sim2_cropped/Indigo/Indigo_318.png,Indigo,jeep,313,313,318,True,verified_source_pixels,source_video_counter,0,/home/fwromano/Documents/Code/experiments/VectorManifold/data/raw/video/sim2/Indigo.mp4,3553,59.216667,8e51d9760db0b774c21a48f5b50e5abc73e9bb7a2fb8a8f65ca9029a20b638a5
sim2_cropped/Indigo/Indigo_319.png,Indigo,jeep,319,319,319,False,verified_source_pixels,source_video_counter,0,/home/fwromano/Documents/Code/experiments/VectorManifold/data/raw/video/sim2/Indigo.mp4,3620,60.333333,f2438fc6379fed8911a7961f848af653b99b7dbcc9953934d7cfc29a2c2a47b2
sim2_cropped/Indigo/Indigo_320.png,Indigo,jeep,320,320,320,False,verified_source_pixels,source_video_counter,0,/home/fwromano/Documents/Code/experiments/VectorManifold/data/raw/video/sim2/Indigo.mp4,3632,60.533333,57a5f676087699f656875c92a8406939d239fb774287c15687866f1b9d638085
sim2_cropped/Indigo/Indigo_324.png,Indigo,jeep,324,324,324,False,verified_source_pixels,source_video_counter,0,/home/fwromano/Documents/Code/experiments/VectorManifold/data/raw/video/sim2/Indigo.mp4,3679,61.316667,29beca25f2c12b77eb6d9efac537a4d3396bd94a0fdadc579a1a376210446e4a
sim2_cropped/Indigo/Indigo_325.png,Indigo,jeep,325,325,325,False,verified_source_pixels,source_video_counter,0,/home/fwromano/Documents/Code/experiments/VectorManifold/data/raw/video/sim2/Indigo.mp4,3691,61.516667,85f556bf8c2b0d5888ff64140829d95ecef84c48b623db96e55aa0ef40ca0355
sim2_cropped/Indigo/Indigo_326.png,Indigo,jeep,326,326,326,False,verified_source_pixels,source_video_counter,0,/home/fwromano/Documents/Code/experiments/VectorManifold/data/raw/video/sim2/Indigo.mp4,3701,61.683333,566e31dbd1e2498082ea5a6afd22c8852199fc3324d90a6ebaaca4f378533d5c
sim2_cropped/Indigo/Indigo_327.png,Indigo,jeep,327,327,327,False,verified_source_pixels,source_video_counter,0,/home/fwromano/Documents/Code/experiments/VectorManifold/data/raw/video/sim2/Indigo.mp4,3713,61.883333,41ecfefdaea31eaab982bd63111958865abfeb638ee4619b3d83e5a1552932d7
sim2_cropped/Indigo/Indigo_328.png,Indigo,jeep,323,323,328,True,verified_source_pixels,source_video_counter,0,/home/fwromano/Documents/Code/experiments/VectorManifold/data/raw/video/sim2/Indigo.mp4,3673,61.216667,8790ad298af560db12475423854731b0bc70d40046d84a924e4f90ce4a9d5a24
sim2_cropped/Indigo/Indigo_329.png,Indigo,jeep,329,329,329,False,verified_source_pixels,source_video_counter,0,/home/fwromano/Documents/Code/experiments/VectorManifold/data/raw/video/sim2/Indigo.mp4,3750,62.5,61a9213ff61827c2339c7fd3d4c7b22e1ef2c3960466d0845418694a7eb281ce
sim2_cropped/Indigo/Indigo_330.png,Indigo,jeep,330,330,330,False,verified_source_pixels,source_video_counter,0,/home/fwromano/Documents/Code/experiments/VectorManifold/data/raw/video/sim2/Indigo.mp4,3752,62.533334,e67b9c657e15963844adc5c12afd75f9723ff8d3fbd4b10b53867e2c17190123
sim2_cropped/Indigo/Indigo_331.png,Indigo,jeep,331,331,331,False,verified_source_pixels,source_video_counter,0,/home/fwromano/Documents/Code/experiments/VectorManifold/data/raw/video/sim2/Indigo.mp4,3759,62.65,d4d465059ced5ce0f089d0011304600eb4fb6eb420c6e15e9860fb43051decaa
sim2_cropped/Indigo/Indigo_332.png,Indigo,jeep,332,332,332,False,verified_source_pixels,source_video_counter,0,/home/fwromano/Documents/Code/experiments/VectorManifold/data/raw/video/sim2/Indigo.mp4,3775,62.916667,be54c4c99b6d1875a4e493eda96604d91baf5cabedfa467c01342366b616709c
sim2_cropped/Indigo/Indigo_335.png,Indigo,jeep,335,335,335,False,verified_source_pixels,source_video_counter,0,/home/fwromano/Documents/Code/experiments/VectorManifold/data/raw/video/sim2/Indigo.mp4,3810,63.5,ba9ca13fe7d59bb8ecee8e955fcb2d812456c2af4ed216c5f57471832be3e563
sim2_cropped/Indigo/Indigo_336.png,Indigo,jeep,336,336,336,False,verified_source_pixels,source_video_counter,0,/home/fwromano/Documents/Code/experiments/VectorManifold/data/raw/video/sim2/Indigo.mp4,3819,63.65,e37fe2430172004e7b6a319da8b5f8c60a4119e65f123130731847cf072f1d36
sim2_cropped/Indigo/Indigo_338.png,Indigo,jeep,333,333,338,True,verified_source_pixels,source_video_counter,0,/home/fwromano/Documents/Code/experiments/VectorManifold/data/raw/video/sim2/Indigo.mp4,3786,63.1,7c9a2bb0bf6823cea56d26b4bc0b03b71208b7a04eb2e2835912bc43b1b761c4
sim2_cropped/Indigo/Indigo_339.png,Indigo,jeep,339,339,339,False,verified_source_pixels,source_video_counter,0,/home/fwromano/Documents/Code/experiments/VectorManifold/data/raw/video/sim2/Indigo.mp4,3860,64.333334,ca6d662d164136d8b75bed265de3e34c58a73d3dfc8bfbebc3b555bc2da2bc2e
sim2_cropped/Indigo/Indigo_341.png,Indigo,jeep,341,341,341,False,verified_source_pixels,source_video_counter,0,/home/fwromano/Documents/Code/experiments/VectorManifold/data/raw/video/sim2/Indigo.mp4,3882,64.7,907c29fc2e612961339daaf1d2678b9ff8a80e878887d84d1a362030478f5594
sim2_cropped/Indigo/Indigo_347.png,Indigo,jeep,347,347,347,False,verified_source_pixels,source_video_counter,0,/home/fwromano/Documents/Code/experiments/VectorManifold/data/raw/video/sim2/Indigo.mp4,3964,66.066667,73603a6e73de4c479ec4ca6e4c25254edd64ea97138cf7d2faebbb45419503c9
sim2_cropped/Indigo/Indigo_348.png,Indigo,jeep,348,348,348,False,verified_source_pixels,source_video_counter,0,/home/fwromano/Documents/Code/experiments/VectorManifold/data/raw/video/sim2/Indigo.mp4,3966,66.1,345332bb075fdcca374c490d7ba30c318bf4da136a444c42092fca5aa7cf14b2
sim2_cropped/Indigo/Indigo_350.png,Indigo,jeep,350,350,350,False,verified_source_pixels,source_video_counter,0,/home/fwromano/Documents/Code/experiments/VectorManifold/data/raw/video/sim2/Indigo.mp4,4000,66.666666,df68eaad7aefab51b6aa41064155a5c4a80b9502ec79adc6a6dde11b3f791da0
sim2_cropped/Indigo/Indigo_351.png,Indigo,jeep,351,351,351,False,verified_source_pixels,source_video_counter,0,/home/fwromano/Documents/Code/experiments/VectorManifold/data/raw/video/sim2/Indigo.mp4,4001,66.683333,214044165484535f522e1814df44f91d81052cca0279fd6a67b859bf05e3cf4b
sim2_cropped/Indigo/Indigo_353.png,Indigo,jeep,353,353,353,False,verified_source_pixels,source_video_counter,0,/home/fwromano/Documents/Code/experiments/VectorManifold/data/raw/video/sim2/Indigo.mp4,4024,67.066666,48a7a39120c5a983b771b3aea92a0221c0b966925347ff6183d4a85ae6bff74b
sim2_cropped/Indigo/Indigo_354.png,Indigo,jeep,354,354,354,False,verified_source_pixels,source_video_counter,0,/home/fwromano/Documents/Code/experiments/VectorManifold/data/raw/video/sim2/Indigo.mp4,4036,67.266666,3d793fa39f665acd5b67a0287e3eb24edca49bd45b23a4fa42ae7efa01fad965
sim2_cropped/Indigo/Indigo_355.png,Indigo,jeep,355,355,355,False,verified_source_pixels,source_video_counter,0,/home/fwromano/Documents/Code/experiments/VectorManifold/data/raw/video/sim2/Indigo.mp4,4053,67.55,97146c87d3135ebf15abac5aa0e66c7c02f15a3ede8902d72360010a22b408b7
sim2_cropped/Indigo/Indigo_357.png,Indigo,jeep,357,357,357,False,verified_source_pixels,source_video_counter,0,/home/fwromano/Documents/Code/experiments/VectorManifold/data/raw/video/sim2/Indigo.mp4,4074,67.9,0f7d7a42300520b911429833a80944f1302a39d55426cbc83ac6e7e65099da96
sim2_cropped/Indigo/Indigo_358.png,Indigo,jeep,353,353,358,True,verified_source_pixels,source_video_counter,0,/home/fwromano/Documents/Code/experiments/VectorManifold/data/raw/video/sim2/Indigo.mp4,4030,67.166667,a34c2eef5dbce3ddfa9331ec06b0ae844f324b426eac1ac9c26bd28b7b310a3e
sim2_cropped/Indigo/Indigo_389.png,Indigo,jeep,339,339,389,True,verified_source_pixels,source_video_counter,0,/home/fwromano/Documents/Code/experiments/VectorManifold/data/raw/video/sim2/Indigo.mp4,3865,64.416667,42ad0adbc923bc16d5bb1e3e9ac591649940181922133668cd1a9850a54558f4
sim2_cropped/Indigo/Indigo_800.png,Indigo,jeep,300,300,800,True,verified_source_pixels,source_video_counter,0,/home/fwromano/Documents/Code/experiments/VectorManifold/data/raw/video/sim2/Indigo.mp4,3391,56.516667,48a88849542803b61dc798283ea37d8224a2b99c2b1718b15c01dcaa411819ef
sim2_cropped/Indigo/Indigo_801.png,Indigo,jeep,301,301,801,True,verified_source_pixels,source_video_counter,0,/home/fwromano/Documents/Code/experiments/VectorManifold/data/raw/video/sim2/Indigo.mp4,3403,56.716667,8ad979875c59a6ab060b6943f956edb1e4d2d002ec94b63b2e0843d66749fd4f
sim2_cropped/Indigo/Indigo_802.png,Indigo,jeep,302,302,802,True,verified_source_pixels,source_video_counter,0,/home/fwromano/Documents/Code/experiments/VectorManifold/data/raw/video/sim2/Indigo.mp4,3414,56.9,edba0955f9647acecfbce375ebe1692bb63d6c7bee3ee000a5dcd3c0fb36d0ea
sim2_cropped/Indigo/Indigo_803.png,Indigo,jeep,303,303,803,True,verified_source_pixels,source_video_counter,0,/home/fwromano/Documents/Code/experiments/VectorManifold/data/raw/video/sim2/Indigo.mp4,3425,57.083333,bccc4a78271d94bfd60fd1983ce3d2f0ae76ccfbd2007e98a45a474eb7402fa6
sim2_cropped/Indigo/Indigo_804.png,Indigo,jeep,304,304,804,True,verified_source_pixels,source_video_counter,0,/home/fwromano/Documents/Code/experiments/VectorManifold/data/raw/video/sim2/Indigo.mp4,3436,57.266667,030be213e3d6941daacf4623fa1c4a5fd5e15ecfa6f6a01b0a730f64e4ffd92d
sim2_cropped/Indigo/Indigo_805.png,Indigo,jeep,305,305,805,True,verified_source_pixels,source_video_counter,0,/home/fwromano/Documents/Code/experiments/VectorManifold/data/raw/video/sim2/Indigo.mp4,3448,57.466667,f7cfca725761e4a5d134ba66316232f2fef316bcffdcab3cb33f58dba0eecd2c
sim2_cropped/Indigo/Indigo_806.png,Indigo,jeep,306,306,806,True,verified_source_pixels,source_video_counter,0,/home/fwromano/Documents/Code/experiments/VectorManifold/data/raw/video/sim2/Indigo.mp4,3464,57.733334,f62b9c2f3604d207beb7d0994dbdf0254c125cb30c8d7c0f5a519b9d50a8245b
sim2_cropped/Indigo/Indigo_808.png,Indigo,jeep,303,303,808,True,verified_source_pixels,source_video_counter,0,/home/fwromano/Documents/Code/experiments/VectorManifold/data/raw/video/sim2/Indigo.mp4,3431,57.183333,ce6dd360e743c136fc9b1f56226d2b5b9847ea1c750ed954fd0ee658a708f9ae
sim2_cropped/Indigo/Indigo_809.png,Indigo,jeep,309,309,809,True,verified_source_pixels,source_video_counter,0,/home/fwromano/Documents/Code/experiments/VectorManifold/data/raw/video/sim2/Indigo.mp4,3500,58.333333,9fca6d19f0ded1e11e30d8c202c08ded4d88d834fbff30f5f7d4b92ade10249b
sim2_cropped/Indigo/Indigo_810.png,Indigo,jeep,310,310,810,True,verified_source_pixels,source_video_counter,0,/home/fwromano/Documents/Code/experiments/VectorManifold/data/raw/video/sim2/Indigo.mp4,3512,58.533333,da39d201424dd61884596926a77e35fee7883a302e4d22845a54fd9991f92517
sim2_cropped/Indigo/Indigo_817.png,Indigo,jeep,317,317,817,True,verified_source_pixels,source_video_counter,0,/home/fwromano/Documents/Code/experiments/VectorManifold/data/raw/video/sim2/Indigo.mp4,3603,60.05,d981121a36432ee2c2e0864f8777485ef97d12b63bd45a5afc99bfd21bf91858
sim2_cropped/Indigo/Indigo_818.png,Indigo,jeep,318,318,818,True,verified_source_pixels,source_video_counter,0,/home/fwromano/Documents/Code/experiments/VectorManifold/data/raw/video/sim2/Indigo.mp4,3609,60.15,84514aadd34101818f0170ebf47945077a566f65422f9fcb79ab47e78fc09424
sim2_cropped/Indigo/Indigo_820.png,Indigo,jeep,320,320,820,True,verified_source_pixels,source_video_counter,0,/home/fwromano/Documents/Code/experiments/VectorManifold/data/raw/video/sim2/Indigo.mp4,3638,60.633334,3eee9e75894584f20534fece33c118bbfeb4256b475fa43e08e4ca2e557c6bbc
sim2_cropped/Indigo/Indigo_821.png,Indigo,jeep,321,321,821,True,verified_source_pixels,source_video_counter,0,/home/fwromano/Documents/Code/experiments/VectorManifold/data/raw/video/sim2/Indigo.mp4,3644,60.733333,c1ac61f3f4e7657021f0db7fdeec7929aca0bb2a8a0c4974b84ed972b6c40ba6
sim2_cropped/Indigo/Indigo_822.png,Indigo,jeep,322,322,822,True,verified_source_pixels,source_video_counter,0,/home/fwromano/Documents/Code/experiments/VectorManifold/data/raw/video/sim2/Indigo.mp4,3655,60.916667,4ac6ff840698624c421d903f7fe3ce219fa3c916e165407f5a0f11a28f511e87
sim2_cropped/Indigo/Indigo_823.png,Indigo,jeep,323,323,823,True,verified_source_pixels,source_video_counter,0,/home/fwromano/Documents/Code/experiments/VectorManifold/data/raw/video/sim2/Indigo.mp4,3667,61.116667,d43a7b49b809a37f8246d4366afab149861bb3af81bc28d3025f437ee844337f
sim2_cropped/Indigo/Indigo_827.png,Indigo,jeep,327,327,827,True,verified_source_pixels,source_video_counter,0,/home/fwromano/Documents/Code/experiments/VectorManifold/data/raw/video/sim2/Indigo.mp4,3723,62.05,3418cbecd70a51b09852e806a124e8cee33b2026e27e748f0c52f61af6c4fec8
sim2_cropped/Indigo/Indigo_828.png,Indigo,jeep,328,328,828,True,verified_source_pixels,source_video_counter,0,/home/fwromano/Documents/Code/experiments/VectorManifold/data/raw/video/sim2/Indigo.mp4,3724,62.066667,78f996ab8c3ac899f273eeaa21aa16da206b2985f5cd210e860d89b774f1fe88
sim2_cropped/Indigo/Indigo_829.png,Indigo,jeep,329,329,829,True,verified_source_pixels,source_video_counter,0,/home/fwromano/Documents/Code/experiments/VectorManifold/data/raw/video/sim2/Indigo.mp4,3736,62.266667,da872571da16d99d356e6e717d1da05584510d1fb87f2f9d0b8eea09494f2c63
sim2_cropped/Indigo/Indigo_834.png,Indigo,jeep,334,334,834,True,verified_source_pixels,source_video_counter,0,/home/fwromano/Documents/Code/experiments/VectorManifold/data/raw/video/sim2/Indigo.mp4,3797,63.283333,bb4cd4a8f2e36ffc70157fab037e9f28b0a99b39491748e129122385825e0170
sim2_cropped/Indigo/Indigo_835.png,Indigo,jeep,335,335,835,True,verified_source_pixels,source_video_counter,0,/home/fwromano/Documents/Code/experiments/VectorManifold/data/raw/video/sim2/Indigo.mp4,3809,63.483333,3a03d8faf34bfec2f2a49a2d82b43958e71314ac15f172dc010c2d5d55ce45d5
sim2_cropped/Indigo/Indigo_836.png,Indigo,jeep,336,336,836,True,verified_source_pixels,source_video_counter,0,/home/fwromano/Documents/Code/experiments/VectorManifold/data/raw/video/sim2/Indigo.mp4,3824,63.733334,d9c21cfa67c1f8cd6a14022015cfef0af8987c3d414f19e1c99d8cbaae74274d
sim2_cropped/Indigo/Indigo_837.png,Indigo,jeep,337,337,837,True,verified_source_pixels,source_video_counter,0,/home/fwromano/Documents/Code/experiments/VectorManifold/data/raw/video/sim2/Indigo.mp4,3837,63.95,37253732b252976741f2e144bbc71e918d1ce13b1460000ee478fb82bee8a121
sim2_cropped/Indigo/Indigo_838.png,Indigo,jeep,333,333,838,True,verified_source_pixels,source_video_counter,0,/home/fwromano/Documents/Code/experiments/VectorManifold/data/raw/video/sim2/Indigo.mp4,3795,63.25,7e8d579510e3194f9da880c3897940ddc2769d853cf90837e9dbd6b2b57dbddc
sim2_cropped/Indigo/Indigo_840.png,Indigo,jeep,340,340,840,True,verified_source_pixels,source_video_counter,0,/home/fwromano/Documents/Code/experiments/VectorManifold/data/raw/video/sim2/Indigo.mp4,3870,64.5,0317fec790378c6afc2721d3d91a7c7baa84c527bc58b12c5a723818ab9a2ecb
sim2_cropped/Indigo/Indigo_841.png,Indigo,jeep,341,341,841,True,verified_source_pixels,source_video_counter,0,/home/fwromano/Documents/Code/experiments/VectorManifold/data/raw/video/sim2/Indigo.mp4,3887,64.783333,023f16242e8807066752671767b300a675bd7e3777f3ab29118e4cfcfcbd2aa9
sim2_cropped/Indigo/Indigo_842.png,Indigo,jeep,342,342,842,True,verified_source_pixels,source_video_counter,0,/home/fwromano/Documents/Code/experiments/VectorManifold/data/raw/video/sim2/Indigo.mp4,3893,64.883333,e9237410e2a15c4e0f25d604d7f9ec27522ec9f54b6943f410de8de3a03c548b
sim2_cropped/Indigo/Indigo_843.png,Indigo,jeep,343,343,843,True,verified_source_pixels,source_video_counter,0,/home/fwromano/Documents/Code/experiments/VectorManifold/data/raw/video/sim2/Indigo.mp4,3905,65.083333,b025e253ec87d51886c8b2ce1b9f6e3043c27566cb373561538539ce36e59375
sim2_cropped/Indigo/Indigo_844.png,Indigo,jeep,344,344,844,True,verified_source_pixels,source_video_counter,0,/home/fwromano/Documents/Code/experiments/VectorManifold/data/raw/video/sim2/Indigo.mp4,3922,65.366666,9895d1f567bc7620055507f5674e6c4a0c2bc331edcf8105ab17fe4ccf9345af
sim2_cropped/Indigo/Indigo_845.png,Indigo,jeep,345,345,845,True,verified_source_pixels,source_video_counter,0,/home/fwromano/Documents/Code/experiments/VectorManifold/data/raw/video/sim2/Indigo.mp4,3928,65.466667,a2f2d4c1506ac7f4a3dc7ed5c994c0937ab74b3b116d86c343d695c4744fc199
sim2_cropped/Indigo/Indigo_846.png,Indigo,jeep,346,346,846,True,verified_source_pixels,source_video_counter,0,/home/fwromano/Documents/Code/experiments/VectorManifold/data/raw/video/sim2/Indigo.mp4,3944,65.733334,b8ed4181037d58aba00ecdb3909f82824f7a0f9c1738158343ab4a89be675c08
sim2_cropped/Indigo/Indigo_847.png,Indigo,jeep,347,347,847,True,verified_source_pixels,source_video_counter,0,/home/fwromano/Documents/Code/experiments/VectorManifold/data/raw/video/sim2/Indigo.mp4,3955,65.916667,65f783a9efdca88a9647fe142d435844fd6bbd699182cb1df786db04f623d204
sim2_cropped/Indigo/Indigo_848.png,Indigo,jeep,343,343,848,True,verified_source_pixels,source_video_counter,0,/home/fwromano/Documents/Code/experiments/VectorManifold/data/raw/video/sim2/Indigo.mp4,3911,65.183333,88aa73114d35d8a98a7272fe00e19a4004365ca12d74909c5e7fc63ef84f1215
sim2_cropped/Indigo/Indigo_849.png,Indigo,jeep,349,349,849,True,verified_source_pixels,source_video_counter,0,/home/fwromano/Documents/Code/experiments/VectorManifold/data/raw/video/sim2/Indigo.mp4,3978,66.3,3aedc6c80b3e25ab3a0eaf542cc8da22aa315af63341f344b1b0bf89fb16c905
sim2_cropped/Indigo/Indigo_850.png,Indigo,jeep,350,350,850,True,verified_source_pixels,source_video_counter,0,/home/fwromano/Documents/Code/experiments/VectorManifold/data/raw/video/sim2/Indigo.mp4,3989,66.483333,2f800410840e17f151e8e3290a288ad07af065dfe9111269c348b299dca579b3
sim2_cropped/Indigo/Indigo_851.png,Indigo,jeep,351,351,851,True,verified_source_pixels,source_video_counter,0,/home/fwromano/Documents/Code/experiments/VectorManifold/data/raw/video/sim2/Indigo.mp4,4006,66.766667,22b7453c9416cd79ec52daad5804478ccc47b2f0682c7f268ba13e0d5cd63b43
sim2_cropped/Indigo/Indigo_852.png,Indigo,jeep,352,352,852,True,verified_source_pixels,source_video_counter,0,/home/fwromano/Documents/Code/experiments/VectorManifold/data/raw/video/sim2/Indigo.mp4,4012,66.866666,9a8ba9cc72dccd4a503e5fc18a34f1f63006ba3e01028ddf56bcbb40590a0c02
sim2_cropped/Indigo/Indigo_856.png,Indigo,jeep,356,356,856,True,verified_source_pixels,source_video_counter,0,/home/fwromano/Documents/Code/experiments/VectorManifold/data/raw/video/sim2/Indigo.mp4,4065,67.75,aeb5fdf8ca0272318ebd353063e4f7bbcb78284414313f4ac8d87235b7acd3e9
sim2_cropped/Indigo/Indigo_858.png,Indigo,jeep,358,358,858,True,verified_source_pixels,source_video_counter,0,/home/fwromano/Documents/Code/experiments/VectorManifold/data/raw/video/sim2/Indigo.mp4,4079,67.983333,8b22ade300950d34c8be8631ec0b48a2dcfb79da6ede80c991e152c52253c48e
sim2_cropped/Indigo/Indigo_889.png,Indigo,jeep,339,339,889,True,verified_source_pixels,source_video_counter,0,/home/fwromano/Documents/Code/experiments/VectorManifold/data/raw/video/sim2/Indigo.mp4,3868,64.466667,fa51648756092b18df486a979c4b35b67438fb2b7b7660d6fa66789cc1e5a654
sim2_cropped/Indigo/Indigo_990.png,Indigo,jeep,99,,990,True,verified_source_pixels,counter_artifact_review,1,/home/fwromano/Documents/Code/experiments/VectorManifold/data/raw/video/sim2/Indigo.mp4,984,16.4,7e2351875f7a0f9b42b6e24952448d05c8bbfde2c91b3869b86dbbcde34ebc61
sim2_cropped/Magenta/Magenta_000.png,Magenta,jeep,0,0,0,False,verified_source_pixels,source_video_counter,0,/home/fwromano/Documents/Code/experiments/VectorManifold/data/raw/video/sim2/Magenta.mp4,4147,69.116667,a49eb3c911738212393ad641edee75fa0cd3f8769ba60a6e7ad442c12d003e2e
sim2_cropped/Magenta/Magenta_014.png,Magenta,jeep,14,14,14,False,verified_source_pixels,source_video_counter,0,/home/fwromano/Documents/Code/experiments/VectorManifold/data/raw/video/sim2/Magenta.mp4,0,0.0,d3e223482dfa263689c1324a2dedb93a60f535e06eb2f4b27ca29e44dfaf344c
sim2_cropped/Magenta/Magenta_015.png,Magenta,jeep,15,15,15,False,verified_source_pixels,source_video_counter,0,/home/fwromano/Documents/Code/experiments/VectorManifold/data/raw/video/sim2/Magenta.mp4,8,0.133344,da44ffba6185f0efec75dd7323b8854b4eafeed427ff633989f08042f6e6f13e
sim2_cropped/Magenta/Magenta_016.png,Magenta,jeep,16,16,16,False,verified_source_pixels,source_video_counter,0,/home/fwromano/Documents/Code/experiments/VectorManifold/data/raw/video/sim2/Magenta.mp4,19,0.316678,b9033130457ec421bdc875c1d736bd9c643b9a381778a22d7b5f8c4247147ee5
sim2_cropped/Magenta/Magenta_017.png,Magenta,jeep,17,17,17,False,verified_source_pixels,source_video_counter,0,/home/fwromano/Documents/Code/experiments/VectorManifold/data/raw/video/sim2/Magenta.mp4,31,0.516667,0d859534d5cb2be89bf6760e1c9465c63ad4df9a7736ff39473efe8d6015a63f
sim2_cropped/Magenta/Magenta_018.png,Magenta,jeep,18,18,18,False,verified_source_pixels,source_video_counter,0,/home/fwromano/Documents/Code/experiments/VectorManifold/data/raw/video/sim2/Magenta.mp4,42,0.700011,a53e6b1a34d4cf365349dac6007d0889a0d295990000b54de3f23f866c9ee5bb
sim2_cropped/Magenta/Magenta_019.png,Magenta,jeep,19,19,19,False,verified_source_pixels,source_video_counter,0,/home/fwromano/Documents/Code/experiments/VectorManifold/data/raw/video/sim2/Magenta.mp4,59,0.983344,7d428548e7a30305fc9a44b77690803ed5b4312a6a4222135ba3af2734ed249b
sim2_cropped/Magenta/Magenta_020.png,Magenta,jeep,20,20,20,False,verified_source_pixels,source_video_counter,0,/home/fwromano/Documents/Code/experiments/VectorManifold/data/raw/video/sim2/Magenta.mp4,70,1.166678,2558f909fc326082cf9e0780f9e873dd8a04b37b61d451d8009006fee0911269
sim2_cropped/Magenta/Magenta_021.png,Magenta,jeep,21,21,21,False,verified_source_pixels,source_video_counter,0,/home/fwromano/Documents/Code/experiments/VectorManifold/data/raw/video/sim2/Magenta.mp4,81,1.350011,f56ba20913472629abf1e47a326299b5bd5818f820e5aaed283be88b4ecce8f6
sim2_cropped/Magenta/Magenta_022.png,Magenta,jeep,22,22,22,False,verified_source_pixels,source_video_counter,0,/home/fwromano/Documents/Code/experiments/VectorManifold/data/raw/video/sim2/Magenta.mp4,92,1.533344,37f33dcec7e5626bfd05ef1264f768f5252c1ea217694edde9b9e33dbd998a5b
sim2_cropped/Magenta/Magenta_023.png,Magenta,jeep,23,23,23,False,verified_source_pixels,source_video_counter,0,/home/fwromano/Documents/Code/experiments/VectorManifold/data/raw/video/sim2/Magenta.mp4,103,1.716678,346ad38d895c95fa9efb46bfdf9001addb75c6a0101f4a3caff847e90bf74bcf
sim2_cropped/Magenta/Magenta_024.png,Magenta,jeep,24,24,24,False,verified_source_pixels,source_video_counter,0,/home/fwromano/Documents/Code/experiments/VectorManifold/data/raw/video/sim2/Magenta.mp4,114,1.9,e5abd32b9891ffd90f04d961e2baf52d5877e613c24f163e598093e7e083250a
sim2_cropped/Magenta/Magenta_025.png,Magenta,jeep,25,25,25,False,verified_source_pixels,source_video_counter,0,/home/fwromano/Documents/Code/experiments/VectorManifold/data/raw/video/sim2/Magenta.mp4,132,2.200011,80f188e1a58d95efc05ca54dac783b3d7caa4d6b5fecc205493878c71059c09d
sim2_cropped/Magenta/Magenta_026.png,Magenta,jeep,26,26,26,False,verified_source_pixels,source_video_counter,0,/home/fwromano/Documents/Code/experiments/VectorManifold/data/raw/video/sim2/Magenta.mp4,142,2.366667,d404d31134dd1c2ab5818d0f86cab278093f1de8ad9db6916239729a34857602
sim2_cropped/Magenta/Magenta_027.png,Magenta,jeep,27,27,27,False,verified_source_pixels,source_video_counter,0,/home/fwromano/Documents/Code/experiments/VectorManifold/data/raw/video/sim2/Magenta.mp4,155,2.583344,c10f59cdd39ad7630a1ab6c9ad5c5f7dfc7f8002903dc4c8061de98a143fc736
sim2_cropped/Magenta/Magenta_028.png,Magenta,jeep,23,23,28,True,verified_source_pixels,source_video_counter,0,/home/fwromano/Documents/Code/experiments/VectorManifold/data/raw/video/sim2/Magenta.mp4,109,1.816667,c9cc4e6b579f3fcec22bd27a7455b57f22cd15ab8adac9d79652537a7b74a51a
sim2_cropped/Magenta/Magenta_029.png,Magenta,jeep,29,29,29,False,verified_source_pixels,source_video_counter,0,/home/fwromano/Documents/Code/experiments/VectorManifold/data/raw/video/sim2/Magenta.mp4,177,2.95,cb1d1b848ea73872e1ea0a8296f3b003ec9b55fbb601a82eba3b9a0e22d6bdd6
sim2_cropped/Magenta/Magenta_032.png,Magenta,jeep,32,32,32,False,verified_source_pixels,source_video_counter,0,/home/fwromano/Documents/Code/experiments/VectorManifold/data/raw/video/sim2/Magenta.mp4,222,3.7,0144d1ea30557092e92cfc313553f516fa3e54c3ecd9b4b4bd9bcd7e5f30ce54
sim2_cropped/Magenta/Magenta_033.png,Magenta,jeep,33,33,33,False,verified_source_pixels,source_video_counter,0,/home/fwromano/Documents/Code/experiments/VectorManifold/data/raw/video/sim2/Magenta.mp4,223,3.716667,e6df30888a0f0f8e53bab101e5d708f53fa3bc710e9f449fe7c79425c3838942
sim2_cropped/Magenta/Magenta_034.png,Magenta,jeep,34,34,34,False,verified_source_pixels,source_video_counter,0,/home/fwromano/Documents/Code/experiments/VectorManifold/data/raw/video/sim2/Magenta.mp4,233,3.883333,115e351f5b711ca80a39fca3a9ee48aa4c28cd4dcae2acd0a7ab92435db5d597
sim2_cropped/Magenta/Magenta_035.png,Magenta,jeep,35,35,35,False,verified_source_pixels,source_video_counter,0,/home/fwromano/Documents/Code/experiments/VectorManifold/data/raw/video/sim2/Magenta.mp4,251,4.183344,97b6eacfd809d8bca74c433e801d9a921456646fd29c4798f39b93fb41194998
sim2_cropped/Magenta/Magenta_036.png,Magenta,jeep,36,36,36,False,verified_source_pixels,source_video_counter,0,/home/fwromano/Documents/Code/experiments/VectorManifold/data/raw/video/sim2/Magenta.mp4,262,4.366667,1b510430a187231f015bb47ba640b632c1fe333460f59b216fc564db715d781c
sim2_cropped/Magenta/Magenta_037.png,Magenta,jeep,37,37,37,False,verified_source_pixels,source_video_counter,0,/home/fwromano/Documents/Code/experiments/VectorManifold/data/raw/video/sim2/Magenta.mp4,274,4.566667,0f5068dfbb7714087025d7200139a76cedaa15617f13df3ff8b5ee0ef605ddc0
sim2_cropped/Magenta/Magenta_038.png,Magenta,jeep,38,38,38,False,verified_source_pixels,source_video_counter,0,/home/fwromano/Documents/Code/experiments/VectorManifold/data/raw/video/sim2/Magenta.mp4,290,4.833344,b6cc7395afd5a2fe74c99f7c56c97bf3061de82872015158faa20790e53e3e53
sim2_cropped/Magenta/Magenta_039.png,Magenta,jeep,39,39,39,False,verified_source_pixels,source_video_counter,0,/home/fwromano/Documents/Code/experiments/VectorManifold/data/raw/video/sim2/Magenta.mp4,296,4.933344,82f905ad39c0a29059a7b1a5543830cdb48dc02b5e33c6e321ce10e4de6ca03b
sim2_cropped/Magenta/Magenta_040.png,Magenta,jeep,40,40,40,False,verified_source_pixels,source_video_counter,0,/home/fwromano/Documents/Code/experiments/VectorManifold/data/raw/video/sim2/Magenta.mp4,307,5.116667,0f361f17416e377f84b9dc017acac697ac50a9e7e1cd2777a11ad0ca42ca2a76
sim2_cropped/Magenta/Magenta_041.png,Magenta,jeep,41,41,41,False,verified_source_pixels,source_video_counter,0,/home/fwromano/Documents/Code/experiments/VectorManifold/data/raw/video/sim2/Magenta.mp4,319,5.316667,2cbe7584982fe952de4270ade5d971918a9efa2efefe2bc5ade36f56e0262fdd
sim2_cropped/Magenta/Magenta_042.png,Magenta,jeep,42,42,42,False,verified_source_pixels,source_video_counter,0,/home/fwromano/Documents/Code/experiments/VectorManifold/data/raw/video/sim2/Magenta.mp4,330,5.5,6aa77bfdf75d59f073d3d3ef52ec8de3f996c4d83a64355e48b7555c1e5befe2
sim2_cropped/Magenta/Magenta_043.png,Magenta,jeep,43,43,43,False,verified_source_pixels,source_video_counter,0,/home/fwromano/Documents/Code/experiments/VectorManifold/data/raw/video/sim2/Magenta.mp4,342,5.7,f0939e380353ac320b5e03a6acb00d92db8e0354b2f2eeff7ab06d4f943673d8
sim2_cropped/Magenta/Magenta_044.png,Magenta,jeep,44,44,44,False,verified_source_pixels,source_video_counter,0,/home/fwromano/Documents/Code/experiments/VectorManifold/data/raw/video/sim2/Magenta.mp4,358,5.966678,e8bb5204bc48077ccf93c5dc3188aae53e0fd15e0bd1a8ea207c64fa69df385a
sim2_cropped/Magenta/Magenta_045.png,Magenta,jeep,45,45,45,False,verified_source_pixels,source_video_counter,0,/home/fwromano/Documents/Code/experiments/VectorManifold/data/raw/video/sim2/Magenta.mp4,369,6.150011,a53928a93918969dd3d4638a41542cc1caa24a2a19ac9aff9fe6d3a31482ed04
sim2_cropped/Magenta/Magenta_046.png,Magenta,jeep,46,46,46,False,verified_source_pixels,source_video_counter,0,/home/fwromano/Documents/Code/experiments/VectorManifold/data/raw/video/sim2/Magenta.mp4,380,6.333344,e81d4730fb6abf12ca13754f955177745758a84b4823bf6c4ecb5cdc94be1805
sim2_cropped/Magenta/Magenta_047.png,Magenta,jeep,47,47,47,False,verified_source_pixels,source_video_counter,0,/home/fwromano/Documents/Code/experiments/VectorManifold/data/raw/video/sim2/Magenta.mp4,392,6.533344,50b8a51e1c63cc68a45a131c2b898c5cefb09f518257ed5499d8c381344acd0b
sim2_cropped/Magenta/Magenta_048.png,Magenta,jeep,43,43,48,True,verified_source_pixels,source_video_counter,0,/home/fwromano/Documents/Code/experiments/VectorManifold/data/raw/video/sim2/Magenta.mp4,352,5.866678,d71c95472613cc5ecbf2b3f6c8e4c431b5c0e636a78ff375425ad3eac63f2f59
sim2_cropped/Magenta/Magenta_049.png,Magenta,jeep,49,49,49,False,verified_source_pixels,source_video_counter,0,/home/fwromano/Documents/Code/experiments/VectorManifold/data/raw/video/sim2/Magenta.mp4,415,6.916678,659f5b21d760103bec271dd0224463b550961a707b7496b67fd4dc46182162b7
sim2_cropped/Magenta/Magenta_050.png,Magenta,jeep,50,50,50,False,verified_source_pixels,source_video_counter,0,/home/fwromano/Documents/Code/experiments/VectorManifold/data/raw/video/sim2/Magenta.mp4,431,7.183344,ebc28fe8462b8d8757e1e57706e730b64bba8e031441bdfb04ba2e4361a7ac88
sim2_cropped/Magenta/Magenta_051.png,Magenta,jeep,51,51,51,False,verified_source_pixels,source_video_counter,0,/home/fwromano/Documents/Code/experiments/VectorManifold/data/raw/video/sim2/Magenta.mp4,437,7.283333,bfd967eb098f27a2167a6c1fcaa4bd6959250d315661f2870a3ea3a568992f17
sim2_cropped/Magenta/Magenta_052.png,Magenta,jeep,52,52,52,False,verified_source_pixels,source_video_counter,0,/home/fwromano/Documents/Code/experiments/VectorManifold/data/raw/video/sim2/Magenta.mp4,453,7.550011,5fe376fc68a54ed53ec17a58d005045dd884d35d3b20de9c18a1000e0ff1a66c
sim2_cropped/Magenta/Magenta_053.png,Magenta,jeep,53,53,53,False,verified_source_pixels,source_video_counter,0,/home/fwromano/Documents/Code/experiments/VectorManifold/data/raw/video/sim2/Magenta.mp4,465,7.750011,af396506cd7aa92cb314568abbe4f6e0534f2ccc7ed10f5fe694ff1930ac4153
sim2_cropped/Magenta/Magenta_054.png,Magenta,jeep,54,54,54,False,verified_source_pixels,source_video_counter,0,/home/fwromano/Documents/Code/experiments/VectorManifold/data/raw/video/sim2/Magenta.mp4,476,7.933344,8d45178bb64aa80d09bf00645a81eb34a6eec26d3a64633264f1522d392d050d
sim2_cropped/Magenta/Magenta_055.png,Magenta,jeep,55,55,55,False,verified_source_pixels,source_video_counter,0,/home/fwromano/Documents/Code/experiments/VectorManifold/data/raw/video/sim2/Magenta.mp4,488,8.133344,9322e29d53f1bd723aa6ac8fa2478382f49de873a1f46b69e44f48168f23b352
sim2_cropped/Magenta/Magenta_056.png,Magenta,jeep,56,56,56,False,verified_source_pixels,source_video_counter,0,/home/fwromano/Documents/Code/experiments/VectorManifold/data/raw/video/sim2/Magenta.mp4,494,8.233344,c1d21f2969560d105dda0f14ba9be896cf36263271dee85e62d1214caac4d1b8
sim2_cropped/Magenta/Magenta_057.png,Magenta,jeep,57,57,57,False,verified_source_pixels,source_video_counter,0,/home/fwromano/Documents/Code/experiments/VectorManifold/data/raw/video/sim2/Magenta.mp4,507,8.45,693697745dbc8245de610ba014763c68c700f5ad9cd109cd12faf71db04b1dab
sim2_cropped/Magenta/Magenta_058.png,Magenta,jeep,53,53,58,True,verified_source_pixels,source_video_counter,0,/home/fwromano/Documents/Code/experiments/VectorManifold/data/raw/video/sim2/Magenta.mp4,471,7.85,2ec750a1cf26534c0817d1247485a13f2422ab11419e3d7c1b54ae3dd66bab47
sim2_cropped/Magenta/Magenta_059.png,Magenta,jeep,59,59,59,False,verified_source_pixels,source_video_counter,0,/home/fwromano/Documents/Code/experiments/VectorManifold/data/raw/video/sim2/Magenta.mp4,535,8.916667,e2dbf77b152508a0cf237ed79eff9e10ad1c3262feaf887fdc655f6c870869c2
sim2_cropped/Magenta/Magenta_060.png,Magenta,jeep,60,60,60,False,verified_source_pixels,source_video_counter,0,/home/fwromano/Documents/Code/experiments/VectorManifold/data/raw/video/sim2/Magenta.mp4,546,9.100011,6bba70db27199cff070a904afb814d2c76c92003c265f41d00df3596036694e4
sim2_cropped/Magenta/Magenta_061.png,Magenta,jeep,61,61,61,False,verified_source_pixels,source_video_counter,0,/home/fwromano/Documents/Code/experiments/VectorManifold/data/raw/video/sim2/Magenta.mp4,557,9.283344,5a55c927145c7e1a46586856bdd060b0a0a25d504b00e4cfb657c37d3c767ced
sim2_cropped/Magenta/Magenta_062.png,Magenta,jeep,62,62,62,False,verified_source_pixels,source_video_counter,0,/home/fwromano/Documents/Code/experiments/VectorManifold/data/raw/video/sim2/Magenta.mp4,575,9.583344,d72609b3b1aaca10e5713a49300cd1094b988a69cd5e40b6d97937ebb3c20100
sim2_cropped/Magenta/Magenta_063.png,Magenta,jeep,63,63,63,False,verified_source_pixels,source_video_counter,0,/home/fwromano/Documents/Code/experiments/VectorManifold/data/raw/video/sim2/Magenta.mp4,586,9.766678,982875a2b3842bed7a4ca922e8f7c4a022a17a011c635244d4fcc621a4321daa
sim2_cropped/Magenta/Magenta_064.png,Magenta,jeep,64,64,64,False,verified_source_pixels,source_video_counter,0,/home/fwromano/Documents/Code/experiments/VectorManifold/data/raw/video/sim2/Magenta.mp4,598,9.966678,63177aca35ad49e51595e38db42f5f7600f676917254cf23bd3e5f821eea91ae
sim2_cropped/Magenta/Magenta_065.png,Magenta,jeep,65,65,65,False,verified_source_pixels,source_video_counter,0,/home/fwromano/Documents/Code/experiments/VectorManifold/data/raw/video/sim2/Magenta.mp4,608,10.133344,347cd8d602f8f049264bb570d89f887d55196b3d134e589e421b05f3529771b3
sim2_cropped/Magenta/Magenta_066.png,Magenta,jeep,66,66,66,False,verified_source_pixels,source_video_counter,0,/home/fwromano/Documents/Code/experiments/VectorManifold/data/raw/video/sim2/Magenta.mp4,620,10.333344,5bc7d6228a695e8a3d71658cd977465a3c61c098e0711284de69dd151b5d31ef
sim2_cropped/Magenta/Magenta_067.png,Magenta,jeep,67,67,67,False,verified_source_pixels,source_video_counter,0,/home/fwromano/Documents/Code/experiments/VectorManifold/data/raw/video/sim2/Magenta.mp4,631,10.516667,300787d4178e8b9ab6f3a45f42f9a30277697cf0643a00018d62dade6730970c
sim2_cropped/Magenta/Magenta_068.png,Magenta,jeep,63,63,68,True,verified_source_pixels,source_video_counter,0,/home/fwromano/Documents/Code/experiments/VectorManifold/data/raw/video/sim2/Magenta.mp4,591,9.850011,c7d3c255eb5d1d87eed79e0a86d53464c19a43072fefa18a3b9d16f2fc193c24
sim2_cropped/Magenta/Magenta_069.png,Magenta,jeep,69,69,69,False,verified_source_pixels,source_video_counter,0,/home/fwromano/Documents/Code/experiments/VectorManifold/data/raw/video/sim2/Magenta.mp4,653,10.883344,8514d72308ec1ebda171e6b9b392e3cbafe289995114c00a510b71a8c8259969
sim2_cropped/Magenta/Magenta_070.png,Magenta,jeep,70,70,70,False,verified_source_pixels,source_video_counter,0,/home/fwromano/Documents/Code/experiments/VectorManifold/data/raw/video/sim2/Magenta.mp4,671,11.183344,cfff9a886ae0e13b680313bb749324a45f744e9ace3403849ff814b0986b30c9
sim2_cropped/Magenta/Magenta_071.png,Magenta,jeep,71,71,71,False,verified_source_pixels,source_video_counter,0,/home/fwromano/Documents/Code/experiments/VectorManifold/data/raw/video/sim2/Magenta.mp4,682,11.366667,7f4c5fdb89718a8c90103161ddbe89c74ec5c79901cd4a38d41f6f332b838c35
sim2_cropped/Magenta/Magenta_072.png,Magenta,jeep,72,72,72,False,verified_source_pixels,source_video_counter,0,/home/fwromano/Documents/Code/experiments/VectorManifold/data/raw/video/sim2/Magenta.mp4,693,11.55,a534bc78aeab266ef52ece88d90afc6050db19e08482ed73f9c583cff2ac9a03
sim2_cropped/Magenta/Magenta_073.png,Magenta,jeep,73,73,73,False,verified_source_pixels,source_video_counter,0,/home/fwromano/Documents/Code/experiments/VectorManifold/data/raw/video/sim2/Magenta.mp4,704,11.733344,e9ea70c7b9be8403da88f2be052b7ec3dfdd295bb3954a30c785d2f4454241b7
sim2_cropped/Magenta/Magenta_074.png,Magenta,jeep,74,74,74,False,verified_source_pixels,source_video_counter,0,/home/fwromano/Documents/Code/experiments/VectorManifold/data/raw/video/sim2/Magenta.mp4,716,11.933344,d40e7d66b24dfafe6a620d1d25ad3b3a621a2283c0454e58e60ae8e89d9da842
sim2_cropped/Magenta/Magenta_075.png,Magenta,jeep,75,75,75,False,verified_source_pixels,source_video_counter,0,/home/fwromano/Documents/Code/experiments/VectorManifold/data/raw/video/sim2/Magenta.mp4,727,12.116667,c9006b50977f0455bebfd72ef420fc0f45f5b494766348c8665670c43d99db7c
sim2_cropped/Magenta/Magenta_076.png,Magenta,jeep,76,76,76,False,verified_source_pixels,source_video_counter,0,/home/fwromano/Documents/Code/experiments/VectorManifold/data/raw/video/sim2/Magenta.mp4,739,12.316667,5df249ef0bfaeaac11b05e8feea109bd9b409588d8cecf8a23d135fecb67be25
sim2_cropped/Magenta/Magenta_077.png,Magenta,jeep,77,77,77,False,verified_source_pixels,source_video_counter,0,/home/fwromano/Documents/Code/experiments/VectorManifold/data/raw/video/sim2/Magenta.mp4,750,12.5,1224f68ebb98687226181360d1138d5ffd75e90976c1e13353a6b95b517f3eec
sim2_cropped/Magenta/Magenta_078.png,Magenta,jeep,73,73,78,True,verified_source_pixels,source_video_counter,0,/home/fwromano/Documents/Code/experiments/VectorManifold/data/raw/video/sim2/Magenta.mp4,709,11.816678,34c44549fbc5ae405af38789a8d52e6a7fafa9f8462b8f748f186de0cde94495
sim2_cropped/Magenta/Magenta_079.png,Magenta,jeep,79,79,79,False,verified_source_pixels,source_video_counter,0,/home/fwromano/Documents/Code/experiments/VectorManifold/data/raw/video/sim2/Magenta.mp4,777,12.95,87e9d8f30c771cedeb95159e222c725c299bd03bd390435bcd3220d9dcf9897d
sim2_cropped/Magenta/Magenta_080.png,Magenta,jeep,30,30,80,True,verified_source_pixels,source_video_counter,0,/home/fwromano/Documents/Code/experiments/VectorManifold/data/raw/video/sim2/Magenta.mp4,188,3.133344,cb2f5bc1c5b0919bdf64052e357de2fbd7b5c981377ed539f0f8798f37d1ea36
sim2_cropped/Magenta/Magenta_081.png,Magenta,jeep,31,31,81,True,verified_source_pixels,source_video_counter,0,/home/fwromano/Documents/Code/experiments/VectorManifold/data/raw/video/sim2/Magenta.mp4,200,3.333344,b9083068be3678e6ba3d05d88878b79f49577b4e6301067feef7488d71cd167e
sim2_cropped/Magenta/Magenta_082.png,Magenta,jeep,32,32,82,True,verified_source_pixels,source_video_counter,0,/home/fwromano/Documents/Code/experiments/VectorManifold/data/raw/video/sim2/Magenta.mp4,211,3.516667,ea4a3ba19138aa52ac733bef2399bab178aa627fb72ce34e5711f32ba3a3654e
sim2_cropped/Magenta/Magenta_084.png,Magenta,jeep,84,84,84,False,verified_source_pixels,source_video_counter,0,/home/fwromano/Documents/Code/experiments/VectorManifold/data/raw/video/sim2/Magenta.mp4,829,13.816678,8610b29a54111dc51032480b276d064ed73c13dd87d3046bd835c5934c41c78b
sim2_cropped/Magenta/Magenta_085.png,Magenta,jeep,85,85,85,False,verified_source_pixels,source_video_counter,0,/home/fwromano/Documents/Code/experiments/VectorManifold/data/raw/video/sim2/Magenta.mp4,841,14.016667,086c6e8a6a98d6ad0823c60c609dee34ca98a9189787ca1ce135fc34d55a681a
sim2_cropped/Magenta/Magenta_086.png,Magenta,jeep,86,86,86,False,verified_source_pixels,source_video_counter,0,/home/fwromano/Documents/Code/experiments/VectorManifold/data/raw/video/sim2/Magenta.mp4,858,14.300011,314cf57b84390f4be20326c898d9ce5e57143594c356e05fc6b2900de926381b
sim2_cropped/Magenta/Magenta_087.png,Magenta,jeep,87,87,87,False,verified_source_pixels,source_video_counter,0,/home/fwromano/Documents/Code/experiments/VectorManifold/data/raw/video/sim2/Magenta.mp4,869,14.483333,a5e76162484a9d78b38d9b05b3a3c070751436e54229f6102da31dc49ccc925f
sim2_cropped/Magenta/Magenta_088.png,Magenta,jeep,38,38,88,True,verified_source_pixels,source_video_counter,0,/home/fwromano/Documents/Code/experiments/VectorManifold/data/raw/video/sim2/Magenta.mp4,284,4.733344,32da58370b3db3723616154dd9e207591a6c84fac38edb7eeb1557aa1793b173
sim2_cropped/Magenta/Magenta_089.png,Magenta,jeep,39,39,89,True,verified_source_pixels,source_video_counter,0,/home/fwromano/Documents/Code/experiments/VectorManifold/data/raw/video/sim2/Magenta.mp4,297,4.95,43e12e48bd69fc4722c30936bef9f5973f2e7687f77a5890b092e2e627fea883
sim2_cropped/Magenta/Magenta_090.png,Magenta,jeep,90,90,90,False,verified_source_pixels,source_video_counter,0,/home/fwromano/Documents/Code/experiments/VectorManifold/data/raw/video/sim2/Magenta.mp4,909,15.150011,01f194104b81785a1b4ca968b058f7918498908f89d5204dce2438d158700ec0
sim2_cropped/Magenta/Magenta_091.png,Magenta,jeep,91,91,91,False,verified_source_pixels,source_video_counter,0,/home/fwromano/Documents/Code/experiments/VectorManifold/data/raw/video/sim2/Magenta.mp4,920,15.333344,6ac073f46c2d07e740d1a80739a2dffae6a4db893f6a289e41a22f0c91e8badd
sim2_cropped/Magenta/Magenta_092.png,Magenta,jeep,92,92,92,False,verified_source_pixels,source_video_counter,0,/home/fwromano/Documents/Code/experiments/VectorManifold/data/raw/video/sim2/Magenta.mp4,931,15.516667,4b9644749308b6df643b0a3ca1778d108f25e4e654014b3d24effbb0b36328b3
sim2_cropped/Magenta/Magenta_094.png,Magenta,jeep,94,94,94,False,verified_source_pixels,source_video_counter,0,/home/fwromano/Documents/Code/experiments/VectorManifold/data/raw/video/sim2/Magenta.mp4,954,15.900011,492fe1f2151e459c2c59a1632395225427033fbdce99c7f1a3dbecd675e74b7c
sim2_cropped/Magenta/Magenta_095.png,Magenta,jeep,95,95,95,False,verified_source_pixels,source_video_counter,0,/home/fwromano/Documents/Code/experiments/VectorManifold/data/raw/video/sim2/Magenta.mp4,972,16.2,ee95c8269409e35a9f232660a747ab744ed4a9769bc026c0fca0bf3dec008b7d
sim2_cropped/Magenta/Magenta_096.png,Magenta,jeep,96,96,96,False,verified_source_pixels,source_video_counter,0,/home/fwromano/Documents/Code/experiments/VectorManifold/data/raw/video/sim2/Magenta.mp4,982,16.366678,42be828003eff55ae630545fb80bd2396f75f4e063dbd593e75c826eaefdb8d0
sim2_cropped/Magenta/Magenta_097.png,Magenta,jeep,97,97,97,False,verified_source_pixels,source_video_counter,0,/home/fwromano/Documents/Code/experiments/VectorManifold/data/raw/video/sim2/Magenta.mp4,994,16.566678,2f6b0d13c58443e6ff5bdf6af4517942390878b69fb296f253616a165f9b94af
sim2_cropped/Magenta/Magenta_098.png,Magenta,jeep,93,93,98,True,verified_source_pixels,source_video_counter,0,/home/fwromano/Documents/Code/experiments/VectorManifold/data/raw/video/sim2/Magenta.mp4,942,15.700011,f9ebb44b3b9bbbea11f77039c9dfd5ffb1ef1325a0e95a667bd70f16ab20a941
sim2_cropped/Magenta/Magenta_099.png,Magenta,jeep,99,99,99,False,verified_source_pixels,source_video_counter,0,/home/fwromano/Documents/Code/experiments/VectorManifold/data/raw/video/sim2/Magenta.mp4,1011,16.85,58f96cda5bfeba451577b0e12d0014d339514b8c846b0389cf87f643eaeb16a6
sim2_cropped/Magenta/Magenta_100.png,Magenta,jeep,100,100,100,False,verified_source_pixels,source_video_counter,0,/home/fwromano/Documents/Code/experiments/VectorManifold/data/raw/video/sim2/Magenta.mp4,1029,17.150011,2d40e7001c872ebb78082befd768becf90f425fa341e80cb07abcf0ca49b2786
sim2_cropped/Magenta/Magenta_101.png,Magenta,jeep,101,101,101,False,verified_source_pixels,source_video_counter,0,/home/fwromano/Documents/Code/experiments/VectorManifold/data/raw/video/sim2/Magenta.mp4,1041,17.350011,bc0bcafe2b4dfa49edcb9ff08a8497d37ad2ee329051c53372e3cd96fa48e4c1
sim2_cropped/Magenta/Magenta_102.png,Magenta,jeep,102,102,102,False,verified_source_pixels,source_video_counter,0,/home/fwromano/Documents/Code/experiments/VectorManifold/data/raw/video/sim2/Magenta.mp4,1051,17.516667,afbb8ebe2d8bc2ccdd830025c72ba4c9169d31d21fb5d132075a100788d76722
sim2_cropped/Magenta/Magenta_103.png,Magenta,jeep,103,103,103,False,verified_source_pixels,source_video_counter,0,/home/fwromano/Documents/Code/experiments/VectorManifold/data/raw/video/sim2/Magenta.mp4,1063,17.716678,6716ce97a9de3d6aa34d2c7c3c46ab83e5333998d96b520905567d2bc7f07b1c
sim2_cropped/Magenta/Magenta_104.png,Magenta,jeep,104,104,104,False,verified_source_pixels,source_video_counter,0,/home/fwromano/Documents/Code/experiments/VectorManifold/data/raw/video/sim2/Magenta.mp4,1074,17.900011,df6638a4d1cd45ce2f5fc003230d0f98a8b89c992c812d59fd780bd86e3bac26
sim2_cropped/Magenta/Magenta_105.png,Magenta,jeep,105,105,105,False,verified_source_pixels,source_video_counter,0,/home/fwromano/Documents/Code/experiments/VectorManifold/data/raw/video/sim2/Magenta.mp4,1085,18.083333,1e2ecd3596443ff5365881f2652b161fd82d407cbc6b075dd3204167aafca3c3
sim2_cropped/Magenta/Magenta_106.png,Magenta,jeep,106,106,106,False,verified_source_pixels,source_video_counter,0,/home/fwromano/Documents/Code/experiments/VectorManifold/data/raw/video/sim2/Magenta.mp4,1102,18.366678,287d2d713c481ee0e0f6d4726aeb57ff4ffc410810b374eae711b9cd5a5a0411
sim2_cropped/Magenta/Magenta_107.png,Magenta,jeep,107,107,107,False,verified_source_pixels,source_video_counter,0,/home/fwromano/Documents/Code/experiments/VectorManifold/data/raw/video/sim2/Magenta.mp4,1114,18.566667,c2c5a1cd20e30e0850e7c00fc63a57adb8af484f536a36106dc7ce16e7625927
sim2_cropped/Magenta/Magenta_108.png,Magenta,jeep,103,103,108,True,verified_source_pixels,source_video_counter,0,/home/fwromano/Documents/Code/experiments/VectorManifold/data/raw/video/sim2/Magenta.mp4,1068,17.8,ce4d526d58e4cc4fa4b94cce5df6c358f02cd9cc3b96120d1746db01cd3b6f9f
sim2_cropped/Magenta/Magenta_109.png,Magenta,jeep,109,109,109,False,verified_source_pixels,source_video_counter,0,/home/fwromano/Documents/Code/experiments/VectorManifold/data/raw/video/sim2/Magenta.mp4,1136,18.933344,071bd80515fb4120d0775cd891dedd6994f91fa71afff9a4506750d8bbb53df9
sim2_cropped/Magenta/Magenta_110.png,Magenta,jeep,110,110,110,False,verified_source_pixels,source_video_counter,0,/home/fwromano/Documents/Code/experiments/VectorManifold/data/raw/video/sim2/Magenta.mp4,1147,19.116667,2cf2a0febb2190fc3e6279e68d9263f26fab5e1d3b7a4da4ea91d6fcafe9126f
sim2_cropped/Magenta/Magenta_111.png,Magenta,jeep,111,111,111,False,verified_source_pixels,source_video_counter,0,/home/fwromano/Documents/Code/experiments/VectorManifold/data/raw/video/sim2/Magenta.mp4,1159,19.316667,bcec51637de7703da9df6b00a71434d4ae0102c2ff68e0d3ad609b3ae7bf5523
sim2_cropped/Magenta/Magenta_112.png,Magenta,jeep,112,112,112,False,verified_source_pixels,source_video_counter,0,/home/fwromano/Documents/Code/experiments/VectorManifold/data/raw/video/sim2/Magenta.mp4,1170,19.5,c36ee6088d4739085549cc4bfda7de778d397c06fb9a1f106e76ce8e990254d4
sim2_cropped/Magenta/Magenta_113.png,Magenta,jeep,113,113,113,False,verified_source_pixels,source_video_counter,0,/home/fwromano/Documents/Code/experiments/VectorManifold/data/raw/video/sim2/Magenta.mp4,1182,19.7,7e2cd4c6c80d8e702bdeca8610856b788e6afada03025e049901bbbd4e444348
sim2_cropped/Magenta/Magenta_114.png,Magenta,jeep,114,114,114,False,verified_source_pixels,source_video_counter,0,/home/fwromano/Documents/Code/experiments/VectorManifold/data/raw/video/sim2/Magenta.mp4,1198,19.966667,4b4b9dbc0c105c25837683317daff248b29a4f0667e9eb997225c9d56c5aea3e
sim2_cropped/Magenta/Magenta_115.png,Magenta,jeep,115,115,115,False,verified_source_pixels,source_video_counter,0,/home/fwromano/Documents/Code/experiments/VectorManifold/data/raw/video/sim2/Magenta.mp4,1210,20.166667,a920e690d8afdec496dc70d47e341eebc83820ecf3676db35362a34182bc9039
sim2_cropped/Magenta/Magenta_116.png,Magenta,jeep,116,116,116,False,verified_source_pixels,source_video_counter,0,/home/fwromano/Documents/Code/experiments/VectorManifold/data/raw/video/sim2/Magenta.mp4,1220,20.333344,c5a30b401aa67331c7ed5f6f273b1fb81c12f590fca760af3b9afb73ce6fe8b9
sim2_cropped/Magenta/Magenta_117.png,Magenta,jeep,117,117,117,False,verified_source_pixels,source_video_counter,0,/home/fwromano/Documents/Code/experiments/VectorManifold/data/raw/video/sim2/Magenta.mp4,1232,20.533344,a15e43796f5a94605d931e1286fcba3834ae3d75f9ca2baa8901437207dadc53
sim2_cropped/Magenta/Magenta_118.png,Magenta,jeep,113,113,118,True,verified_source_pixels,source_video_counter,0,/home/fwromano/Documents/Code/experiments/VectorManifold/data/raw/video/sim2/Magenta.mp4,1193,19.883333,4900b90820b199f3fdc111c6a4297ca07bdd200af9c1fc50ddf69a7f1f4530d9
sim2_cropped/Magenta/Magenta_119.png,Magenta,jeep,119,119,119,False,verified_source_pixels,source_video_counter,0,/home/fwromano/Documents/Code/experiments/VectorManifold/data/raw/video/sim2/Magenta.mp4,1255,20.916667,bfcdf62538f79759f5387115b0d34220b43d8e73ec5f4581a1fc8ac7c58706a1
sim2_cropped/Magenta/Magenta_120.png,Magenta,jeep,120,120,120,False,verified_source_pixels,source_video_counter,0,/home/fwromano/Documents/Code/experiments/VectorManifold/data/raw/video/sim2/Magenta.mp4,1266,21.1,7c770923b6167f58714af77d16893cf5fbb73d4340794274758ed0ba977ef10e
sim2_cropped/Magenta/Magenta_121.png,Magenta,jeep,121,121,121,False,verified_source_pixels,source_video_counter,0,/home/fwromano/Documents/Code/experiments/VectorManifold/data/raw/video/sim2/Magenta.mp4,1278,21.3,71ba099d953833ed703427312a0003db649850c61e8531be57992434d1a660e1
sim2_cropped/Magenta/Magenta_122.png,Magenta,jeep,122,122,122,False,verified_source_pixels,source_video_counter,0,/home/fwromano/Documents/Code/experiments/VectorManifold/data/raw/video/sim2/Magenta.mp4,1294,21.566667,db18eeeb2827247a3fb43132d1711d738001aa3ca54de8e83c51b68938e88fb4
sim2_cropped/Magenta/Magenta_123.png,Magenta,jeep,123,123,123,False,verified_source_pixels,source_video_counter,0,/home/fwromano/Documents/Code/experiments/VectorManifold/data/raw/video/sim2/Magenta.mp4,1305,21.75,38fc7b3b056adc5cc97355106b2a45ad52ef4562ac33ae1101124c7b9b9e46f8
sim2_cropped/Magenta/Magenta_124.png,Magenta,jeep,124,124,124,False,verified_source_pixels,source_video_counter,0,/home/fwromano/Documents/Code/experiments/VectorManifold/data/raw/video/sim2/Magenta.mp4,1316,21.933344,929c4e0ee6a8c1b48cfb459d6d7c4ab82d7e78ef7ff55ee0a440c575e88ef41d
sim2_cropped/Magenta/Magenta_125.png,Magenta,jeep,125,125,125,False,verified_source_pixels,source_video_counter,0,/home/fwromano/Documents/Code/experiments/VectorManifold/data/raw/video/sim2/Magenta.mp4,1328,22.133344,9198f90531a5004b5affe98df5e7a91738c614fc400c3934775e6d973c91c260
sim2_cropped/Magenta/Magenta_126.png,Magenta,jeep,126,126,126,False,verified_source_pixels,source_video_counter,0,/home/fwromano/Documents/Code/experiments/VectorManifold/data/raw/video/sim2/Magenta.mp4,1338,22.3,d36ac8aeff6a59a3d9b3446960f385b756d3e4fccf6429cf59afe56ee3e28e10
sim2_cropped/Magenta/Magenta_127.png,Magenta,jeep,127,127,127,False,verified_source_pixels,source_video_counter,0,/home/fwromano/Documents/Code/experiments/VectorManifold/data/raw/video/sim2/Magenta.mp4,1350,22.5,bca6d2cfb11a152aefa9aa566fbbcd30bc15c803da9efc98434ccd3c59986361
sim2_cropped/Magenta/Magenta_128.png,Magenta,jeep,123,123,128,True,verified_source_pixels,source_video_counter,0,/home/fwromano/Documents/Code/experiments/VectorManifold/data/raw/video/sim2/Magenta.mp4,1311,21.850011,a6a61b27f7bbabd1a34a3e6fd466894dcb3c4fbe63e34eba213ad7204a3c4457
sim2_cropped/Magenta/Magenta_129.png,Magenta,jeep,129,129,129,False,verified_source_pixels,source_video_counter,0,/home/fwromano/Documents/Code/experiments/VectorManifold/data/raw/video/sim2/Magenta.mp4,1378,22.966678,82065029f2ad726444d7a4a287e1d1daf4d63b792d7422cce744de0bb7c21dc2
sim2_cropped/Magenta/Magenta_130.png,Magenta,jeep,130,130,130,False,verified_source_pixels,source_video_counter,0,/home/fwromano/Documents/Code/experiments/VectorManifold/data/raw/video/sim2/Magenta.mp4,1389,23.150011,59bf98aa5acfd88e31087ad7156c958c7fc3ad32940ed6bca9b3af313941de10
sim2_cropped/Magenta/Magenta_131.png,Magenta,jeep,131,131,131,False,verified_source_pixels,source_video_counter,0,/home/fwromano/Documents/Code/experiments/VectorManifold/data/raw/video/sim2/Magenta.mp4,1401,23.350011,b3e8089ce7b08a29ea71564efd83e13da3058d1d1ce366ff3dd7e9255594b376
sim2_cropped/Magenta/Magenta_132.png,Magenta,jeep,132,132,132,False,verified_source_pixels,source_video_counter,0,/home/fwromano/Documents/Code/experiments/VectorManifold/data/raw/video/sim2/Magenta.mp4,1412,23.533344,d4ed3e1344c6d744bea300a828c4be8670d95af4cf696894a0dc04edbbbeddf0
sim2_cropped/Magenta/Magenta_133.png,Magenta,jeep,133,133,133,False,verified_source_pixels,source_video_counter,0,/home/fwromano/Documents/Code/experiments/VectorManifold/data/raw/video/sim2/Magenta.mp4,1423,23.716678,ad3803d4ce44df53552d62b02ab8ecb9c4ce7ebf3ea28cd4ba5f33ef0cbbdc6b
sim2_cropped/Magenta/Magenta_134.png,Magenta,jeep,134,134,134,False,verified_source_pixels,source_video_counter,0,/home/fwromano/Documents/Code/experiments/VectorManifold/data/raw/video/sim2/Magenta.mp4,1434,23.900011,b099977ba6516827672922876d54b05c178d1ce6d017aa3e002c8c0cd5d5589d
sim2_cropped/Magenta/Magenta_135.png,Magenta,jeep,135,135,135,False,verified_source_pixels,source_video_counter,0,/home/fwromano/Documents/Code/experiments/VectorManifold/data/raw/video/sim2/Magenta.mp4,1445,24.083333,4706cb3b12ba90285ee1fe6e7b4407d5024c3f1dd36576366126c4c88f978b49
sim2_cropped/Magenta/Magenta_136.png,Magenta,jeep,136,136,136,False,verified_source_pixels,source_video_counter,0,/home/fwromano/Documents/Code/experiments/VectorManifold/data/raw/video/sim2/Magenta.mp4,1462,24.366678,2f18a48ce05c1af5b71ea195743b665571543ca0fdb5eacca40e54be2637e938
sim2_cropped/Magenta/Magenta_137.png,Magenta,jeep,137,137,137,False,verified_source_pixels,source_video_counter,0,/home/fwromano/Documents/Code/experiments/VectorManifold/data/raw/video/sim2/Magenta.mp4,1474,24.566678,71e9f88d120a3e3f93ab0898a3ff8861bf3ae6f79d28f929ab5c4d4624f6a392
sim2_cropped/Magenta/Magenta_138.png,Magenta,jeep,133,133,138,True,verified_source_pixels,source_video_counter,0,/home/fwromano/Documents/Code/experiments/VectorManifold/data/raw/video/sim2/Magenta.mp4,1429,23.816667,1ba7eec146c67c3f8e7824210d52e79738939171a3c1514ee5aef2d528a9605d
sim2_cropped/Magenta/Magenta_139.png,Magenta,jeep,139,139,139,False,verified_source_pixels,source_video_counter,0,/home/fwromano/Documents/Code/experiments/VectorManifold/data/raw/video/sim2/Magenta.mp4,1497,24.950011,7a664045b20929ec4fe008c7270ba8a76e39aad8137b5fcb698dbcca02af2943
sim2_cropped/Magenta/Magenta_140.png,Magenta,jeep,140,140,140,False,verified_source_pixels,source_video_counter,0,/home/fwromano/Documents/Code/experiments/VectorManifold/data/raw/video/sim2/Magenta.mp4,1507,25.116667,05832363fec094446be8ea694ce35a0ae110e55aabe4de5a5ecee76c47d9b0ff
sim2_cropped/Magenta/Magenta_141.png,Magenta,jeep,141,141,141,False,verified_source_pixels,source_video_counter,0,/home/fwromano/Documents/Code/experiments/VectorManifold/data/raw/video/sim2/Magenta.mp4,1519,25.316678,b1a5c58ce029f92dbe18961a6184a5969d1e181b1717be78a8416fdff26e8e4c
sim2_cropped/Magenta/Magenta_142.png,Magenta,jeep,142,142,142,False,verified_source_pixels,source_video_counter,0,/home/fwromano/Documents/Code/experiments/VectorManifold/data/raw/video/sim2/Magenta.mp4,1530,25.500011,bff59bd674e0ed44b5c205eb9f6d65c507d1c9c5f00bdc35504c42e9d57ef8cd
sim2_cropped/Magenta/Magenta_143.png,Magenta,jeep,143,143,143,False,verified_source_pixels,source_video_counter,0,/home/fwromano/Documents/Code/experiments/VectorManifold/data/raw/video/sim2/Magenta.mp4,1547,25.783344,4de807f86021377a4cd2a70e18fdefb9fbed9819c78fbb2bbbc1ade219aed0f1
sim2_cropped/Magenta/Magenta_144.png,Magenta,jeep,144,144,144,False,verified_source_pixels,source_video_counter,0,/home/fwromano/Documents/Code/experiments/VectorManifold/data/raw/video/sim2/Magenta.mp4,1558,25.966678,74a137319d7f0048d1d5168cfc716f162583ff40710f0d41240eb141cbcc7d0d
sim2_cropped/Magenta/Magenta_145.png,Magenta,jeep,145,145,145,False,verified_source_pixels,source_video_counter,0,/home/fwromano/Documents/Code/experiments/VectorManifold/data/raw/video/sim2/Magenta.mp4,1570,26.166678,4c5b5ba29decfcceae45f6c7dbe1fff5a5b1d622ebef22954909a12316b9548b
sim2_cropped/Magenta/Magenta_146.png,Magenta,jeep,146,146,146,False,verified_source_pixels,source_video_counter,0,/home/fwromano/Documents/Code/experiments/VectorManifold/data/raw/video/sim2/Magenta.mp4,1580,26.333344,67f43ff6ecf8f77aee1d7245a3d76f19698320a905992a83fe4605166276700f
sim2_cropped/Magenta/Magenta_147.png,Magenta,jeep,147,147,147,False,verified_source_pixels,source_video_counter,0,/home/fwromano/Documents/Code/experiments/VectorManifold/data/raw/video/sim2/Magenta.mp4,1591,26.516667,7b217a3c3bd2be744407cb6af256e12e1301b9014c67b02a2d180abf597cb72a
sim2_cropped/Magenta/Magenta_148.png,Magenta,jeep,143,143,148,True,verified_source_pixels,source_video_counter,0,/home/fwromano/Documents/Code/experiments/VectorManifold/data/raw/video/sim2/Magenta.mp4,1553,25.883333,ebef57b3681913f7ed74d255a35162ae47e8d20d9ad5d7b0e00471c86b9ddfd0
sim2_cropped/Magenta/Magenta_149.png,Magenta,jeep,149,149,149,False,verified_source_pixels,source_video_counter,0,/home/fwromano/Documents/Code/experiments/VectorManifold/data/raw/video/sim2/Magenta.mp4,1614,26.9,91c43eb920cfc24ba93e497e237fccfcea1b73ee9dec1740b12a4711fcf66d9d
sim2_cropped/Magenta/Magenta_150.png,Magenta,jeep,150,150,150,False,verified_source_pixels,source_video_counter,0,/home/fwromano/Documents/Code/experiments/VectorManifold/data/raw/video/sim2/Magenta.mp4,1626,27.1,71bbeaf6bc89f11de4145e65bd706b4a72fb76f94c749f78ce5065c963e49ae6
sim2_cropped/Magenta/Magenta_151.png,Magenta,jeep,151,151,151,False,verified_source_pixels,source_video_counter,0,/home/fwromano/Documents/Code/experiments/VectorManifold/data/raw/video/sim2/Magenta.mp4,1643,27.383344,54914701f9a8d7ea5bfa679dd170a6c96c300b1f31015430f7688cbc693412f6
sim2_cropped/Magenta/Magenta_152.png,Magenta,jeep,152,152,152,False,verified_source_pixels,source_video_counter,0,/home/fwromano/Documents/Code/experiments/VectorManifold/data/raw/video/sim2/Magenta.mp4,1654,27.566667,57eb30bd05c129e06ea90622488b1f19d98e703180602ee7c19d6294f405699f
sim2_cropped/Magenta/Magenta_153.png,Magenta,jeep,153,153,153,False,verified_source_pixels,source_video_counter,0,/home/fwromano/Documents/Code/experiments/VectorManifold/data/raw/video/sim2/Magenta.mp4,1666,27.766667,2cbfe5555fade056361f0ea1b04a8239609d44fcbbeb308b6488325626e885c7
sim2_cropped/Magenta/Magenta_154.png,Magenta,jeep,154,154,154,False,verified_source_pixels,source_video_counter,0,/home/fwromano/Documents/Code/experiments/VectorManifold/data/raw/video/sim2/Magenta.mp4,1677,27.95,a850c3bb9cad1f31512602243da9f04def513feb9c5c20c78a4c136292b85838
sim2_cropped/Magenta/Magenta_155.png,Magenta,jeep,155,155,155,False,verified_source_pixels,source_video_counter,0,/home/fwromano/Documents/Code/experiments/VectorManifold/data/raw/video/sim2/Magenta.mp4,1689,28.15,e94e5f180e25c5631fe15e16c15095735445334f7d8669ab0052442b8be0910d
sim2_cropped/Magenta/Magenta_156.png,Magenta,jeep,156,156,156,False,verified_source_pixels,source_video_counter,0,/home/fwromano/Documents/Code/experiments/VectorManifold/data/raw/video/sim2/Magenta.mp4,1700,28.333344,62ad9241a851a809d40cd5bba166c1c8c5391f09098b25b9bf821a236b021309
sim2_cropped/Magenta/Magenta_157.png,Magenta,jeep,157,157,157,False,verified_source_pixels,source_video_counter,0,/home/fwromano/Documents/Code/experiments/VectorManifold/data/raw/video/sim2/Magenta.mp4,1711,28.516667,1ff0044d05429f8c8855d472e4891fa558f90f6b3caae6b008fb3c528c786d48
sim2_cropped/Magenta/Magenta_158.png,Magenta,jeep,153,153,158,True,verified_source_pixels,source_video_counter,0,/home/fwromano/Documents/Code/experiments/VectorManifold/data/raw/video/sim2/Magenta.mp4,1672,27.866678,595be5a54fa53912ff369c6f352bdcc076c640167ad391808ce92d2702e01a15
sim2_cropped/Magenta/Magenta_159.png,Magenta,jeep,159,159,159,False,verified_source_pixels,source_video_counter,0,/home/fwromano/Documents/Code/experiments/VectorManifold/data/raw/video/sim2/Magenta.mp4,1734,28.9,1dd6d95e6fb218a9229086b7addecdad857d6d6bd77477ab82cc53c9e4c35ac1
sim2_cropped/Magenta/Magenta_160.png,Magenta,jeep,160,160,160,False,verified_source_pixels,source_video_counter,0,/home/fwromano/Documents/Code/experiments/VectorManifold/data/raw/video/sim2/Magenta.mp4,1750,29.166667,86b9c0470cf49aacc73063cf34cf7845799440a7b230b18586674e1a3bb6a423
sim2_cropped/Magenta/Magenta_161.png,Magenta,jeep,161,161,161,False,verified_source_pixels,source_video_counter,0,/home/fwromano/Documents/Code/experiments/VectorManifold/data/raw/video/sim2/Magenta.mp4,1762,29.366667,81689d679d6cb3efef7673bcb966bf0691662cb45455f430cba2e34f6364ec57
sim2_cropped/Magenta/Magenta_162.png,Magenta,jeep,162,162,162,False,verified_source_pixels,source_video_counter,0,/home/fwromano/Documents/Code/experiments/VectorManifold/data/raw/video/sim2/Magenta.mp4,1773,29.55,81a172e553dff8de1b0b907049936c440b26d10606c859791f00d8b8ac63c4ee
sim2_cropped/Magenta/Magenta_163.png,Magenta,jeep,163,163,163,False,verified_source_pixels,source_video_counter,0,/home/fwromano/Documents/Code/experiments/VectorManifold/data/raw/video/sim2/Magenta.mp4,1784,29.733344,6a454efd6e0e491d42712c5a47ea7871b0e3666bc7e4d5bd7b6d940dd2df18d8
sim2_cropped/Magenta/Magenta_164.png,Magenta,jeep,164,164,164,False,verified_source_pixels,source_video_counter,0,/home/fwromano/Documents/Code/experiments/VectorManifold/data/raw/video/sim2/Magenta.mp4,1795,29.916667,e24feb0a2ae614626f24610c06149dfc19fbe245e4c5d97cd94c5d61287ac8f2
sim2_cropped/Magenta/Magenta_165.png,Magenta,jeep,165,165,165,False,verified_source_pixels,source_video_counter,0,/home/fwromano/Documents/Code/experiments/VectorManifold/data/raw/video/sim2/Magenta.mp4,1806,30.1,27e8b1e258ee5b7af0fcb66b37736b6fb68a30b20a23af8e6de2da0b2fa85efc
sim2_cropped/Magenta/Magenta_166.png,Magenta,jeep,166,166,166,False,verified_source_pixels,source_video_counter,0,/home/fwromano/Documents/Code/experiments/VectorManifold/data/raw/video/sim2/Magenta.mp4,1818,30.3,6a3e01664799afe6a2539ef72c26fb33e739f51355080497f87f63467ca0098f
sim2_cropped/Magenta/Magenta_167.png,Magenta,jeep,167,167,167,False,verified_source_pixels,source_video_counter,0,/home/fwromano/Documents/Code/experiments/VectorManifold/data/raw/video/sim2/Magenta.mp4,1831,30.516667,77c14ac65fffa9008fbeb646cc74dfb547965204cdffd49651cbd79409c90ccc
sim2_cropped/Magenta/Magenta_168.png,Magenta,jeep,163,163,168,True,verified_source_pixels,source_video_counter,0,/home/fwromano/Documents/Code/experiments/VectorManifold/data/raw/video/sim2/Magenta.mp4,1789,29.816667,aaf40cdca179784ed88757295084edd0ba664a98c51fa945c1f49a5bfca13ae0
sim2_cropped/Magenta/Magenta_169.png,Magenta,jeep,169,169,169,False,verified_source_pixels,source_video_counter,0,/home/fwromano/Documents/Code/experiments/VectorManifold/data/raw/video/sim2/Magenta.mp4,1854,30.9,eea11ce474ad1a474fe9a813ede8c2d4d1a47286bd431f35a4a599de3b7d4cb9
sim2_cropped/Magenta/Magenta_170.png,Magenta,jeep,170,170,170,False,verified_source_pixels,source_video_counter,0,/home/fwromano/Documents/Code/experiments/VectorManifold/data/raw/video/sim2/Magenta.mp4,1865,31.083344,76e39b43b78c18ac118a96912954f55b2e6720d4805176b40729f12a7c5e06a9
sim2_cropped/Magenta/Magenta_171.png,Magenta,jeep,171,171,171,False,verified_source_pixels,source_video_counter,0,/home/fwromano/Documents/Code/experiments/VectorManifold/data/raw/video/sim2/Magenta.mp4,1878,31.300011,c9ba52fc8be6c8c45af832ddb9972aa6b63f9d711c58efcb829ae7349cd4d528
sim2_cropped/Magenta/Magenta_172.png,Magenta,jeep,172,172,172,False,verified_source_pixels,source_video_counter,0,/home/fwromano/Documents/Code/experiments/VectorManifold/data/raw/video/sim2/Magenta.mp4,1895,31.583333,610f65409283a672188aad0c242e619b4173a4bc7f1ed2317a5f3186f3670e77
sim2_cropped/Magenta/Magenta_173.png,Magenta,jeep,173,173,173,False,verified_source_pixels,source_video_counter,0,/home/fwromano/Documents/Code/experiments/VectorManifold/data/raw/video/sim2/Magenta.mp4,1900,31.666667,f54e2516439d6edb82f3b161d0a614e97d69227afb8ac82bf10b998028050922
sim2_cropped/Magenta/Magenta_174.png,Magenta,jeep,174,174,174,False,verified_source_pixels,source_video_counter,0,/home/fwromano/Documents/Code/experiments/VectorManifold/data/raw/video/sim2/Magenta.mp4,1917,31.950011,828e61c239b1ffe8da254490bc853da4bd011bf461450552ca3dbd4e9327597a
sim2_cropped/Magenta/Magenta_175.png,Magenta,jeep,175,175,175,False,verified_source_pixels,source_video_counter,0,/home/fwromano/Documents/Code/experiments/VectorManifold/data/raw/video/sim2/Magenta.mp4,1928,32.133344,9175aafd3ae0df0a64b8171f71d2895c1efa9fcfa9fce3983fd247c6ad47cb05
sim2_cropped/Magenta/Magenta_176.png,Magenta,jeep,176,176,176,False,verified_source_pixels,source_video_counter,0,/home/fwromano/Documents/Code/experiments/VectorManifold/data/raw/video/sim2/Magenta.mp4,1940,32.333344,25f76df51c691d2d0ec25cb113f8cd43ded85caae5f3bf85f50ae9dc6cd93316
sim2_cropped/Magenta/Magenta_177.png,Magenta,jeep,177,177,177,False,verified_source_pixels,source_video_counter,0,/home/fwromano/Documents/Code/experiments/VectorManifold/data/raw/video/sim2/Magenta.mp4,1950,32.500011,8707bedcea963dabbbeb4118a14f98d52963be34afe330dc53e0017b2b60e9d3
sim2_cropped/Magenta/Magenta_178.png,Magenta,jeep,173,173,178,True,verified_source_pixels,source_video_counter,0,/home/fwromano/Documents/Code/experiments/VectorManifold/data/raw/video/sim2/Magenta.mp4,1912,31.866667,ac1ceb788cc604e3c59373016e060b7642c03f2854d969ba888ca992ad45639c
sim2_cropped/Magenta/Magenta_179.png,Magenta,jeep,179,179,179,False,verified_source_pixels,source_video_counter,0,/home/fwromano/Documents/Code/experiments/VectorManifold/data/raw/video/sim2/Magenta.mp4,1978,32.966678,ffef9ac75798d35995929a2fa47731e0c6bc70bbd82dd835bd084a943a512595
sim2_cropped/Magenta/Magenta_180.png,Magenta,jeep,180,180,180,False,verified_source_pixels,source_video_counter,0,/home/fwromano/Documents/Code/experiments/VectorManifold/data/raw/video/sim2/Magenta.mp4,1985,33.083333,299bea3a467aae3619f60b9679055b2c6e97b49c95eb48820808c1a6dc209a32
sim2_cropped/Magenta/Magenta_181.png,Magenta,jeep,181,181,181,False,verified_source_pixels,source_video_counter,0,/home/fwromano/Documents/Code/experiments/VectorManifold/data/raw/video/sim2/Magenta.mp4,2001,33.350011,4f38fe134c86961cea5d793344baf2ec0fcb0ca17cd126d2ed035f438f8552d8
sim2_cropped/Magenta/Magenta_182.png,Magenta,jeep,182,182,182,False,verified_source_pixels,source_video_counter,0,/home/fwromano/Documents/Code/experiments/VectorManifold/data/raw/video/sim2/Magenta.mp4,2013,33.550011,05c5666a0a8310417258fd0d6dad898318b5eeb89eb82901d4dd3c45913cbd86
sim2_cropped/Magenta/Magenta_184.png,Magenta,jeep,184,184,184,False,verified_source_pixels,source_video_counter,0,/home/fwromano/Documents/Code/experiments/VectorManifold/data/raw/video/sim2/Magenta.mp4,2035,33.916678,006dfe80b38b05d12b70d0e9a035f1cce831c4d72696109f14ae2f2b7e961f2c
sim2_cropped/Magenta/Magenta_185.png,Magenta,jeep,185,185,185,False,verified_source_pixels,source_video_counter,0,/home/fwromano/Documents/Code/experiments/VectorManifold/data/raw/video/sim2/Magenta.mp4,2046,34.100011,c2b6200b5e09e72d19b9704a93b3e8de3669b26ce7045e8b396a0b069c178a20
sim2_cropped/Magenta/Magenta_186.png,Magenta,jeep,186,186,186,False,verified_source_pixels,source_video_counter,0,/home/fwromano/Documents/Code/experiments/VectorManifold/data/raw/video/sim2/Magenta.mp4,2057,34.283344,f94a38eb9271e8d22a8cf088655d786bc42285122e08a4ba24eef86010c15769
sim2_cropped/Magenta/Magenta_187.png,Magenta,jeep,187,187,187,False,verified_source_pixels,source_video_counter,0,/home/fwromano/Documents/Code/experiments/VectorManifold/data/raw/video/sim2/Magenta.mp4,2069,34.483333,38a483a120623dc7c8239a6fd2744fb24fda83a7f0f888b3457e37982c8136dc
sim2_cropped/Magenta/Magenta_188.png,Magenta,jeep,183,183,188,True,verified_source_pixels,source_video_counter,0,/home/fwromano/Documents/Code/experiments/VectorManifold/data/raw/video/sim2/Magenta.mp4,2024,33.733344,17a82d82b613d268445ac6f7bbfa276bd595a8dc9ea4f77951ba0f332aaa98ea
sim2_cropped/Magenta/Magenta_189.png,Magenta,jeep,139,139,189,True,verified_source_pixels,source_video_counter,0,/home/fwromano/Documents/Code/experiments/VectorManifold/data/raw/video/sim2/Magenta.mp4,1502,25.033333,b256ae3baf644bac856827e9267d79c59230dacc88f3e3b27a50bb0deb20d228
sim2_cropped/Magenta/Magenta_190.png,Magenta,jeep,190,190,190,False,verified_source_pixels,source_video_counter,0,/home/fwromano/Documents/Code/experiments/VectorManifold/data/raw/video/sim2/Magenta.mp4,2109,35.150011,6d2a1200033e909139a8b782e57fbab1726501634786bd4f222c7443268b87f3
sim2_cropped/Magenta/Magenta_191.png,Magenta,jeep,191,191,191,False,verified_source_pixels,source_video_counter,0,/home/fwromano/Documents/Code/experiments/VectorManifold/data/raw/video/sim2/Magenta.mp4,2119,35.316667,23eb2cc67095504ca60abef03527e4a314c33b0aade97393182bfddc5bceb942
sim2_cropped/Magenta/Magenta_192.png,Magenta,jeep,192,192,192,False,verified_source_pixels,source_video_counter,0,/home/fwromano/Documents/Code/experiments/VectorManifold/data/raw/video/sim2/Magenta.mp4,2131,35.516667,6a2cad55254cc790ff55d19cc11d12a0cdb2bcd03d878c9bdbe7194a1166207a
sim2_cropped/Magenta/Magenta_193.png,Magenta,jeep,193,193,193,False,verified_source_pixels,source_video_counter,0,/home/fwromano/Documents/Code/experiments/VectorManifold/data/raw/video/sim2/Magenta.mp4,2142,35.7,83cce0a02e40769a074b58558f5d1730a6cda5a32e114dbc6977cb25a158d24e
sim2_cropped/Magenta/Magenta_194.png,Magenta,jeep,194,194,194,False,verified_source_pixels,source_video_counter,0,/home/fwromano/Documents/Code/experiments/VectorManifold/data/raw/video/sim2/Magenta.mp4,2154,35.9,8a7a8c401d3ca0656c760b68966650705bf024ddc10e4cd58d2ba8efc95ee014
sim2_cropped/Magenta/Magenta_195.png,Magenta,jeep,195,195,195,False,verified_source_pixels,source_video_counter,0,/home/fwromano/Documents/Code/experiments/VectorManifold/data/raw/video/sim2/Magenta.mp4,2170,36.166667,000dee23301941c94cf6ae36e2aaea1144964176068ab0eb4b8b576d7b548c82
sim2_cropped/Magenta/Magenta_196.png,Magenta,jeep,196,196,196,False,verified_source_pixels,source_video_counter,0,/home/fwromano/Documents/Code/experiments/VectorManifold/data/raw/video/sim2/Magenta.mp4,2182,36.366667,e8a2f2cdc9d5475d418dd5cd9eff121cfc66a39cd5b42951b0a08bd925f44f7a
sim2_cropped/Magenta/Magenta_197.png,Magenta,jeep,197,197,197,False,verified_source_pixels,source_video_counter,0,/home/fwromano/Documents/Code/experiments/VectorManifold/data/raw/video/sim2/Magenta.mp4,2193,36.55,a5730039cc7fdac1cc64eeaaa72776716659a122960d7eadea4d2c37b677a9ef
sim2_cropped/Magenta/Magenta_198.png,Magenta,jeep,198,198,198,False,verified_source_pixels,source_video_counter,0,/home/fwromano/Documents/Code/experiments/VectorManifold/data/raw/video/sim2/Magenta.mp4,2205,36.75,bb18ca4c076f26743d4e2f28073d6b6888846ec463ab13e54900bb2c78b38c24
sim2_cropped/Magenta/Magenta_199.png,Magenta,jeep,199,199,199,False,verified_source_pixels,source_video_counter,0,/home/fwromano/Documents/Code/experiments/VectorManifold/data/raw/video/sim2/Magenta.mp4,2216,36.933344,4238629c9624e15ba6e13b5e8175bf8a558e1a077fb86046bd7b36878a96758c
sim2_cropped/Magenta/Magenta_200.png,Magenta,jeep,200,200,200,False,verified_source_pixels,source_video_counter,0,/home/fwromano/Documents/Code/experiments/VectorManifold/data/raw/video/sim2/Magenta.mp4,2228,37.133344,234db8fa89498cd564370815085ea66e53bcd787003424c4ae9ec3bfbb1c584a
sim2_cropped/Magenta/Magenta_201.png,Magenta,jeep,201,201,201,False,verified_source_pixels,source_video_counter,0,/home/fwromano/Documents/Code/experiments/VectorManifold/data/raw/video/sim2/Magenta.mp4,2238,37.3,ce70d688f51e2bf461adaeec4c4c967e7ccdfa36831e76e1b684aa3f59e228ab
sim2_cropped/Magenta/Magenta_202.png,Magenta,jeep,202,202,202,False,verified_source_pixels,source_video_counter,0,/home/fwromano/Documents/Code/experiments/VectorManifold/data/raw/video/sim2/Magenta.mp4,2250,37.5,3b80a25438767a61fccc89beb032f37b17d2214753c2a230682281c90c2b25c5
sim2_cropped/Magenta/Magenta_203.png,Magenta,jeep,203,203,203,False,verified_source_pixels,source_video_counter,0,/home/fwromano/Documents/Code/experiments/VectorManifold/data/raw/video/sim2/Magenta.mp4,2261,37.683333,e316a58dcb9ad8aec3ece6cdbc869be5bdbb80dbf7f05e2c43ee44e7a67a830f
sim2_cropped/Magenta/Magenta_204.png,Magenta,jeep,204,204,204,False,verified_source_pixels,source_video_counter,0,/home/fwromano/Documents/Code/experiments/VectorManifold/data/raw/video/sim2/Magenta.mp4,2273,37.883333,6fd8ec287e7e6faa73837f900678a4f9a8f50e7a17abdabb15a6f591044bc0c8
sim2_cropped/Magenta/Magenta_205.png,Magenta,jeep,205,205,205,False,verified_source_pixels,source_video_counter,0,/home/fwromano/Documents/Code/experiments/VectorManifold/data/raw/video/sim2/Magenta.mp4,2289,38.15,4b851d068991f344d71a94b800b569417602ccef159fcbf764df62d62cdfd22d
sim2_cropped/Magenta/Magenta_206.png,Magenta,jeep,206,206,206,False,verified_source_pixels,source_video_counter,0,/home/fwromano/Documents/Code/experiments/VectorManifold/data/raw/video/sim2/Magenta.mp4,2301,38.35,ef36d6d2e6c4cd95c98295a50233d8bd44fd2157afa0a7baa12947cafbd777ac
sim2_cropped/Magenta/Magenta_207.png,Magenta,jeep,207,207,207,False,verified_source_pixels,source_video_counter,0,/home/fwromano/Documents/Code/experiments/VectorManifold/data/raw/video/sim2/Magenta.mp4,2312,38.533344,b3c0338d6d30e742b72062da298f14e4a5b76e2dbbf9ad46887938cee1fb3cff
sim2_cropped/Magenta/Magenta_208.png,Magenta,jeep,208,208,208,False,verified_source_pixels,source_video_counter,0,/home/fwromano/Documents/Code/experiments/VectorManifold/data/raw/video/sim2/Magenta.mp4,2324,38.733344,73dd0a28adfd40a916d54a1b6773a15906d16044305704b67810ae43ec526fd2
sim2_cropped/Magenta/Magenta_209.png,Magenta,jeep,209,209,209,False,verified_source_pixels,source_video_counter,0,/home/fwromano/Documents/Code/experiments/VectorManifold/data/raw/video/sim2/Magenta.mp4,2335,38.916667,8492cb5632b839c76956305ae5427acc8d2ecec7ec0cbd329042cb0d6a0baf9c
sim2_cropped/Magenta/Magenta_210.png,Magenta,jeep,210,210,210,False,verified_source_pixels,source_video_counter,0,/home/fwromano/Documents/Code/experiments/VectorManifold/data/raw/video/sim2/Magenta.mp4,2347,39.116667,e115d75706c20808f914adf8c73664f52aaa20ac6fcb4333fe3843aeeb6a92c1
sim2_cropped/Magenta/Magenta_211.png,Magenta,jeep,211,211,211,False,verified_source_pixels,source_video_counter,0,/home/fwromano/Documents/Code/experiments/VectorManifold/data/raw/video/sim2/Magenta.mp4,2358,39.300011,9a4f306d4956cc5d5a7a46bc8bd3f99c5fc3f1f3f56a5166e4f84b78233d5730
sim2_cropped/Magenta/Magenta_212.png,Magenta,jeep,212,212,212,False,verified_source_pixels,source_video_counter,0,/home/fwromano/Documents/Code/experiments/VectorManifold/data/raw/video/sim2/Magenta.mp4,2370,39.500011,35b01870f95bb63e2ae1c48a5bd48e8f99b84b37e69b918bd6b290d57a7b57b6
sim2_cropped/Magenta/Magenta_213.png,Magenta,jeep,213,213,213,False,verified_source_pixels,source_video_counter,0,/home/fwromano/Documents/Code/experiments/VectorManifold/data/raw/video/sim2/Magenta.mp4,2387,39.783344,ca86aaa7b3ca98a8c50cb2cf029517b1870e78b166d330cb0efce573332ac965
sim2_cropped/Magenta/Magenta_214.png,Magenta,jeep,214,214,214,False,verified_source_pixels,source_video_counter,0,/home/fwromano/Documents/Code/experiments/VectorManifold/data/raw/video/sim2/Magenta.mp4,2398,39.966678,7d59a7688deb86d0f6efd6cfe89c2ee8b50390a84f9767e13c28188c344b0ddb
sim2_cropped/Magenta/Magenta_215.png,Magenta,jeep,215,215,215,False,verified_source_pixels,source_video_counter,0,/home/fwromano/Documents/Code/experiments/VectorManifold/data/raw/video/sim2/Magenta.mp4,2409,40.150011,db28ab9a84262a06b2fc24d01ff601056462389ef32e2730528218d093bfd703
sim2_cropped/Magenta/Magenta_216.png,Magenta,jeep,216,216,216,False,verified_source_pixels,source_video_counter,0,/home/fwromano/Documents/Code/experiments/VectorManifold/data/raw/video/sim2/Magenta.mp4,2420,40.333344,cb043218c7ef6e4552a927c13d2b09d1ccea30b75dba92d9436b99987931b7e5
sim2_cropped/Magenta/Magenta_217.png,Magenta,jeep,217,217,217,False,verified_source_pixels,source_video_counter,0,/home/fwromano/Documents/Code/experiments/VectorManifold/data/raw/video/sim2/Magenta.mp4,2431,40.516678,c746c3dc070bc29431e67295b728af92f8eeb27548be82a1a5eea770e05901ab
sim2_cropped/Magenta/Magenta_218.png,Magenta,jeep,213,213,218,True,verified_source_pixels,source_video_counter,0,/home/fwromano/Documents/Code/experiments/VectorManifold/data/raw/video/sim2/Magenta.mp4,2392,39.866667,a88dd020e710547930cdd88717401540d3862e77f80f697ab64a86656c441627
sim2_cropped/Magenta/Magenta_219.png,Magenta,jeep,219,219,219,False,verified_source_pixels,source_video_counter,0,/home/fwromano/Documents/Code/experiments/VectorManifold/data/raw/video/sim2/Magenta.mp4,2460,41.0,e38d2c0ceaf6be00de11ac8dc1a10f199007018be1749e233640bd46bcbff60b
sim2_cropped/Magenta/Magenta_220.png,Magenta,jeep,220,220,220,False,verified_source_pixels,source_video_counter,0,/home/fwromano/Documents/Code/experiments/VectorManifold/data/raw/video/sim2/Magenta.mp4,2471,41.183344,60fa65829de9f343f977eabdc8de9a0b489e4a6dc5cde354b8ffbab924d21fc9
sim2_cropped/Magenta/Magenta_221.png,Magenta,jeep,221,221,221,False,verified_source_pixels,source_video_counter,0,/home/fwromano/Documents/Code/experiments/VectorManifold/data/raw/video/sim2/Magenta.mp4,2483,41.383344,fa57edd4b501f9856c64009512132426f96cbd2663f656d54939dec6357568c8
sim2_cropped/Magenta/Magenta_222.png,Magenta,jeep,222,222,222,False,verified_source_pixels,source_video_counter,0,/home/fwromano/Documents/Code/experiments/VectorManifold/data/raw/video/sim2/Magenta.mp4,2493,41.550011,8b3ebcc4047be4b9336bc1f46b02a36bf4815da257665833f8f72ebea478830b
sim2_cropped/Magenta/Magenta_223.png,Magenta,jeep,223,223,223,False,verified_source_pixels,source_video_counter,0,/home/fwromano/Documents/Code/experiments/VectorManifold/data/raw/video/sim2/Magenta.mp4,2505,41.750011,c22bedaee5c6e7e4ee9289dc2f344a7a30c589c9cfd221f29a139fba5c557de5
sim2_cropped/Magenta/Magenta_224.png,Magenta,jeep,224,224,224,False,verified_source_pixels,source_video_counter,0,/home/fwromano/Documents/Code/experiments/VectorManifold/data/raw/video/sim2/Magenta.mp4,2516,41.933344,76a0209f0b184ddd2bcf1c54fa36dc2b516c442b6f31ca18fc724098e9f39d93
sim2_cropped/Magenta/Magenta_225.png,Magenta,jeep,225,225,225,False,verified_source_pixels,source_video_counter,0,/home/fwromano/Documents/Code/experiments/VectorManifold/data/raw/video/sim2/Magenta.mp4,2527,42.116678,acf7a447d111f8863d2cf8c2ccd91a1f19d77ef3f4d659ff24047682bde5449c
sim2_cropped/Magenta/Magenta_226.png,Magenta,jeep,226,226,226,False,verified_source_pixels,source_video_counter,0,/home/fwromano/Documents/Code/experiments/VectorManifold/data/raw/video/sim2/Magenta.mp4,2539,42.316667,29ef1212212099855d5b5d484740c0f2fe297438353482054386e41131b48890
sim2_cropped/Magenta/Magenta_227.png,Magenta,jeep,227,227,227,False,verified_source_pixels,source_video_counter,0,/home/fwromano/Documents/Code/experiments/VectorManifold/data/raw/video/sim2/Magenta.mp4,2552,42.533344,dd44e5ae7a2e9f8f6d282e868df383c34d9af4567ab0456d8e9886c8aee11c31
sim2_cropped/Magenta/Magenta_228.png,Magenta,jeep,223,223,228,True,verified_source_pixels,source_video_counter,0,/home/fwromano/Documents/Code/experiments/VectorManifold/data/raw/video/sim2/Magenta.mp4,2510,41.833344,5535dc646d45d55abf24a8986974e1c0155eb6a7e82375affa2a1741ca4b463c
sim2_cropped/Magenta/Magenta_229.png,Magenta,jeep,229,229,229,False,verified_source_pixels,source_video_counter,0,/home/fwromano/Documents/Code/experiments/VectorManifold/data/raw/video/sim2/Magenta.mp4,2574,42.900011,96a35d1cc62f8c25bedc0155124537912cbcc2ba4b790a45e0a6f48457ef6bef
sim2_cropped/Magenta/Magenta_230.png,Magenta,jeep,230,230,230,False,verified_source_pixels,source_video_counter,0,/home/fwromano/Documents/Code/experiments/VectorManifold/data/raw/video/sim2/Magenta.mp4,2592,43.2,81f09abfffc50c9fb2c73fbf0c8895a73f3f08e2cc3e01afc9f21e3743a7ea9d
sim2_cropped/Magenta/Magenta_231.png,Magenta,jeep,231,231,231,False,verified_source_pixels,source_video_counter,0,/home/fwromano/Documents/Code/experiments/VectorManifold/data/raw/video/sim2/Magenta.mp4,2598,43.300011,484b794d0819658fd06842eac871bf979dd49ff76f63375b036a642a64775038
sim2_cropped/Magenta/Magenta_232.png,Magenta,jeep,232,232,232,False,verified_source_pixels,source_video_counter,0,/home/fwromano/Documents/Code/experiments/VectorManifold/data/raw/video/sim2/Magenta.mp4,2615,43.583344,820844366bfd00406d49856132e0cc87ebd53db19da2f98c424854ddc58d0342
sim2_cropped/Magenta/Magenta_233.png,Magenta,jeep,233,233,233,False,verified_source_pixels,source_video_counter,0,/home/fwromano/Documents/Code/experiments/VectorManifold/data/raw/video/sim2/Magenta.mp4,2626,43.766667,83494d78518a1328f91b7750873ea408e747b13ceded40ef7c8e4cd3cabaace8
sim2_cropped/Magenta/Magenta_234.png,Magenta,jeep,234,234,234,False,verified_source_pixels,source_video_counter,0,/home/fwromano/Documents/Code/experiments/VectorManifold/data/raw/video/sim2/Magenta.mp4,2638,43.966667,4623188275dfcf984d763afa36ec1939899d79064d13918fc1b442cdd7a1b2a4
sim2_cropped/Magenta/Magenta_235.png,Magenta,jeep,235,235,235,False,verified_source_pixels,source_video_counter,0,/home/fwromano/Documents/Code/experiments/VectorManifold/data/raw/video/sim2/Magenta.mp4,2643,44.050011,487c7ec81bd52449f7cae50b0f4e2008732594368d2597bf5a2c07584d4eb922
sim2_cropped/Magenta/Magenta_236.png,Magenta,jeep,236,236,236,False,verified_source_pixels,source_video_counter,0,/home/fwromano/Documents/Code/experiments/VectorManifold/data/raw/video/sim2/Magenta.mp4,2659,44.316667,58f9174e4d56e10df976748fc573c91c455d1915fd9d1ff4e64d55c0fed1d4ff
sim2_cropped/Magenta/Magenta_237.png,Magenta,jeep,237,237,237,False,verified_source_pixels,source_video_counter,0,/home/fwromano/Documents/Code/experiments/VectorManifold/data/raw/video/sim2/Magenta.mp4,2671,44.516667,f5c7f5796dbe88145eed7eb7c63a8bf4b6c2108ad182e7c4b3f88efd5e8c0c4c
sim2_cropped/Magenta/Magenta_238.png,Magenta,jeep,233,233,238,True,verified_source_pixels,source_video_counter,0,/home/fwromano/Documents/Code/experiments/VectorManifold/data/raw/video/sim2/Magenta.mp4,2631,43.850011,b8fdb2e9cfb76fa7e638270647283215b8655024975b6cacbef88717fa3ab4cb
sim2_cropped/Magenta/Magenta_239.png,Magenta,jeep,239,239,239,False,verified_source_pixels,source_video_counter,0,/home/fwromano/Documents/Code/experiments/VectorManifold/data/raw/video/sim2/Magenta.mp4,2694,44.9,c47ae07c5f851e9492e92afa03a521319736e352f37190f107e427e42ef823dc
sim2_cropped/Magenta/Magenta_240.png,Magenta,jeep,240,240,240,False,verified_source_pixels,source_video_counter,0,/home/fwromano/Documents/Code/experiments/VectorManifold/data/raw/video/sim2/Magenta.mp4,2712,45.200011,f83adb0a3f8ae223e0767b441bb3804bba1422d0c27d8ffcfd7d74aca973320f
sim2_cropped/Magenta/Magenta_241.png,Magenta,jeep,241,241,241,False,verified_source_pixels,source_video_counter,0,/home/fwromano/Documents/Code/experiments/VectorManifold/data/raw/video/sim2/Magenta.mp4,2718,45.3,ef88556d3fc34e231a3fea276822f3e10da68e75bbc378b13b7c27f3868dd546
sim2_cropped/Magenta/Magenta_242.png,Magenta,jeep,242,242,242,False,verified_source_pixels,source_video_counter,0,/home/fwromano/Documents/Code/experiments/VectorManifold/data/raw/video/sim2/Magenta.mp4,2735,45.583344,74c2056286f9cc82ac1e718d79a954c62870351879789931573c0ddca4f9131f
sim2_cropped/Magenta/Magenta_243.png,Magenta,jeep,243,243,243,False,verified_source_pixels,source_video_counter,0,/home/fwromano/Documents/Code/experiments/VectorManifold/data/raw/video/sim2/Magenta.mp4,2750,45.833333,7be8606d7fbe2e2e981387035165b4dbeb8c28635e85d35022e90ed2dafe06e7
sim2_cropped/Magenta/Magenta_244.png,Magenta,jeep,244,244,244,False,verified_source_pixels,source_video_counter,0,/home/fwromano/Documents/Code/experiments/VectorManifold/data/raw/video/sim2/Magenta.mp4,2758,45.966667,ffe04312fa7240c67578d56d7271b3d7758d631b5cb1d0ae92d1c28e147e5bb6
sim2_cropped/Magenta/Magenta_245.png,Magenta,jeep,245,245,245,False,verified_source_pixels,source_video_counter,0,/home/fwromano/Documents/Code/experiments/VectorManifold/data/raw/video/sim2/Magenta.mp4,2769,46.15,11852a3a4b357cc4e96cbe1db111e88001a2ef69a25862e1133d26c2b9fcacb8
sim2_cropped/Magenta/Magenta_246.png,Magenta,jeep,246,246,246,False,verified_source_pixels,source_video_counter,0,/home/fwromano/Documents/Code/experiments/VectorManifold/data/raw/video/sim2/Magenta.mp4,2780,46.333344,98622286513b784e3e400c55767e6ad1e117b4bf256ab5bfc74fb6dacaf447ee
sim2_cropped/Magenta/Magenta_247.png,Magenta,jeep,247,247,247,False,verified_source_pixels,source_video_counter,0,/home/fwromano/Documents/Code/experiments/VectorManifold/data/raw/video/sim2/Magenta.mp4,2791,46.516667,0f791c6f33431e4b2ea4f048bf363f582ead9dbbc8f9fbe09ee12f8302638d62
sim2_cropped/Magenta/Magenta_248.png,Magenta,jeep,243,243,248,True,verified_source_pixels,source_video_counter,0,/home/fwromano/Documents/Code/experiments/VectorManifold/data/raw/video/sim2/Magenta.mp4,2746,45.766667,72619a7815fb48bce8393faba5f1f3db057194c720475d6599879df263e74f63
sim2_cropped/Magenta/Magenta_249.png,Magenta,jeep,249,249,249,False,verified_source_pixels,source_video_counter,0,/home/fwromano/Documents/Code/experiments/VectorManifold/data/raw/video/sim2/Magenta.mp4,2814,46.9,f7bc0cb90b042f6c1596b863b8747d5cd505e2b9cc99b3bd7c1313434e02898f
sim2_cropped/Magenta/Magenta_250.png,Magenta,jeep,250,250,250,False,verified_source_pixels,source_video_counter,0,/home/fwromano/Documents/Code/experiments/VectorManifold/data/raw/video/sim2/Magenta.mp4,2826,47.1,0b2de9222ed03b1c7c26186c70d38d43212241b454d56f34b0b40d0ee737cec2
sim2_cropped/Magenta/Magenta_251.png,Magenta,jeep,251,251,251,False,verified_source_pixels,source_video_counter,0,/home/fwromano/Documents/Code/experiments/VectorManifold/data/raw/video/sim2/Magenta.mp4,2843,47.383344,84478210c883cc294f93552fe1b9f546cb6e0ca3f4fef1bf1334b8c075c5bb8f
sim2_cropped/Magenta/Magenta_252.png,Magenta,jeep,252,252,252,False,verified_source_pixels,source_video_counter,0,/home/fwromano/Documents/Code/experiments/VectorManifold/data/raw/video/sim2/Magenta.mp4,2854,47.566667,057261b420a1be22111de86c48bc23b61238cd2f15422c72fa8657aa82171225
sim2_cropped/Magenta/Magenta_253.png,Magenta,jeep,253,253,253,False,verified_source_pixels,source_video_counter,0,/home/fwromano/Documents/Code/experiments/VectorManifold/data/raw/video/sim2/Magenta.mp4,2866,47.766678,e14008d13ee668fa97bb418d7240a4c722005bfb388f0fbfaf87ccd37911640c
sim2_cropped/Magenta/Magenta_254.png,Magenta,jeep,254,254,254,False,verified_source_pixels,source_video_counter,0,/home/fwromano/Documents/Code/experiments/VectorManifold/data/raw/video/sim2/Magenta.mp4,2877,47.950011,cb25b408e843f20a162acd8e441e7fe6d9413a9195460a21e6e2b2a073ffb03c
sim2_cropped/Magenta/Magenta_255.png,Magenta,jeep,255,255,255,False,verified_source_pixels,source_video_counter,0,/home/fwromano/Documents/Code/experiments/VectorManifold/data/raw/video/sim2/Magenta.mp4,2888,48.133344,87496741996d966a6454fbd841a7d7675b2aee5e13cb8b4440391297f80e1cb5
sim2_cropped/Magenta/Magenta_256.png,Magenta,jeep,256,256,256,False,verified_source_pixels,source_video_counter,0,/home/fwromano/Documents/Code/experiments/VectorManifold/data/raw/video/sim2/Magenta.mp4,2899,48.316678,4781dbbadd750f238ff13f45ce0c519a5965e7f1389326394ef26fd10c705120
sim2_cropped/Magenta/Magenta_257.png,Magenta,jeep,257,257,257,False,verified_source_pixels,source_video_counter,0,/home/fwromano/Documents/Code/experiments/VectorManifold/data/raw/video/sim2/Magenta.mp4,2911,48.516678,85935df2fb62956a9c2d26b00fcaa4ce6003f79a58871caee151266a328a7b0b
sim2_cropped/Magenta/Magenta_258.png,Magenta,jeep,253,253,258,True,verified_source_pixels,source_video_counter,0,/home/fwromano/Documents/Code/experiments/VectorManifold/data/raw/video/sim2/Magenta.mp4,2871,47.85,41ebae0bae68904e53604318478479c19f85b2ef9aae9891056e2d7eb6fd84b7
sim2_cropped/Magenta/Magenta_259.png,Magenta,jeep,259,259,259,False,verified_source_pixels,source_video_counter,0,/home/fwromano/Documents/Code/experiments/VectorManifold/data/raw/video/sim2/Magenta.mp4,2939,48.983333,9910fdcce6f7b8ccb0b2d30344b54e22237d23200fbb73c9ae2678ba6a028c56
sim2_cropped/Magenta/Magenta_260.png,Magenta,jeep,260,260,260,False,verified_source_pixels,source_video_counter,0,/home/fwromano/Documents/Code/experiments/VectorManifold/data/raw/video/sim2/Magenta.mp4,2950,49.166678,5bade2188b6917acb23f7a1e52ed5f52d80f55c585738b31777501b91d8b98b1
sim2_cropped/Magenta/Magenta_261.png,Magenta,jeep,261,261,261,False,verified_source_pixels,source_video_counter,0,/home/fwromano/Documents/Code/experiments/VectorManifold/data/raw/video/sim2/Magenta.mp4,2962,49.366678,8c435e9672c5b63c8e8892e66fa7f7711824a8b787642fddcb8b94cd003caf44
sim2_cropped/Magenta/Magenta_262.png,Magenta,jeep,262,262,262,False,verified_source_pixels,source_video_counter,0,/home/fwromano/Documents/Code/experiments/VectorManifold/data/raw/video/sim2/Magenta.mp4,2978,49.633344,899b2a4802dd967719ae5df3a1baa8b50ee6ffa15acd3ebe6063b1679adc3342
sim2_cropped/Magenta/Magenta_263.png,Magenta,jeep,263,263,263,False,verified_source_pixels,source_video_counter,0,/home/fwromano/Documents/Code/experiments/VectorManifold/data/raw/video/sim2/Magenta.mp4,2991,49.850011,45a78d29113e93fec259627787fd63e95132d96a16498748910c4b693e21bd52
sim2_cropped/Magenta/Magenta_264.png,Magenta,jeep,264,264,264,False,verified_source_pixels,source_video_counter,0,/home/fwromano/Documents/Code/experiments/VectorManifold/data/raw/video/sim2/Magenta.mp4,2996,49.933333,aae402c80ce10406c18dcf082c9f217065bc94654a6884a3df83318e7f6f4612
sim2_cropped/Magenta/Magenta_265.png,Magenta,jeep,265,265,265,False,verified_source_pixels,source_video_counter,0,/home/fwromano/Documents/Code/experiments/VectorManifold/data/raw/video/sim2/Magenta.mp4,3008,50.133333,3a7973c8e5edc19c9e17b4b1ca531eb70684e89dd1173bf75a7a0e653b19f7b0
sim2_cropped/Magenta/Magenta_266.png,Magenta,jeep,266,266,266,False,verified_source_pixels,source_video_counter,0,/home/fwromano/Documents/Code/experiments/VectorManifold/data/raw/video/sim2/Magenta.mp4,3018,50.300011,afd990e21d907637bf8ce244820b978eef55321edac0097652554365aa063ee5
sim2_cropped/Magenta/Magenta_267.png,Magenta,jeep,267,267,267,False,verified_source_pixels,source_video_counter,0,/home/fwromano/Documents/Code/experiments/VectorManifold/data/raw/video/sim2/Magenta.mp4,3035,50.583344,3bb38a51cf7fb176f55dcd51c6f5cbbe3c296333f1a2d6f72dc778c46fa36ae1
sim2_cropped/Magenta/Magenta_268.png,Magenta,jeep,268,268,268,False,verified_source_pixels,source_video_counter,0,/home/fwromano/Documents/Code/experiments/VectorManifold/data/raw/video/sim2/Magenta.mp4,3046,50.766678,062068e44b03cfbf0069bdefa30d829e40e480e2411609a3a3487fb55c8678ae
sim2_cropped/Magenta/Magenta_269.png,Magenta,jeep,269,269,269,False,verified_source_pixels,source_video_counter,0,/home/fwromano/Documents/Code/experiments/VectorManifold/data/raw/video/sim2/Magenta.mp4,3058,50.966678,014361d9dfcc0ab01ee4f115c8092b0ab44af80768f6ee72fc3f8b31597b018c
sim2_cropped/Magenta/Magenta_270.png,Magenta,jeep,270,270,270,False,verified_source_pixels,source_video_counter,0,/home/fwromano/Documents/Code/experiments/VectorManifold/data/raw/video/sim2/Magenta.mp4,3069,51.150011,5707188c7b61785b104150da1d6d9048f7c118fbc50be8b57c60f9c3eb117236
sim2_cropped/Magenta/Magenta_271.png,Magenta,jeep,271,271,271,False,verified_source_pixels,source_video_counter,0,/home/fwromano/Documents/Code/experiments/VectorManifold/data/raw/video/sim2/Magenta.mp4,3081,51.350011,76cf50200fe55888abc3bfb5ffa7d39f34cc845138872cf761b6aadf0fe8c189
sim2_cropped/Magenta/Magenta_272.png,Magenta,jeep,272,272,272,False,verified_source_pixels,source_video_counter,0,/home/fwromano/Documents/Code/experiments/VectorManifold/data/raw/video/sim2/Magenta.mp4,3092,51.533344,afed203c0cccefc23d352bb633669813311abbc7a43be46f67e9abb7333d1ccc
sim2_cropped/Magenta/Magenta_274.png,Magenta,jeep,274,274,274,False,verified_source_pixels,source_video_counter,0,/home/fwromano/Documents/Code/experiments/VectorManifold/data/raw/video/sim2/Magenta.mp4,3114,51.9,41f029a07f00b7034e3ba9a4cf301399f8930eb8131d7170882da1ecb10e0d33
sim2_cropped/Magenta/Magenta_275.png,Magenta,jeep,275,275,275,False,verified_source_pixels,source_video_counter,0,/home/fwromano/Documents/Code/experiments/VectorManifold/data/raw/video/sim2/Magenta.mp4,3131,52.183344,b32899e3a8db909bc69a106d9297eb2d20579277d67aeea4c0950ac401fd5cf3
sim2_cropped/Magenta/Magenta_276.png,Magenta,jeep,276,276,276,False,verified_source_pixels,source_video_counter,0,/home/fwromano/Documents/Code/experiments/VectorManifold/data/raw/video/sim2/Magenta.mp4,3142,52.366667,db6739ee1df1518ae07263ae8a8dc3232077ccea0c6da434a497b17725b4dbd8
sim2_cropped/Magenta/Magenta_277.png,Magenta,jeep,277,277,277,False,verified_source_pixels,source_video_counter,0,/home/fwromano/Documents/Code/experiments/VectorManifold/data/raw/video/sim2/Magenta.mp4,3154,52.566667,a0ffd16b3cf2176837c33b7f2bb7b4dbc3e2ae5d296d84f4e3a5c2bee069162a
sim2_cropped/Magenta/Magenta_278.png,Magenta,jeep,273,273,278,True,verified_source_pixels,source_video_counter,0,/home/fwromano/Documents/Code/experiments/VectorManifold/data/raw/video/sim2/Magenta.mp4,3103,51.716678,54fd23fc86b66129d4db5f3b7818d8ecece1cddfcaaaa264d845bf812c8556f3
sim2_cropped/Magenta/Magenta_279.png,Magenta,jeep,279,279,279,False,verified_source_pixels,source_video_counter,0,/home/fwromano/Documents/Code/experiments/VectorManifold/data/raw/video/sim2/Magenta.mp4,3170,52.833344,46de8fc1f6f4c11fc7f960b6a642062dd2daf4a70f2886afbc9e4dfa6e2701fb
sim2_cropped/Magenta/Magenta_280.png,Magenta,jeep,280,280,280,False,verified_source_pixels,source_video_counter,0,/home/fwromano/Documents/Code/experiments/VectorManifold/data/raw/video/sim2/Magenta.mp4,3187,53.116667,09cc828b1c93f624e503cbd0286979bbbdfd5dede7565a743ae54d8d8edb3aba
sim2_cropped/Magenta/Magenta_281.png,Magenta,jeep,281,281,281,False,verified_source_pixels,source_video_counter,0,/home/fwromano/Documents/Code/experiments/VectorManifold/data/raw/video/sim2/Magenta.mp4,3199,53.316667,b83971a8a5f46cf993483aa004dcfae526525f21fa3ad48d1b380ebb5cb53d45
sim2_cropped/Magenta/Magenta_282.png,Magenta,jeep,282,282,282,False,verified_source_pixels,source_video_counter,0,/home/fwromano/Documents/Code/experiments/VectorManifold/data/raw/video/sim2/Magenta.mp4,3210,53.5,47b93d0836ec3fe6d20ea4d8e666103efe258553a2a0113c51468715912d0249
sim2_cropped/Magenta/Magenta_283.png,Magenta,jeep,283,283,283,False,verified_source_pixels,source_video_counter,0,/home/fwromano/Documents/Code/experiments/VectorManifold/data/raw/video/sim2/Magenta.mp4,3221,53.683344,006c3d8d8e2c84395018d07185a4ad5a904d31b730507e24ebaa7ba20db7ffc2
sim2_cropped/Magenta/Magenta_284.png,Magenta,jeep,284,284,284,False,verified_source_pixels,source_video_counter,0,/home/fwromano/Documents/Code/experiments/VectorManifold/data/raw/video/sim2/Magenta.mp4,3238,53.966667,b175f7aa7bc6c27c31d6c4d0b967bd946e11cb0d14a29a42e3ec3ce6a2666f63
sim2_cropped/Magenta/Magenta_285.png,Magenta,jeep,285,285,285,False,verified_source_pixels,source_video_counter,0,/home/fwromano/Documents/Code/experiments/VectorManifold/data/raw/video/sim2/Magenta.mp4,3250,54.166667,6cb6b86697fd8151083469129a6aa0993100c2e8c8170be4e33ad69a403e9955
sim2_cropped/Magenta/Magenta_286.png,Magenta,jeep,286,286,286,False,verified_source_pixels,source_video_counter,0,/home/fwromano/Documents/Code/experiments/VectorManifold/data/raw/video/sim2/Magenta.mp4,3261,54.35,03a7e629d3695c81602e31cf0e3019dcf36d9d379812eceee992de037c14f572
sim2_cropped/Magenta/Magenta_287.png,Magenta,jeep,287,287,287,False,verified_source_pixels,source_video_counter,0,/home/fwromano/Documents/Code/experiments/VectorManifold/data/raw/video/sim2/Magenta.mp4,3272,54.533344,78a6ac6a4d600431acf6ecab5e1bf9204adcb2942c8237d44e383efe8666a5e4
sim2_cropped/Magenta/Magenta_288.png,Magenta,jeep,283,283,288,True,verified_source_pixels,source_video_counter,0,/home/fwromano/Documents/Code/experiments/VectorManifold/data/raw/video/sim2/Magenta.mp4,3233,53.883344,a023584e326d89166988bed4a212aaddb3908fb4c50d034035a2d963dd51c7a0
sim2_cropped/Magenta/Magenta_289.png,Magenta,jeep,239,239,289,True,verified_source_pixels,source_video_counter,0,/home/fwromano/Documents/Code/experiments/VectorManifold/data/raw/video/sim2/Magenta.mp4,2706,45.1,49160e239a1ae3b042acf65b8ad3bfbd1af09f0ac7d7de671534cd77326868e1
sim2_cropped/Magenta/Magenta_290.png,Magenta,jeep,290,290,290,False,verified_source_pixels,source_video_counter,0,/home/fwromano/Documents/Code/experiments/VectorManifold/data/raw/video/sim2/Magenta.mp4,3305,55.083333,506380632561eddfbb287ad7af8bfa6c8391f5e8ca6509672c2da39d89bccb20
sim2_cropped/Magenta/Magenta_291.png,Magenta,jeep,291,291,291,False,verified_source_pixels,source_video_counter,0,/home/fwromano/Documents/Code/experiments/VectorManifold/data/raw/video/sim2/Magenta.mp4,3323,55.383344,d035a5a708df5b0c634fa0e4cdb012ff2b9b6bec9c7ef868fd0b1f26763ca208
sim2_cropped/Magenta/Magenta_292.png,Magenta,jeep,292,292,292,False,verified_source_pixels,source_video_counter,0,/home/fwromano/Documents/Code/experiments/VectorManifold/data/raw/video/sim2/Magenta.mp4,3334,55.566667,60d05276c5e984522800946e316f78be587401f7292695f0502849e6e416b20a
sim2_cropped/Magenta/Magenta_293.png,Magenta,jeep,293,293,293,False,verified_source_pixels,source_video_counter,0,/home/fwromano/Documents/Code/experiments/VectorManifold/data/raw/video/sim2/Magenta.mp4,3346,55.766667,f032b843c74cd40c19e0ebc3faad6c28c2095c52c5a5fd66d7d4beeb7d693b20
sim2_cropped/Magenta/Magenta_294.png,Magenta,jeep,294,294,294,False,verified_source_pixels,source_video_counter,0,/home/fwromano/Documents/Code/experiments/VectorManifold/data/raw/video/sim2/Magenta.mp4,3356,55.933333,36a6c39b19fc70430ee42fae922c949b31b1eed739f1e030c21fa32bf96f3e2a
sim2_cropped/Magenta/Magenta_295.png,Magenta,jeep,295,295,295,False,verified_source_pixels,source_video_counter,0,/home/fwromano/Documents/Code/experiments/VectorManifold/data/raw/video/sim2/Magenta.mp4,3368,56.133344,eddf5972d81717908763bf7087a34e895d18b099dc1f1a168e1f6af02e1d73f3
sim2_cropped/Magenta/Magenta_296.png,Magenta,jeep,296,296,296,False,verified_source_pixels,source_video_counter,0,/home/fwromano/Documents/Code/experiments/VectorManifold/data/raw/video/sim2/Magenta.mp4,3379,56.316678,d22576cd28a2c655e9f7e4281b9ea8e53b166750c268fdfd1cbffabdef4ad8f1
sim2_cropped/Magenta/Magenta_297.png,Magenta,jeep,297,297,297,False,verified_source_pixels,source_video_counter,0,/home/fwromano/Documents/Code/experiments/VectorManifold/data/raw/video/sim2/Magenta.mp4,3391,56.516678,d4f2497e5c85f46e73da2b59b87a12d74ddaba68f55a690017eabdb617b9d4e7
sim2_cropped/Magenta/Magenta_298.png,Magenta,jeep,293,293,298,True,verified_source_pixels,source_video_counter,0,/home/fwromano/Documents/Code/experiments/VectorManifold/data/raw/video/sim2/Magenta.mp4,3351,55.850011,f817c2c536909bdf6b3342321b043153fdc8d197800b8ba7d70ea67257fdc803
sim2_cropped/Magenta/Magenta_299.png,Magenta,jeep,299,299,299,False,verified_source_pixels,source_video_counter,0,/home/fwromano/Documents/Code/experiments/VectorManifold/data/raw/video/sim2/Magenta.mp4,3419,56.983344,feff788cbeff1f860504971508b2fa790d097ba384bb3ff876939d5d1c5deb15
sim2_cropped/Magenta/Magenta_300.png,Magenta,jeep,300,300,300,False,verified_source_pixels,source_video_counter,0,/home/fwromano/Documents/Code/experiments/VectorManifold/data/raw/video/sim2/Magenta.mp4,3430,57.166678,257a53dc8bd965944f0bb97e1713d8124b82ace863b92f7b37fbd485762f1de6
sim2_cropped/Magenta/Magenta_301.png,Magenta,jeep,301,301,301,False,verified_source_pixels,source_video_counter,0,/home/fwromano/Documents/Code/experiments/VectorManifold/data/raw/video/sim2/Magenta.mp4,3442,57.366678,2b5bf9bafa642b2561a4f2ee473710c63311a4cb6b357f41c7af772ccf691638
sim2_cropped/Magenta/Magenta_302.png,Magenta,jeep,302,302,302,False,verified_source_pixels,source_video_counter,0,/home/fwromano/Documents/Code/experiments/VectorManifold/data/raw/video/sim2/Magenta.mp4,3453,57.550011,1c59b26084ef8b8b6175f8212c20e373586201909d5cde79beed2d1793406eb3
sim2_cropped/Magenta/Magenta_303.png,Magenta,jeep,303,303,303,False,verified_source_pixels,source_video_counter,0,/home/fwromano/Documents/Code/experiments/VectorManifold/data/raw/video/sim2/Magenta.mp4,3465,57.750011,917f0b824ac50c1455807aeb8567edef6ded2a37bd619a8528f195fd841a43db
sim2_cropped/Magenta/Magenta_304.png,Magenta,jeep,304,304,304,False,verified_source_pixels,source_video_counter,0,/home/fwromano/Documents/Code/experiments/VectorManifold/data/raw/video/sim2/Magenta.mp4,3475,57.916667,a2c158d7f36e9da57f54a81bbf8ef41b65a7137a65b73f6e4d5ad2e47b47e7a0
sim2_cropped/Magenta/Magenta_305.png,Magenta,jeep,305,305,305,False,verified_source_pixels,source_video_counter,0,/home/fwromano/Documents/Code/experiments/VectorManifold/data/raw/video/sim2/Magenta.mp4,3487,58.116678,e077aa0a6d2ba2b35618525e6fa11e1a57cd004f8398401b7b799b85dd2f429b
sim2_cropped/Magenta/Magenta_306.png,Magenta,jeep,306,306,306,False,verified_source_pixels,source_video_counter,0,/home/fwromano/Documents/Code/experiments/VectorManifold/data/raw/video/sim2/Magenta.mp4,3498,58.300011,a21fe40b3366506dd82f4f65fd1af039fe81d8f907bbe234f96102972af33f7c
sim2_cropped/Magenta/Magenta_307.png,Magenta,jeep,307,307,307,False,verified_source_pixels,source_video_counter,0,/home/fwromano/Documents/Code/experiments/VectorManifold/data/raw/video/sim2/Magenta.mp4,3511,58.516667,fb6d3438ad760ca5ee5c083b8b7d877efa8e0784c1ebb80f7f404ea67142166e
sim2_cropped/Magenta/Magenta_308.png,Magenta,jeep,303,303,308,True,verified_source_pixels,source_video_counter,0,/home/fwromano/Documents/Code/experiments/VectorManifold/data/raw/video/sim2/Magenta.mp4,3470,57.833344,288054836651a1ba60b880fc9db2d06e93fea535406d42a92d84c3c0ea67374c
sim2_cropped/Magenta/Magenta_309.png,Magenta,jeep,309,309,309,False,verified_source_pixels,source_video_counter,0,/home/fwromano/Documents/Code/experiments/VectorManifold/data/raw/video/sim2/Magenta.mp4,3539,58.983333,34e359109a1408e1e4d4b1eb660881d84d293f3a71c51f0b1de39911e14e56a4
sim2_cropped/Magenta/Magenta_310.png,Magenta,jeep,310,310,310,False,verified_source_pixels,source_video_counter,0,/home/fwromano/Documents/Code/experiments/VectorManifold/data/raw/video/sim2/Magenta.mp4,3556,59.266667,6df4b412e0e8cab77957cb6c365d7db006c1b7dee741ef3218c1a0e5216831c5
sim2_cropped/Magenta/Magenta_311.png,Magenta,jeep,311,311,311,False,verified_source_pixels,source_video_counter,0,/home/fwromano/Documents/Code/experiments/VectorManifold/data/raw/video/sim2/Magenta.mp4,3561,59.350011,1908e783bca7c8063a06ce7fc7dcda554633e67ae6a2d96ccbc6b7edbb851f11
sim2_cropped/Magenta/Magenta_312.png,Magenta,jeep,312,312,312,False,verified_source_pixels,source_video_counter,0,/home/fwromano/Documents/Code/experiments/VectorManifold/data/raw/video/sim2/Magenta.mp4,3573,59.550011,8086efbb575294aea76813c286265d0e01e6c87be1931ddac5c5e4d7d7d30a14
sim2_cropped/Magenta/Magenta_313.png,Magenta,jeep,313,313,313,False,verified_source_pixels,source_video_counter,0,/home/fwromano/Documents/Code/experiments/VectorManifold/data/raw/video/sim2/Magenta.mp4,3584,59.733344,ec3118cbe607bddac7b37491ccb01108e6cc304e1dffe761ef5496f9b961b5bc
sim2_cropped/Magenta/Magenta_314.png,Magenta,jeep,314,314,314,False,verified_source_pixels,source_video_counter,0,/home/fwromano/Documents/Code/experiments/VectorManifold/data/raw/video/sim2/Magenta.mp4,3595,59.916667,d2ff80a3f7d26b06296bd6f15582e8bb6b418f16e98911dd6399ceeed7f05125
sim2_cropped/Magenta/Magenta_315.png,Magenta,jeep,315,315,315,False,verified_source_pixels,source_video_counter,0,/home/fwromano/Documents/Code/experiments/VectorManifold/data/raw/video/sim2/Magenta.mp4,3607,60.116667,5a22b23f3dbda595ac2e98dfcd4de9c31ae547689c30d69ebf2b1c655e5e609e
sim2_cropped/Magenta/Magenta_316.png,Magenta,jeep,316,316,316,False,verified_source_pixels,source_video_counter,0,/home/fwromano/Documents/Code/experiments/VectorManifold/data/raw/video/sim2/Magenta.mp4,3612,60.200011,fe9cb9cf6d579f83cb920614dd146aa2bd7a7d1d70a6dc14c3b964bde87fc000
sim2_cropped/Magenta/Magenta_317.png,Magenta,jeep,317,317,317,False,verified_source_pixels,source_video_counter,0,/home/fwromano/Documents/Code/experiments/VectorManifold/data/raw/video/sim2/Magenta.mp4,3629,60.483333,40a1eb904c04af77b052e9c47c7a97ec8147b3c2a618044bb3f5d430fa18dbf9
sim2_cropped/Magenta/Magenta_318.png,Magenta,jeep,313,313,318,True,verified_source_pixels,source_video_counter,0,/home/fwromano/Documents/Code/experiments/VectorManifold/data/raw/video/sim2/Magenta.mp4,3590,59.833344,d88afa26288aca1dee094f455379e31c032fc25f315135eee93035378e72f9a7
sim2_cropped/Magenta/Magenta_319.png,Magenta,jeep,319,319,319,False,verified_source_pixels,source_video_counter,0,/home/fwromano/Documents/Code/experiments/VectorManifold/data/raw/video/sim2/Magenta.mp4,3657,60.95,9dec55b509483c0c55641811aa4278fb4093546b2cad1eb43d278f488c052014
sim2_cropped/Magenta/Magenta_320.png,Magenta,jeep,320,320,320,False,verified_source_pixels,source_video_counter,0,/home/fwromano/Documents/Code/experiments/VectorManifold/data/raw/video/sim2/Magenta.mp4,3668,61.133344,af358c1589245207125c3fac57a855aca91b54eca6e188f8f137d845d0aa0c29
sim2_cropped/Magenta/Magenta_321.png,Magenta,jeep,321,321,321,False,verified_source_pixels,source_video_counter,0,/home/fwromano/Documents/Code/experiments/VectorManifold/data/raw/video/sim2/Magenta.mp4,3679,61.316667,2117d83b774e6f04d977203b6237d998cef7380befc555e13b99ae1d01b12a45
sim2_cropped/Magenta/Magenta_322.png,Magenta,jeep,322,322,322,False,verified_source_pixels,source_video_counter,0,/home/fwromano/Documents/Code/experiments/VectorManifold/data/raw/video/sim2/Magenta.mp4,3690,61.5,c3ff2803a49af1f76dc5d60e8ee67ef49844f8eba4db3f6196c4ce27b4430186
sim2_cropped/Magenta/Magenta_323.png,Magenta,jeep,323,323,323,False,verified_source_pixels,source_video_counter,0,/home/fwromano/Documents/Code/experiments/VectorManifold/data/raw/video/sim2/Magenta.mp4,3702,61.7,a6dc2b960c17565cca296e6ca41b098f4c15e517024c45ac49fa09a438e90375
sim2_cropped/Magenta/Magenta_324.png,Magenta,jeep,324,324,324,False,verified_source_pixels,source_video_counter,0,/home/fwromano/Documents/Code/experiments/VectorManifold/data/raw/video/sim2/Magenta.mp4,3718,61.966667,ab5ea0626043b0265c048f2444fd23b564500fc87eba1376b2777e6234d36c2e
sim2_cropped/Magenta/Magenta_325.png,Magenta,jeep,325,325,325,False,verified_source_pixels,source_video_counter,0,/home/fwromano/Documents/Code/experiments/VectorManifold/data/raw/video/sim2/Magenta.mp4,3729,62.15,f2f1649fe74247b8f34f817eb6f9a314dfad4757325afa226f7dc57245d406b1
sim2_cropped/Magenta/Magenta_326.png,Magenta,jeep,326,326,326,False,verified_source_pixels,source_video_counter,0,/home/fwromano/Documents/Code/experiments/VectorManifold/data/raw/video/sim2/Magenta.mp4,3740,62.333344,3fde41cf07085eaa71fdd841e60d1d7be1b03dcd01d62adc16d1533d1a6af377
sim2_cropped/Magenta/Magenta_327.png,Magenta,jeep,327,327,327,False,verified_source_pixels,source_video_counter,0,/home/fwromano/Documents/Code/experiments/VectorManifold/data/raw/video/sim2/Magenta.mp4,3754,62.566667,11f94f7437f31e3813868a35374529afaf7dda419b807ee86085f9360afc5400
sim2_cropped/Magenta/Magenta_328.png,Magenta,jeep,323,323,328,True,verified_source_pixels,source_video_counter,0,/home/fwromano/Documents/Code/experiments/VectorManifold/data/raw/video/sim2/Magenta.mp4,3712,61.866678,42c1aa96db32d2266e4a6dc5abbb5dac3266f1d3f38449896151d34d6632458f
sim2_cropped/Magenta/Magenta_329.png,Magenta,jeep,329,329,329,False,verified_source_pixels,source_video_counter,0,/home/fwromano/Documents/Code/experiments/VectorManifold/data/raw/video/sim2/Magenta.mp4,3775,62.916667,4c28b4d091d317d39a0f04800abc24c8ba23437ce73f2d896e08841c24729502
sim2_cropped/Magenta/Magenta_330.png,Magenta,jeep,330,330,330,False,verified_source_pixels,source_video_counter,0,/home/fwromano/Documents/Code/experiments/VectorManifold/data/raw/video/sim2/Magenta.mp4,3786,63.1,543942fdf71585dc38417df6ff011c9665879e3a61384ac8bae11c9970ba543d
sim2_cropped/Magenta/Magenta_331.png,Magenta,jeep,331,331,331,False,verified_source_pixels,source_video_counter,0,/home/fwromano/Documents/Code/experiments/VectorManifold/data/raw/video/sim2/Magenta.mp4,3797,63.283333,df93ca7831a1bcfef6b145551657a48960a0301ea9d4df8c376f547d29337276
sim2_cropped/Magenta/Magenta_334.png,Magenta,jeep,334,334,334,False,verified_source_pixels,source_video_counter,0,/home/fwromano/Documents/Code/experiments/VectorManifold/data/raw/video/sim2/Magenta.mp4,3837,63.95,27fb66fb4ee0fffc19ec8b8b5d12f09912888d3a1e512b44e140917fa5d2018e
sim2_cropped/Magenta/Magenta_335.png,Magenta,jeep,335,335,335,False,verified_source_pixels,source_video_counter,0,/home/fwromano/Documents/Code/experiments/VectorManifold/data/raw/video/sim2/Magenta.mp4,3857,64.283333,399f5e736498117f35fd14a4cc98383d1797759fbb72036a8643632191c45e5f
sim2_cropped/Magenta/Magenta_336.png,Magenta,jeep,336,336,336,False,verified_source_pixels,source_video_counter,0,/home/fwromano/Documents/Code/experiments/VectorManifold/data/raw/video/sim2/Magenta.mp4,3859,64.316667,2d9e1d6be4013e872fd405e8d17563dbe9a3e0b129672f5d7afb4daf577203af
sim2_cropped/Magenta/Magenta_338.png,Magenta,jeep,333,333,338,True,verified_source_pixels,source_video_counter,0,/home/fwromano/Documents/Code/experiments/VectorManifold/data/raw/video/sim2/Magenta.mp4,3836,63.933344,89995875ad6df5961a3dc71edf85754141f92e846fcd1f7291a3de38cdd91cdd
sim2_cropped/Magenta/Magenta_354.png,Magenta,jeep,354,354,354,False,verified_source_pixels,source_video_counter,0,/home/fwromano/Documents/Code/experiments/VectorManifold/data/raw/video/sim2/Magenta.mp4,4074,67.900011,e586f2fefcfb9799ba9466e97d5143fcc4441200c0fc10ac9a96821304b9e3ec
sim2_cropped/Magenta/Magenta_356.png,Magenta,jeep,356,356,356,False,verified_source_pixels,source_video_counter,0,/home/fwromano/Documents/Code/experiments/VectorManifold/data/raw/video/sim2/Magenta.mp4,4097,68.283333,17dde5e69e0d0ef2289471f706a2d8b28e9591c5441916ae7169e9c9f2416584
sim2_cropped/Magenta/Magenta_357.png,Magenta,jeep,357,357,357,False,verified_source_pixels,source_video_counter,0,/home/fwromano/Documents/Code/experiments/VectorManifold/data/raw/video/sim2/Magenta.mp4,4115,68.583344,423cb3280a0af2a93b228402393d014426f9777b58717d1dbb24ab6b6e678e8f
sim2_cropped/Magenta/Magenta_358.png,Magenta,jeep,353,353,358,True,verified_source_pixels,source_video_counter,0,/home/fwromano/Documents/Code/experiments/VectorManifold/data/raw/video/sim2/Magenta.mp4,4069,67.816667,ea06afbcc4e7823398437fa986e6e5cbddc63228a7a2b8437d9779d2b905d1c1
sim2_cropped/Magenta/Magenta_359.png,Magenta,jeep,359,359,359,False,verified_source_pixels,source_video_counter,0,/home/fwromano/Documents/Code/experiments/VectorManifold/data/raw/video/sim2/Magenta.mp4,4137,68.95,95f34c786bed70fc3766ba6bf55a5c63418065d0e34ac63d77fec1f48944bfe4
sim2_cropped/Magenta/Magenta_806.png,Magenta,jeep,306,306,806,True,verified_source_pixels,source_video_counter,0,/home/fwromano/Documents/Code/experiments/VectorManifold/data/raw/video/sim2/Magenta.mp4,3505,58.416667,e85ab0c9029f380424ff8b8abd2c5647e42e5b398989f4e6b7f473c9e2a9cf8d
sim2_cropped/Magenta/Magenta_809.png,Magenta,jeep,309,309,809,True,verified_source_pixels,source_video_counter,0,/home/fwromano/Documents/Code/experiments/VectorManifold/data/raw/video/sim2/Magenta.mp4,3544,59.066667,64111ba7d1607d3bd79c9250e497f95255bd1461e96349c61b830a49cb82eebd
sim2_cropped/Magenta/Magenta_810.png,Magenta,jeep,310,310,810,True,verified_source_pixels,source_video_counter,0,/home/fwromano/Documents/Code/experiments/VectorManifold/data/raw/video/sim2/Magenta.mp4,3550,59.166678,bd4a8d57dc2f671a96487e5e17d9bfc6cbbbf04b8b0a1a0c4601f1be4928b192
sim2_cropped/Magenta/Magenta_826.png,Magenta,jeep,326,326,826,True,verified_source_pixels,source_video_counter,0,/home/fwromano/Documents/Code/experiments/VectorManifold/data/raw/video/sim2/Magenta.mp4,3746,62.433344,971163d575a7ecff87f2caf35b1691e7bd1bf764a8316715acee44d6652ba341
sim2_cropped/Magenta/Magenta_827.png,Magenta,jeep,327,327,827,True,verified_source_pixels,source_video_counter,0,/home/fwromano/Documents/Code/experiments/VectorManifold/data/raw/video/sim2/Magenta.mp4,3752,62.533344,a7bc3538daafde4fc8873b95734ecef823b6403d754c9f69274ba9903e4525ef
sim2_cropped/Magenta/Magenta_831.png,Magenta,jeep,331,331,831,True,verified_source_pixels,source_video_counter,0,/home/fwromano/Documents/Code/experiments/VectorManifold/data/raw/video/sim2/Magenta.mp4,3808,63.466678,38ed05d90d354a3f16c1111c8a10028bdec488d894cb156590275809bc44af38
sim2_cropped/Magenta/Magenta_832.png,Magenta,jeep,332,332,832,True,verified_source_pixels,source_video_counter,0,/home/fwromano/Documents/Code/experiments/VectorManifold/data/raw/video/sim2/Magenta.mp4,3814,63.566667,a8d82044e58978988a3c9e6df91db18a03d547e1213b6b54f682deba090e3bd0
sim2_cropped/Magenta/Magenta_833.png,Magenta,jeep,333,333,833,True,verified_source_pixels,source_video_counter,0,/home/fwromano/Documents/Code/experiments/VectorManifold/data/raw/video/sim2/Magenta.mp4,3826,63.766667,e9193b6c84e48db51ce6cb0a830b2dd64ae670cb7355a231834ab590b70d914f
sim2_cropped/Magenta/Magenta_834.png,Magenta,jeep,334,334,834,True,verified_source_pixels,source_video_counter,0,/home/fwromano/Documents/Code/experiments/VectorManifold/data/raw/video/sim2/Magenta.mp4,3838,63.966667,161b1778a2599af6fe70ccd3c8e37dec9c9175b19c94685ef9541bac5eab643e
sim2_cropped/Magenta/Magenta_835.png,Magenta,jeep,335,335,835,True,verified_source_pixels,source_video_counter,0,/home/fwromano/Documents/Code/experiments/VectorManifold/data/raw/video/sim2/Magenta.mp4,3848,64.133344,309333bbf7d9286f181070f16a7b4852ee2718fb611c77582cdb1628d70a8115
sim2_cropped/Magenta/Magenta_836.png,Magenta,jeep,336,336,836,True,verified_source_pixels,source_video_counter,0,/home/fwromano/Documents/Code/experiments/VectorManifold/data/raw/video/sim2/Magenta.mp4,3865,64.416667,e18f69867962d45d7fb9febd80d964d83057c2fbf0ceacaf75ba4eafc855347e
sim2_cropped/Magenta/Magenta_837.png,Magenta,jeep,337,337,837,True,verified_source_pixels,source_video_counter,0,/home/fwromano/Documents/Code/experiments/VectorManifold/data/raw/video/sim2/Magenta.mp4,3871,64.516678,e64e6a1ad705cafd70383e911ed66ca313be2fc4e47e31204a59ac8c1196fb21
sim2_cropped/Magenta/Magenta_838.png,Magenta,jeep,333,333,838,True,verified_source_pixels,source_video_counter,0,/home/fwromano/Documents/Code/experiments/VectorManifold/data/raw/video/sim2/Magenta.mp4,3831,63.850011,ba23bdb4c2af9519a478ddbdd787d0d9804a1ccad3b414c6d7d89983324e0122
sim2_cropped/Magenta/Magenta_839.png,Magenta,jeep,339,339,839,True,verified_source_pixels,source_video_counter,0,/home/fwromano/Documents/Code/experiments/VectorManifold/data/raw/video/sim2/Magenta.mp4,3894,64.900011,db2c3725ca49d25fc11650639addb05bc76d724d51afa041fd39abf62ff8030b
sim2_cropped/Magenta/Magenta_840.png,Magenta,jeep,340,340,840,True,verified_source_pixels,source_video_counter,0,/home/fwromano/Documents/Code/experiments/VectorManifold/data/raw/video/sim2/Magenta.mp4,3910,65.166678,d2c8942c3eeea3e985ff3748e8e56fba613311994ac7fbdf11636278d1954c1d
sim2_cropped/Magenta/Magenta_841.png,Magenta,jeep,341,341,841,True,verified_source_pixels,source_video_counter,0,/home/fwromano/Documents/Code/experiments/VectorManifold/data/raw/video/sim2/Magenta.mp4,3917,65.283333,1e0da41c07c50562162326ca4d1e6e79f91a54addfe4011f0eb0ceb794b0399b
sim2_cropped/Magenta/Magenta_842.png,Magenta,jeep,342,342,842,True,verified_source_pixels,source_video_counter,0,/home/fwromano/Documents/Code/experiments/VectorManifold/data/raw/video/sim2/Magenta.mp4,3928,65.466667,bb293e238b34327535f860a79140130be8185f8320eec73b6603ba689da3effd
sim2_cropped/Magenta/Magenta_843.png,Magenta,jeep,343,343,843,True,verified_source_pixels,source_video_counter,0,/home/fwromano/Documents/Code/experiments/VectorManifold/data/raw/video/sim2/Magenta.mp4,3945,65.750011,055d8be1f7df9f949f02459b972a74d16deebc1e9489ec12f6d9345fb83410f9
sim2_cropped/Magenta/Magenta_844.png,Magenta,jeep,344,344,844,True,verified_source_pixels,source_video_counter,0,/home/fwromano/Documents/Code/experiments/VectorManifold/data/raw/video/sim2/Magenta.mp4,3957,65.950011,6f8a2ec287434431c64b43e606b01a9fe43b22188b708a97c63bdf1ce8bdfb03
sim2_cropped/Magenta/Magenta_845.png,Magenta,jeep,345,345,845,True,verified_source_pixels,source_video_counter,0,/home/fwromano/Documents/Code/experiments/VectorManifold/data/raw/video/sim2/Magenta.mp4,3968,66.133344,2d5a21038c9a3d1d1fb515e34b9d125068ee5d91d5f588fe25c13d2cda60abd7
sim2_cropped/Magenta/Magenta_846.png,Magenta,jeep,346,346,846,True,verified_source_pixels,source_video_counter,0,/home/fwromano/Documents/Code/experiments/VectorManifold/data/raw/video/sim2/Magenta.mp4,3978,66.300011,99d0133716d3c0e32f130fdbb4db14ddf5a93f39e583b387ddd2be3b64cb9c8f
sim2_cropped/Magenta/Magenta_847.png,Magenta,jeep,347,347,847,True,verified_source_pixels,source_video_counter,0,/home/fwromano/Documents/Code/experiments/VectorManifold/data/raw/video/sim2/Magenta.mp4,3990,66.500011,8371bb28ab371a339fe2f583a2fe88772dd57e759873fcdd14a6a408d58ab68b
sim2_cropped/Magenta/Magenta_848.png,Magenta,jeep,343,343,848,True,verified_source_pixels,source_video_counter,0,/home/fwromano/Documents/Code/experiments/VectorManifold/data/raw/video/sim2/Magenta.mp4,3951,65.850011,cba9be8b197703085259415942a9af8bb89f4e0d2989fd0d02a60a8d13d5c26f
sim2_cropped/Magenta/Magenta_849.png,Magenta,jeep,349,349,849,True,verified_source_pixels,source_video_counter,0,/home/fwromano/Documents/Code/experiments/VectorManifold/data/raw/video/sim2/Magenta.mp4,4013,66.883333,f57febeed1613c9d3d55c3876783138d6b9c8e678397f4b3174a654e2eb86e3d
sim2_cropped/Magenta/Magenta_850.png,Magenta,jeep,350,350,850,True,verified_source_pixels,source_video_counter,0,/home/fwromano/Documents/Code/experiments/VectorManifold/data/raw/video/sim2/Magenta.mp4,4030,67.166678,30dd58859160aa79f8f1934a9cbfd535702e618fb700787ca22c13d320786a65
sim2_cropped/Magenta/Magenta_851.png,Magenta,jeep,351,351,851,True,verified_source_pixels,source_video_counter,0,/home/fwromano/Documents/Code/experiments/VectorManifold/data/raw/video/sim2/Magenta.mp4,4041,67.350011,96089ebf788550a64c3514ac7d9090056002b7b7c2be62a09f390e8f7a86e9c1
sim2_cropped/Magenta/Magenta_852.png,Magenta,jeep,352,352,852,True,verified_source_pixels,source_video_counter,0,/home/fwromano/Documents/Code/experiments/VectorManifold/data/raw/video/sim2/Magenta.mp4,4052,67.533344,70523565e872bab0a2f97e8b73b45343c4b42ba98a77bd66828c40a288645cfc
sim2_cropped/Magenta/Magenta_853.png,Magenta,jeep,353,353,853,True,verified_source_pixels,source_video_counter,0,/home/fwromano/Documents/Code/experiments/VectorManifold/data/raw/video/sim2/Magenta.mp4,4063,67.716667,1c860690de3598aadb00422b4ac16b84062004c4ea169106bbae29e252240e3c
sim2_cropped/Magenta/Magenta_854.png,Magenta,jeep,354,354,854,True,verified_source_pixels,source_video_counter,0,/home/fwromano/Documents/Code/experiments/VectorManifold/data/raw/video/sim2/Magenta.mp4,4080,68.0,3bb5e458d94c826527a8079e1d250ea14c5d3ce3a74cccaabebd0192b91b4cb9
sim2_cropped/Magenta/Magenta_855.png,Magenta,jeep,355,355,855,True,verified_source_pixels,source_video_counter,0,/home/fwromano/Documents/Code/experiments/VectorManifold/data/raw/video/sim2/Magenta.mp4,4086,68.100011,5809a1c8b22a2122a20112fedf8f44cf2db987c8ee2ea52d690371b60f1bee5d
sim2_cropped/Magenta/Magenta_856.png,Magenta,jeep,356,356,856,True,verified_source_pixels,source_video_counter,0,/home/fwromano/Documents/Code/experiments/VectorManifold/data/raw/video/sim2/Magenta.mp4,4107,68.450011,c569a366e036e097eece094e3c87a1c8539f92087e3e3e69df4a39cdf11c2fe5
sim2_cropped/Magenta/Magenta_857.png,Magenta,jeep,357,357,857,True,verified_source_pixels,source_video_counter,0,/home/fwromano/Documents/Code/experiments/VectorManifold/data/raw/video/sim2/Magenta.mp4,4114,68.566667,cf24468e48fd7d5e353f55c65b1ab24bd3a14018b891349998b97b7adb64aa06
sim2_cropped/Magenta/Magenta_859.png,Magenta,jeep,359,359,859,True,verified_source_pixels,source_video_counter,0,/home/fwromano/Documents/Code/experiments/VectorManifold/data/raw/video/sim2/Magenta.mp4,4142,69.033344,0b28a3a46c4a25a9572f2c7d282d9168117a4f6d682db698935016d44c3f86f8
sim2_cropped/Magenta/Magenta_889.png,Magenta,jeep,339,339,889,True,verified_source_pixels,source_video_counter,0,/home/fwromano/Documents/Code/experiments/VectorManifold/data/raw/video/sim2/Magenta.mp4,3904,65.066667,acd0e97b365088bf051d1c181c8a2d7cf3c50e7061d3146305c649dce1969dea
sim2_cropped/Magenta/Magenta_990.png,Magenta,jeep,99,,990,True,verified_source_pixels,counter_artifact_review,1,/home/fwromano/Documents/Code/experiments/VectorManifold/data/raw/video/sim2/Magenta.mp4,1018,16.966678,e48067b3e28ebc6141780953a0ebaa870e50980e90b6f56784c73152a695f09f
sim2_cropped/Moose3/Moose3_017.png,Moose3,moose3,17,17,17,False,verified_source_pixels,source_video_counter,0,/home/fwromano/Documents/Code/experiments/VectorManifold/data/raw/video/sim2/Moose3.mp4,0,0.0,f05ab1dce66acaaf9a6b7c1b77753a526d149f46076d9f702d1eb995cc17ff6a
sim2_cropped/Moose3/Moose3_018.png,Moose3,moose3,18,18,18,False,verified_source_pixels,source_video_counter,0,/home/fwromano/Documents/Code/experiments/VectorManifold/data/raw/video/sim2/Moose3.mp4,1,0.016666,d03c2e65cd066112949998b53e3a047f08f636257434a019f3c1580df934b118
sim2_cropped/Moose3/Moose3_019.png,Moose3,moose3,19,19,19,False,verified_source_pixels,source_video_counter,0,/home/fwromano/Documents/Code/experiments/VectorManifold/data/raw/video/sim2/Moose3.mp4,20,0.333333,2ad3c9f2ee02c6d94e90e65c1d0ecc21711bf3e345ea4c88a71fe7e99d4c424f
sim2_cropped/Moose3/Moose3_020.png,Moose3,moose3,20,20,20,False,verified_source_pixels,source_video_counter,0,/home/fwromano/Documents/Code/experiments/VectorManifold/data/raw/video/sim2/Moose3.mp4,32,0.533333,6d6ef7a25d39cc74f40256e9dceaa11872004765995a80e8547738b0a3ad9738
sim2_cropped/Moose3/Moose3_021.png,Moose3,moose3,21,21,21,False,verified_source_pixels,source_video_counter,0,/home/fwromano/Documents/Code/experiments/VectorManifold/data/raw/video/sim2/Moose3.mp4,49,0.816666,927c79ae09df02c62336c70e9a6990373623397aefa764fe72c43d6928d4738c
sim2_cropped/Moose3/Moose3_022.png,Moose3,moose3,22,22,22,False,verified_source_pixels,source_video_counter,0,/home/fwromano/Documents/Code/experiments/VectorManifold/data/raw/video/sim2/Moose3.mp4,55,0.916666,2a0a8f536383b836aaa5db27f328e68aa1fec480a7e185bf3087ecfadc071f22
sim2_cropped/Moose3/Moose3_024.png,Moose3,moose3,24,24,24,False,verified_source_pixels,source_video_counter,0,/home/fwromano/Documents/Code/experiments/VectorManifold/data/raw/video/sim2/Moose3.mp4,81,1.35,67f6c11ad9ec280c2b0ef8ca1227380104cdab128814611fb33132151bb20f21
sim2_cropped/Moose3/Moose3_025.png,Moose3,moose3,25,25,25,False,verified_source_pixels,source_video_counter,0,/home/fwromano/Documents/Code/experiments/VectorManifold/data/raw/video/sim2/Moose3.mp4,93,1.55,213cb9fcdc4a358c03045275b685f7621135442645ff57923f088e82af7592e5
sim2_cropped/Moose3/Moose3_026.png,Moose3,moose3,26,26,26,False,verified_source_pixels,source_video_counter,0,/home/fwromano/Documents/Code/experiments/VectorManifold/data/raw/video/sim2/Moose3.mp4,99,1.65,19f37c8967066ac9b8c9add4a2bdeccd24216e03814ed8443a409bf66b7fdaaf
sim2_cropped/Moose3/Moose3_027.png,Moose3,moose3,27,27,27,False,verified_source_pixels,source_video_counter,0,/home/fwromano/Documents/Code/experiments/VectorManifold/data/raw/video/sim2/Moose3.mp4,112,1.866667,d973ee615a1e05689bf232af198bd44478e08df9cb2e1b02dfaa99ac4d9d4fa3
sim2_cropped/Moose3/Moose3_028.png,Moose3,moose3,28,28,28,False,verified_source_pixels,source_video_counter,0,/home/fwromano/Documents/Code/experiments/VectorManifold/data/raw/video/sim2/Moose3.mp4,125,2.083333,b966cdf5a94c796772445adae77896934f92d566863c5f3ffe04b27736b3607e
sim2_cropped/Moose3/Moose3_029.png,Moose3,moose3,29,29,29,False,verified_source_pixels,source_video_counter,0,/home/fwromano/Documents/Code/experiments/VectorManifold/data/raw/video/sim2/Moose3.mp4,131,2.183333,4fda2895ebe712c095996e4ea88ae8e54e8cfd95afdd6d5b229a79cd23ed12a1
sim2_cropped/Moose3/Moose3_030.png,Moose3,moose3,30,30,30,False,verified_source_pixels,source_video_counter,0,/home/fwromano/Documents/Code/experiments/VectorManifold/data/raw/video/sim2/Moose3.mp4,155,2.583333,94092ba1b903dabcc3c87547c16a5b47f098ed933944047ea9e91c0805cca6d3
sim2_cropped/Moose3/Moose3_032.png,Moose3,moose3,32,32,32,False,verified_source_pixels,source_video_counter,0,/home/fwromano/Documents/Code/experiments/VectorManifold/data/raw/video/sim2/Moose3.mp4,180,2.999999,c08119278e2fbb6f2ad74540fd4b7b15be9ecfb5ba9aa63d762ec1343b113697
sim2_cropped/Moose3/Moose3_033.png,Moose3,moose3,33,33,33,False,verified_source_pixels,source_video_counter,0,/home/fwromano/Documents/Code/experiments/VectorManifold/data/raw/video/sim2/Moose3.mp4,186,3.1,fa98efe2a371f76d7e2fea754b29cee5a5238efe19307ca1c685d5f25de022c2
sim2_cropped/Moose3/Moose3_035.png,Moose3,moose3,35,35,35,False,verified_source_pixels,source_video_counter,0,/home/fwromano/Documents/Code/experiments/VectorManifold/data/raw/video/sim2/Moose3.mp4,210,3.5,420d3de5c1bf8a6127b898b378f3243dd62571d8fa75bbbac75cc30946908ca1
sim2_cropped/Moose3/Moose3_036.png,Moose3,moose3,36,36,36,False,verified_source_pixels,source_video_counter,0,/home/fwromano/Documents/Code/experiments/VectorManifold/data/raw/video/sim2/Moose3.mp4,224,3.733333,e88ebe8f1e65ef165421248646180c9adf979e8ba139c98ee863e7802603d210
sim2_cropped/Moose3/Moose3_037.png,Moose3,moose3,37,37,37,False,verified_source_pixels,source_video_counter,0,/home/fwromano/Documents/Code/experiments/VectorManifold/data/raw/video/sim2/Moose3.mp4,235,3.916666,4ddde4a886619cacdf8d63d08392a4b11535a3dc23fb4bea37b00c909139f9d4
sim2_cropped/Moose3/Moose3_038.png,Moose3,moose3,38,38,38,False,verified_source_pixels,source_video_counter,0,/home/fwromano/Documents/Code/experiments/VectorManifold/data/raw/video/sim2/Moose3.mp4,242,4.033333,b2d7e819852adead9f4322a72835f106292a81e594e84549891ccfd31de54238
sim2_cropped/Moose3/Moose3_040.png,Moose3,moose3,40,40,40,False,verified_source_pixels,source_video_counter,0,/home/fwromano/Documents/Code/experiments/VectorManifold/data/raw/video/sim2/Moose3.mp4,269,4.483333,12782025703417338a8b087b25d783df17e9e94799f2316bac25474449e9648c
sim2_cropped/Moose3/Moose3_041.png,Moose3,moose3,41,41,41,False,verified_source_pixels,source_video_counter,0,/home/fwromano/Documents/Code/experiments/VectorManifold/data/raw/video/sim2/Moose3.mp4,283,4.716666,52f2077bc8eadcc5f446f0b5b348e757810c0f18a0bfa9d065612946eaf3caa3
sim2_cropped/Moose3/Moose3_042.png,Moose3,moose3,42,42,42,False,verified_source_pixels,source_video_counter,0,/home/fwromano/Documents/Code/experiments/VectorManifold/data/raw/video/sim2/Moose3.mp4,295,4.916666,7ecab6f6420e3694b7a7887906d91d93c64ff9aa48e8a762a3d100ab382d3a76
sim2_cropped/Moose3/Moose3_044.png,Moose3,moose3,44,44,44,False,verified_source_pixels,source_video_counter,0,/home/fwromano/Documents/Code/experiments/VectorManifold/data/raw/video/sim2/Moose3.mp4,318,5.3,31c79cd51002637a3648b3de60884f653c134016760fe83e3ca123ae7144605b
sim2_cropped/Moose3/Moose3_045.png,Moose3,moose3,45,45,45,False,verified_source_pixels,source_video_counter,0,/home/fwromano/Documents/Code/experiments/VectorManifold/data/raw/video/sim2/Moose3.mp4,324,5.399999,f32968edc30f358dd3bc5f9944a5c54c76e30b82524b247d70165c30358c2864
sim2_cropped/Moose3/Moose3_046.png,Moose3,moose3,46,46,46,False,verified_source_pixels,source_video_counter,0,/home/fwromano/Documents/Code/experiments/VectorManifold/data/raw/video/sim2/Moose3.mp4,343,5.716666,2412992cd1527a40f5d746deaf5a4332e1301267a2c45457adb4141278708a79
sim2_cropped/Moose3/Moose3_047.png,Moose3,moose3,47,47,47,False,verified_source_pixels,source_video_counter,0,/home/fwromano/Documents/Code/experiments/VectorManifold/data/raw/video/sim2/Moose3.mp4,356,5.933333,1201f02678c50c7b082d6bfc9c53b8f6d6d1b183b3727befd937c667982f94d2
sim2_cropped/Moose3/Moose3_048.png,Moose3,moose3,48,48,48,False,verified_source_pixels,source_video_counter,0,/home/fwromano/Documents/Code/experiments/VectorManifold/data/raw/video/sim2/Moose3.mp4,367,6.116666,f978e57ce5bab6554224e594cfb483ffd0228be2a7da6c118324f3ed17cc6ff0
sim2_cropped/Moose3/Moose3_049.png,Moose3,moose3,49,49,49,False,verified_source_pixels,source_video_counter,0,/home/fwromano/Documents/Code/experiments/VectorManifold/data/raw/video/sim2/Moose3.mp4,380,6.333333,350fabef5d8928d442f91d8db5f244743d56df80fd5ca780f458ca8cfed2160c
sim2_cropped/Moose3/Moose3_050.png,Moose3,moose3,50,50,50,False,verified_source_pixels,source_video_counter,0,/home/fwromano/Documents/Code/experiments/VectorManifold/data/raw/video/sim2/Moose3.mp4,386,6.433333,3743a2688acd5acb7e2ece3f48264d19d88ffad37b145ee3c52782efd5afa6c3
sim2_cropped/Moose3/Moose3_051.png,Moose3,moose3,51,51,51,False,verified_source_pixels,source_video_counter,0,/home/fwromano/Documents/Code/experiments/VectorManifold/data/raw/video/sim2/Moose3.mp4,398,6.633333,79edc55be6da29b49d315c14ae943efc8556a3854dde9535d686e2361cb1ed06
sim2_cropped/Moose3/Moose3_052.png,Moose3,moose3,52,52,52,False,verified_source_pixels,source_video_counter,0,/home/fwromano/Documents/Code/experiments/VectorManifold/data/raw/video/sim2/Moose3.mp4,411,6.85,73d61980ada4c4de0a12ce88a23a8e7df980cfd5e4cba2b6af6a6f50e9b805bf
sim2_cropped/Moose3/Moose3_053.png,Moose3,moose3,53,53,53,False,verified_source_pixels,source_video_counter,0,/home/fwromano/Documents/Code/experiments/VectorManifold/data/raw/video/sim2/Moose3.mp4,428,7.133333,c1bb5ce1b2935ba7c4acfc8b6645ca90fcf766e8e5f987a542cb7408aa659928
sim2_cropped/Moose3/Moose3_054.png,Moose3,moose3,54,54,54,False,verified_source_pixels,source_video_counter,0,/home/fwromano/Documents/Code/experiments/VectorManifold/data/raw/video/sim2/Moose3.mp4,435,7.25,20df0619bb0f7fd205ff65a837b0c5cf205f44a6adf942ea3c95e744d177490e
sim2_cropped/Moose3/Moose3_055.png,Moose3,moose3,55,55,55,False,verified_source_pixels,source_video_counter,0,/home/fwromano/Documents/Code/experiments/VectorManifold/data/raw/video/sim2/Moose3.mp4,449,7.483333,f45ae995a2389fa701adb6218ba9b9e6e6d696302662bfc1b1d802744940f4f1
sim2_cropped/Moose3/Moose3_056.png,Moose3,moose3,56,56,56,False,verified_source_pixels,source_video_counter,0,/home/fwromano/Documents/Code/experiments/VectorManifold/data/raw/video/sim2/Moose3.mp4,461,7.683333,769c0b43346f942f33677620ce89d0ce69c1baeda7190d2de1c4567f92c5e499
sim2_cropped/Moose3/Moose3_057.png,Moose3,moose3,57,57,57,False,verified_source_pixels,source_video_counter,0,/home/fwromano/Documents/Code/experiments/VectorManifold/data/raw/video/sim2/Moose3.mp4,479,7.983333,d0aba118c7792bf1fb63483897adbced4795af38460180a6e8d5e7655776ba2c
sim2_cropped/Moose3/Moose3_058.png,Moose3,moose3,58,58,58,False,verified_source_pixels,source_video_counter,0,/home/fwromano/Documents/Code/experiments/VectorManifold/data/raw/video/sim2/Moose3.mp4,485,8.083333,e352632dafeca6d19b762c083af6aeae6034b2e2b1d3b3e9438359bf56cef6ca
sim2_cropped/Moose3/Moose3_059.png,Moose3,moose3,59,59,59,False,verified_source_pixels,source_video_counter,0,/home/fwromano/Documents/Code/experiments/VectorManifold/data/raw/video/sim2/Moose3.mp4,497,8.283333,a719d94b66f94d12bbe9808c210d6d3b7aff1fbbe0c9fe1cc2570fe3f453822a
sim2_cropped/Moose3/Moose3_060.png,Moose3,moose3,60,60,60,False,verified_source_pixels,source_video_counter,0,/home/fwromano/Documents/Code/experiments/VectorManifold/data/raw/video/sim2/Moose3.mp4,511,8.516666,53dc1ae8e740c11ae7d3614ea3b63cdd53906cc08e2c7b09b90fd789ec69764a
sim2_cropped/Moose3/Moose3_061.png,Moose3,moose3,61,61,61,False,verified_source_pixels,source_video_counter,0,/home/fwromano/Documents/Code/experiments/VectorManifold/data/raw/video/sim2/Moose3.mp4,516,8.6,25ca45b62fcc1fa6df744ddb823e3beb1c2115a59ea626dc370ab6dbc6391dd8
sim2_cropped/Moose3/Moose3_062.png,Moose3,moose3,62,62,62,False,verified_source_pixels,source_video_counter,0,/home/fwromano/Documents/Code/experiments/VectorManifold/data/raw/video/sim2/Moose3.mp4,540,9.0,54eae8259fda82fcbbe8374ec2590dfbe1fd888fb4d62a73c0b6399283c33bbb
sim2_cropped/Moose3/Moose3_064.png,Moose3,moose3,64,64,64,False,verified_source_pixels,source_video_counter,0,/home/fwromano/Documents/Code/experiments/VectorManifold/data/raw/video/sim2/Moose3.mp4,552,9.2,68215d7338aebc91694d54e361fd4b87262a24bc291ed4a516dbf563bcdf1087
sim2_cropped/Moose3/Moose3_065.png,Moose3,moose3,65,65,65,False,verified_source_pixels,source_video_counter,0,/home/fwromano/Documents/Code/experiments/VectorManifold/data/raw/video/sim2/Moose3.mp4,566,9.433333,77498c0f7c2217539e0075517aa23751637ba6c5014161f57ba9b4f92f18f2c7
sim2_cropped/Moose3/Moose3_066.png,Moose3,moose3,66,66,66,False,verified_source_pixels,source_video_counter,0,/home/fwromano/Documents/Code/experiments/VectorManifold/data/raw/video/sim2/Moose3.mp4,583,9.716666,f017a3258d126c4c6b6c9ee1753011d04aee69791b582d87c591c298dd9a11ac
sim2_cropped/Moose3/Moose3_067.png,Moose3,moose3,67,67,67,False,verified_source_pixels,source_video_counter,0,/home/fwromano/Documents/Code/experiments/VectorManifold/data/raw/video/sim2/Moose3.mp4,589,9.816666,cafa4d6ffb5563ad77dd89f0ad850941b3fe1f80e5a737e9fd165a3be11fc5d6
sim2_cropped/Moose3/Moose3_068.png,Moose3,moose3,68,68,68,False,verified_source_pixels,source_video_counter,0,/home/fwromano/Documents/Code/experiments/VectorManifold/data/raw/video/sim2/Moose3.mp4,607,10.116666,9b12553aaac861bbb8817983889061faf4a52f749cfe817239b66c10601d71f1
sim2_cropped/Moose3/Moose3_069.png,Moose3,moose3,69,69,69,False,verified_source_pixels,source_video_counter,0,/home/fwromano/Documents/Code/experiments/VectorManifold/data/raw/video/sim2/Moose3.mp4,613,10.216666,e03a30ddfcb2b9a9166ef48da4de0150e80b19f83c06882439654d96e48fe0f6
sim2_cropped/Moose3/Moose3_070.png,Moose3,moose3,70,70,70,False,verified_source_pixels,source_video_counter,0,/home/fwromano/Documents/Code/experiments/VectorManifold/data/raw/video/sim2/Moose3.mp4,620,10.333333,f81d09591fa0c0c02ce3458dfd7d30be78c0e41565cfac1dd362636839c9e616
sim2_cropped/Moose3/Moose3_071.png,Moose3,moose3,71,71,71,False,verified_source_pixels,source_video_counter,0,/home/fwromano/Documents/Code/experiments/VectorManifold/data/raw/video/sim2/Moose3.mp4,639,10.65,5bbab28c4e6f752392d9c6a763ceec360214d72449351f54f469d33468ab0ad5
sim2_cropped/Moose3/Moose3_072.png,Moose3,moose3,72,72,72,False,verified_source_pixels,source_video_counter,0,/home/fwromano/Documents/Code/experiments/VectorManifold/data/raw/video/sim2/Moose3.mp4,647,10.783333,8eeb27925fb70ae5b2dba67ff804f50c030c48058bb4b12bb3da2340daedf1e3
sim2_cropped/Moose3/Moose3_073.png,Moose3,moose3,73,73,73,False,verified_source_pixels,source_video_counter,0,/home/fwromano/Documents/Code/experiments/VectorManifold/data/raw/video/sim2/Moose3.mp4,665,11.083333,c7729eb35bcbb9d2fdec19d71b1ded5ad8f5ef5bd3217eae19e2f36dc5633596
sim2_cropped/Moose3/Moose3_074.png,Moose3,moose3,74,74,74,False,verified_source_pixels,source_video_counter,0,/home/fwromano/Documents/Code/experiments/VectorManifold/data/raw/video/sim2/Moose3.mp4,678,11.3,e756223c4f23a42293190b9b76dc4866629f044af1b8a2bf2f79fb5ff4870c69
sim2_cropped/Moose3/Moose3_075.png,Moose3,moose3,75,75,75,False,verified_source_pixels,source_video_counter,0,/home/fwromano/Documents/Code/experiments/VectorManifold/data/raw/video/sim2/Moose3.mp4,685,11.416666,bce3d13b54d0511644ff2f888c0adb5a66cf60e8e3232acde68760508269e36f
sim2_cropped/Moose3/Moose3_076.png,Moose3,moose3,76,76,76,False,verified_source_pixels,source_video_counter,0,/home/fwromano/Documents/Code/experiments/VectorManifold/data/raw/video/sim2/Moose3.mp4,705,11.75,06e17183f3c25ce19bc221f7d6b5eac6b003d45ad66cacc18620dd6256e34ed2
sim2_cropped/Moose3/Moose3_077.png,Moose3,moose3,77,77,77,False,verified_source_pixels,source_video_counter,0,/home/fwromano/Documents/Code/experiments/VectorManifold/data/raw/video/sim2/Moose3.mp4,712,11.866666,035dff4eb6acdf6ce99e7a1f5bfb66d7b9582d5d89c2c1f4d6eecdb5d80352bc
sim2_cropped/Moose3/Moose3_078.png,Moose3,moose3,78,78,78,False,verified_source_pixels,source_video_counter,0,/home/fwromano/Documents/Code/experiments/VectorManifold/data/raw/video/sim2/Moose3.mp4,726,12.1,7d5dff9d7fe0b65bde06d03e401416c4d910e38dd14a60bb31b66fe11155dfe5
sim2_cropped/Moose3/Moose3_079.png,Moose3,moose3,79,79,79,False,verified_source_pixels,source_video_counter,0,/home/fwromano/Documents/Code/experiments/VectorManifold/data/raw/video/sim2/Moose3.mp4,738,12.3,7cbd52432c3d25262e737fdaa7bdde12f9f8e2b4d5b5bf8c68c9e566e7ebb715
sim2_cropped/Moose3/Moose3_080.png,Moose3,moose3,80,80,80,False,verified_source_pixels,source_video_counter,0,/home/fwromano/Documents/Code/experiments/VectorManifold/data/raw/video/sim2/Moose3.mp4,757,12.616666,7b895c3792668215f183bfde5350eee4b61f5dbedc8816c7062ea6df3b9b27be
sim2_cropped/Moose3/Moose3_081.png,Moose3,moose3,81,81,81,False,verified_source_pixels,source_video_counter,0,/home/fwromano/Documents/Code/experiments/VectorManifold/data/raw/video/sim2/Moose3.mp4,769,12.816666,524c5476c8aa5f4dbc5b8d63d55f6077b366944e4c6af401af4b61ccf3a78c2d
sim2_cropped/Moose3/Moose3_082.png,Moose3,moose3,82,82,82,False,verified_source_pixels,source_video_counter,0,/home/fwromano/Documents/Code/experiments/VectorManifold/data/raw/video/sim2/Moose3.mp4,775,12.916666,af57588efd9b9ec821409e2ee41a300e243b8d2ce23a54375e3f339bc5eb29e6
sim2_cropped/Moose3/Moose3_084.png,Moose3,moose3,84,84,84,False,verified_source_pixels,source_video_counter,0,/home/fwromano/Documents/Code/experiments/VectorManifold/data/raw/video/sim2/Moose3.mp4,799,13.316666,336688bfc7b4e6b9c2e967815295e0a55bcc7cb4c29858d43befb18e6656eb46
sim2_cropped/Moose3/Moose3_085.png,Moose3,moose3,85,85,85,False,verified_source_pixels,source_video_counter,0,/home/fwromano/Documents/Code/experiments/VectorManifold/data/raw/video/sim2/Moose3.mp4,812,13.533333,ce59ad1d78c0bab76102c8fdc54dd26660134dea849d2b697a1252f3161f9116
sim2_cropped/Moose3/Moose3_086.png,Moose3,moose3,86,86,86,False,verified_source_pixels,source_video_counter,0,/home/fwromano/Documents/Code/experiments/VectorManifold/data/raw/video/sim2/Moose3.mp4,817,13.616666,09dab8030a69371a8ce3df394993fd023c7a46c0829274a713d4135e6ae61110
sim2_cropped/Moose3/Moose3_087.png,Moose3,moose3,87,87,87,False,verified_source_pixels,source_video_counter,0,/home/fwromano/Documents/Code/experiments/VectorManifold/data/raw/video/sim2/Moose3.mp4,836,13.933333,0cbfcc605913c48da4ad2a86f6ba9580c4bb93a2e6b7bc8d6030aa3a17efad7b
sim2_cropped/Moose3/Moose3_088.png,Moose3,moose3,88,88,88,False,verified_source_pixels,source_video_counter,0,/home/fwromano/Documents/Code/experiments/VectorManifold/data/raw/video/sim2/Moose3.mp4,842,14.033333,a033a15c310d2ef530d9598fcd976481364eeff096ca00aa9bfce5a45531e83d
sim2_cropped/Moose3/Moose3_089.png,Moose3,moose3,89,89,89,False,verified_source_pixels,source_video_counter,0,/home/fwromano/Documents/Code/experiments/VectorManifold/data/raw/video/sim2/Moose3.mp4,854,14.233333,f2c12b3d76bb084b1b14ab12134d4202c8fde912245628b64cc65054fd073257
sim2_cropped/Moose3/Moose3_090.png,Moose3,moose3,30,30,90,True,verified_source_pixels,source_video_counter,0,/home/fwromano/Documents/Code/experiments/VectorManifold/data/raw/video/sim2/Moose3.mp4,156,2.599999,c0f99851a87ed2aef4865bb99d15d9217fee4363421ad5b457c765f172cccd73
sim2_cropped/Moose3/Moose3_091.png,Moose3,moose3,31,31,91,True,verified_source_pixels,source_video_counter,0,/home/fwromano/Documents/Code/experiments/VectorManifold/data/raw/video/sim2/Moose3.mp4,161,2.683333,170e7324b3bbe2567d0927791622833b4e39406454a8c432522a5dcd2da91a7b
sim2_cropped/Moose3/Moose3_092.png,Moose3,moose3,32,32,92,True,verified_source_pixels,source_video_counter,0,/home/fwromano/Documents/Code/experiments/VectorManifold/data/raw/video/sim2/Moose3.mp4,175,2.916666,b80dbbd493aded94dbca2489b93a4b55c9fc93090c0d29c50e10c0b738087233
sim2_cropped/Moose3/Moose3_093.png,Moose3,moose3,93,93,93,False,verified_source_pixels,source_video_counter,0,/home/fwromano/Documents/Code/experiments/VectorManifold/data/raw/video/sim2/Moose3.mp4,906,15.099999,3f0fb7ed2e13fd513ef5149e1b38e1c9900d75bb80e5045584581f087748eecf
sim2_cropped/Moose3/Moose3_094.png,Moose3,moose3,34,34,94,True,verified_source_pixels,source_video_counter,0,/home/fwromano/Documents/Code/experiments/VectorManifold/data/raw/video/sim2/Moose3.mp4,204,3.399999,f91fe82b46988f0617498adaaa7bfb9f3868ca79bab6f4f9a5863d451c4ffa17
sim2_cropped/Moose3/Moose3_095.png,Moose3,moose3,95,95,95,False,verified_source_pixels,source_video_counter,0,/home/fwromano/Documents/Code/experiments/VectorManifold/data/raw/video/sim2/Moose3.mp4,933,15.55,e28f1c82272bf6d7cb336f868c3714abf9912790f405c0d080dcb3d9a9c9a787
sim2_cropped/Moose3/Moose3_096.png,Moose3,moose3,96,96,96,False,verified_source_pixels,source_video_counter,0,/home/fwromano/Documents/Code/experiments/VectorManifold/data/raw/video/sim2/Moose3.mp4,940,15.666667,4a11b3df1b54625edfa6648874f0fd8b099020807a8c96c322e60cc313c31274
sim2_cropped/Moose3/Moose3_097.png,Moose3,moose3,97,97,97,False,verified_source_pixels,source_video_counter,0,/home/fwromano/Documents/Code/experiments/VectorManifold/data/raw/video/sim2/Moose3.mp4,953,15.883333,13ffb6f04dec502df090093dd7025cba6068f64528162af8f0ff3e1a4c01c996
sim2_cropped/Moose3/Moose3_098.png,Moose3,moose3,98,98,98,False,verified_source_pixels,source_video_counter,0,/home/fwromano/Documents/Code/experiments/VectorManifold/data/raw/video/sim2/Moose3.mp4,966,16.099999,9bc2c7f509fa317d20dcd44a2d42c7b1ad99f1cf9d71e0cbe3ffc62da96c3757
sim2_cropped/Moose3/Moose3_099.png,Moose3,moose3,99,99,99,False,verified_source_pixels,source_video_counter,0,/home/fwromano/Documents/Code/experiments/VectorManifold/data/raw/video/sim2/Moose3.mp4,978,16.299999,f6ad906b21d49fd2211bab06bd7eab5e1964a61313f2497169471cf4da12ea5e
sim2_cropped/Moose3/Moose3_100.png,Moose3,moose3,100,100,100,False,verified_source_pixels,source_video_counter,0,/home/fwromano/Documents/Code/experiments/VectorManifold/data/raw/video/sim2/Moose3.mp4,990,16.499999,792deef4af902c5f28783e7cb1d8e8069058537a85eec88fb8f2cd23ccae8c4c
sim2_cropped/Moose3/Moose3_101.png,Moose3,moose3,101,101,101,False,verified_source_pixels,source_video_counter,0,/home/fwromano/Documents/Code/experiments/VectorManifold/data/raw/video/sim2/Moose3.mp4,998,16.633333,f42e15b05e700d147dd0b4a0b3d387c3b12465a4685ccb7a67f68c23b19a627c
sim2_cropped/Moose3/Moose3_102.png,Moose3,moose3,102,102,102,False,verified_source_pixels,source_video_counter,0,/home/fwromano/Documents/Code/experiments/VectorManifold/data/raw/video/sim2/Moose3.mp4,1015,16.916666,183066329806243db3ad173faef82a3a5b3f3d93b1680137db450e7aaca841f0
sim2_cropped/Moose3/Moose3_104.png,Moose3,moose3,104,104,104,False,verified_source_pixels,source_video_counter,0,/home/fwromano/Documents/Code/experiments/VectorManifold/data/raw/video/sim2/Moose3.mp4,1036,17.266667,ed7dfb9dbfeeec49e5d0c2dc60d102201f34d6e04098416c31f9006ec70f75d1
sim2_cropped/Moose3/Moose3_105.png,Moose3,moose3,105,105,105,False,verified_source_pixels,source_video_counter,0,/home/fwromano/Documents/Code/experiments/VectorManifold/data/raw/video/sim2/Moose3.mp4,1053,17.55,da30ca31e184687c84b71348881da8a0b16820ce69f1a0c5f6373eaa69c4e9d3
sim2_cropped/Moose3/Moose3_106.png,Moose3,moose3,106,106,106,False,verified_source_pixels,source_video_counter,0,/home/fwromano/Documents/Code/experiments/VectorManifold/data/raw/video/sim2/Moose3.mp4,1065,17.75,949dfe515a6fed6c5bc5d148c111df5fce36c4aba9bbd28f7a6e88648c1f3ad1
sim2_cropped/Moose3/Moose3_107.png,Moose3,moose3,107,107,107,False,verified_source_pixels,source_video_counter,0,/home/fwromano/Documents/Code/experiments/VectorManifold/data/raw/video/sim2/Moose3.mp4,1072,17.866667,224bf5fa5e83b5471e26a888d22c8c7c8e89f0bafd800e7c52518edac336e5e7
sim2_cropped/Moose3/Moose3_108.png,Moose3,moose3,108,108,108,False,verified_source_pixels,source_video_counter,0,/home/fwromano/Documents/Code/experiments/VectorManifold/data/raw/video/sim2/Moose3.mp4,1084,18.066667,368dd392e6a22eeedafe0c48b91a8acd9c67c7b0c171bb22c9bfd768b77d0a50
sim2_cropped/Moose3/Moose3_109.png,Moose3,moose3,109,109,109,False,verified_source_pixels,source_video_counter,0,/home/fwromano/Documents/Code/experiments/VectorManifold/data/raw/video/sim2/Moose3.mp4,1091,18.183333,006c805373d49b2d47e9fcbe94c4c5e103b512f11352a8b0256ec145faff1364
sim2_cropped/Moose3/Moose3_110.png,Moose3,moose3,110,110,110,False,verified_source_pixels,source_video_counter,0,/home/fwromano/Documents/Code/experiments/VectorManifold/data/raw/video/sim2/Moose3.mp4,1109,18.483333,a3f2d97a8b29a69d0a94da1ed3795ce59de83839cc8ed8f6654e8421a856eaa5
sim2_cropped/Moose3/Moose3_111.png,Moose3,moose3,111,111,111,False,verified_source_pixels,source_video_counter,0,/home/fwromano/Documents/Code/experiments/VectorManifold/data/raw/video/sim2/Moose3.mp4,1123,18.716666,615c07e4bba47a311715d3870d7742f0d6efc9f72c1321c5b08930de6680b415
sim2_cropped/Moose3/Moose3_112.png,Moose3,moose3,112,112,112,False,verified_source_pixels,source_video_counter,0,/home/fwromano/Documents/Code/experiments/VectorManifold/data/raw/video/sim2/Moose3.mp4,1129,18.816666,9eaabfa56b09956c48d0d7edfa4490a57dd67cf37cd1285c16aa650d7ceb40d5
sim2_cropped/Moose3/Moose3_114.png,Moose3,moose3,114,114,114,False,verified_source_pixels,source_video_counter,0,/home/fwromano/Documents/Code/experiments/VectorManifold/data/raw/video/sim2/Moose3.mp4,1155,19.25,8213fcd6a8450ac6a574f72a6c87741e2b6f66d095e5e8c419e8c30987907d40
sim2_cropped/Moose3/Moose3_115.png,Moose3,moose3,115,115,115,False,verified_source_pixels,source_video_counter,0,/home/fwromano/Documents/Code/experiments/VectorManifold/data/raw/video/sim2/Moose3.mp4,1168,19.466666,ab0e1a24254c28782d84bd8325d3ef20dc7008a2d59df76ee05bbe4ae0c8dd51
sim2_cropped/Moose3/Moose3_116.png,Moose3,moose3,116,116,116,False,verified_source_pixels,source_video_counter,0,/home/fwromano/Documents/Code/experiments/VectorManifold/data/raw/video/sim2/Moose3.mp4,1180,19.666666,c4bf9edb02c099ef3227dec7625d01f8a912c0bb0664c2469845778f7204db1d
sim2_cropped/Moose3/Moose3_117.png,Moose3,moose3,117,117,117,False,verified_source_pixels,source_video_counter,0,/home/fwromano/Documents/Code/experiments/VectorManifold/data/raw/video/sim2/Moose3.mp4,1191,19.85,a18b889bce15a557e67fdd397275ef0ce4565bc4c5e2156824961b766acfd8dd
sim2_cropped/Moose3/Moose3_118.png,Moose3,moose3,118,118,118,False,verified_source_pixels,source_video_counter,0,/home/fwromano/Documents/Code/experiments/VectorManifold/data/raw/video/sim2/Moose3.mp4,1204,20.066666,bab5fa9015c1116394d44dc9f99dcc2b0abbb305d1d6b4d72d3319015a639439
sim2_cropped/Moose3/Moose3_119.png,Moose3,moose3,119,119,119,False,verified_source_pixels,source_video_counter,0,/home/fwromano/Documents/Code/experiments/VectorManifold/data/raw/video/sim2/Moose3.mp4,1217,20.283333,d8cbf32bc85d77365ee78633c1c57d6a89298a1412ef1ad387f89d280cc1fdd0
sim2_cropped/Moose3/Moose3_120.png,Moose3,moose3,120,120,120,False,verified_source_pixels,source_video_counter,0,/home/fwromano/Documents/Code/experiments/VectorManifold/data/raw/video/sim2/Moose3.mp4,1235,20.583333,3c6cfa6d0e6fd811a84cebecfecea6e05ab47e483ee363ac203fc8196df03bba
sim2_cropped/Moose3/Moose3_121.png,Moose3,moose3,121,121,121,False,verified_source_pixels,source_video_counter,0,/home/fwromano/Documents/Code/experiments/VectorManifold/data/raw/video/sim2/Moose3.mp4,1242,20.7,ca40fada732f9c82a1fc485fb1c337bca081de5c5a51300d565ad9fc747ed414
sim2_cropped/Moose3/Moose3_122.png,Moose3,moose3,122,122,122,False,verified_source_pixels,source_video_counter,0,/home/fwromano/Documents/Code/experiments/VectorManifold/data/raw/video/sim2/Moose3.mp4,1254,20.9,93ad2ff8f966ca8ae4a32f3a8aad6fd12e5e35d1f1e6beefe882136e1b63d5a6
sim2_cropped/Moose3/Moose3_123.png,Moose3,moose3,123,123,123,False,verified_source_pixels,source_video_counter,0,/home/fwromano/Documents/Code/experiments/VectorManifold/data/raw/video/sim2/Moose3.mp4,1261,21.016666,6ce206bfac715b9e46a63514ef57539553c6721e59b9640c7b1d1ffefff7cdbe
sim2_cropped/Moose3/Moose3_124.png,Moose3,moose3,124,124,124,False,verified_source_pixels,source_video_counter,0,/home/fwromano/Documents/Code/experiments/VectorManifold/data/raw/video/sim2/Moose3.mp4,1274,21.233333,7941d600ac63ebd11007c323586728bf7a0ff5278b3131edb72bff39143525c9
sim2_cropped/Moose3/Moose3_125.png,Moose3,moose3,125,125,125,False,verified_source_pixels,source_video_counter,0,/home/fwromano/Documents/Code/experiments/VectorManifold/data/raw/video/sim2/Moose3.mp4,1287,21.45,7be97ddaff1eaa3b04d8e36258fbda02dc68c60c573ca932bb3be2356159c99f
sim2_cropped/Moose3/Moose3_126.png,Moose3,moose3,126,126,126,False,verified_source_pixels,source_video_counter,0,/home/fwromano/Documents/Code/experiments/VectorManifold/data/raw/video/sim2/Moose3.mp4,1305,21.75,b62dc6b8eb7ac9b48e0197a71de558c7e62b623c9611a40cf820786992a99083
sim2_cropped/Moose3/Moose3_127.png,Moose3,moose3,127,127,127,False,verified_source_pixels,source_video_counter,0,/home/fwromano/Documents/Code/experiments/VectorManifold/data/raw/video/sim2/Moose3.mp4,1312,21.866666,f4541797cea36b0fa609d00b2e0a242b64bd82024b91a7da6f46146b12817df5
sim2_cropped/Moose3/Moose3_128.png,Moose3,moose3,128,128,128,False,verified_source_pixels,source_video_counter,0,/home/fwromano/Documents/Code/experiments/VectorManifold/data/raw/video/sim2/Moose3.mp4,1324,22.066666,0ca72496a5e45218bc6087ef1ce6c0c47f1f29c19fd81f140fcb0e138bed84a7
sim2_cropped/Moose3/Moose3_129.png,Moose3,moose3,129,129,129,False,verified_source_pixels,source_video_counter,0,/home/fwromano/Documents/Code/experiments/VectorManifold/data/raw/video/sim2/Moose3.mp4,1342,22.366667,f26ddb5eed0787a128e0ab8475c2b45c816773c8aff93907eb80797064cd2a29
sim2_cropped/Moose3/Moose3_131.png,Moose3,moose3,131,131,131,False,verified_source_pixels,source_video_counter,0,/home/fwromano/Documents/Code/experiments/VectorManifold/data/raw/video/sim2/Moose3.mp4,1371,22.85,ebff95b9113e7b763773b7711f3e311495d2875c5571805a011f20dcb4d5f5b3
sim2_cropped/Moose3/Moose3_133.png,Moose3,moose3,133,133,133,False,verified_source_pixels,source_video_counter,0,/home/fwromano/Documents/Code/experiments/VectorManifold/data/raw/video/sim2/Moose3.mp4,1381,23.016666,c0eae5ad98513f547fb08eba76cb79c7894a88441bf2aeb8f034631013ef5f0c
sim2_cropped/Moose3/Moose3_134.png,Moose3,moose3,134,134,134,False,verified_source_pixels,source_video_counter,0,/home/fwromano/Documents/Code/experiments/VectorManifold/data/raw/video/sim2/Moose3.mp4,1399,23.316666,87d25a24735b64b55ca23356be6d68dd39672d87311e5fb2637769d2c53579de
sim2_cropped/Moose3/Moose3_135.png,Moose3,moose3,135,135,135,False,verified_source_pixels,source_video_counter,0,/home/fwromano/Documents/Code/experiments/VectorManifold/data/raw/video/sim2/Moose3.mp4,1411,23.516666,e160d602efc503c6b9f80c18c8a58f376a266eef7df268ab96ca4afb1b292104
sim2_cropped/Moose3/Moose3_136.png,Moose3,moose3,136,136,136,False,verified_source_pixels,source_video_counter,0,/home/fwromano/Documents/Code/experiments/VectorManifold/data/raw/video/sim2/Moose3.mp4,1419,23.65,6c1d7a29d23928f5e0db8197a41ac38efd3af2d649e94bb3d5c2322df5fad7ee
sim2_cropped/Moose3/Moose3_137.png,Moose3,moose3,137,137,137,False,verified_source_pixels,source_video_counter,0,/home/fwromano/Documents/Code/experiments/VectorManifold/data/raw/video/sim2/Moose3.mp4,1435,23.916666,20dc79d113c6067e3f8154f347e6f95fa85f5aaa8a433f1e52b7bffb7db0ea5f
sim2_cropped/Moose3/Moose3_138.png,Moose3,moose3,138,138,138,False,verified_source_pixels,source_video_counter,0,/home/fwromano/Documents/Code/experiments/VectorManifold/data/raw/video/sim2/Moose3.mp4,1447,24.116666,8ca24e1c795ba8baf455786ab4208b0ac751f613faa951979fba089d39754fc8
sim2_cropped/Moose3/Moose3_139.png,Moose3,moose3,139,139,139,False,verified_source_pixels,source_video_counter,0,/home/fwromano/Documents/Code/experiments/VectorManifold/data/raw/video/sim2/Moose3.mp4,1454,24.233333,fec3d7fe713c0c34e38b28a3eed4e20fbf5f4f5e5d3b565f4a500eef59c44eed
sim2_cropped/Moose3/Moose3_140.png,Moose3,moose3,140,140,140,False,verified_source_pixels,source_video_counter,0,/home/fwromano/Documents/Code/experiments/VectorManifold/data/raw/video/sim2/Moose3.mp4,1474,24.566666,212e4068bf9697d1aa9148b5a840fa74f3ccc9d85ebbbfc85239e6479930cea8
sim2_cropped/Moose3/Moose3_141.png,Moose3,moose3,141,141,141,False,verified_source_pixels,source_video_counter,0,/home/fwromano/Documents/Code/experiments/VectorManifold/data/raw/video/sim2/Moose3.mp4,1479,24.65,cb37954f4c3daa0f8eefa22be0e9b296bd5a523ceb8e032cd245d190d8c8ab8b
sim2_cropped/Moose3/Moose3_142.png,Moose3,moose3,142,142,142,False,verified_source_pixels,source_video_counter,0,/home/fwromano/Documents/Code/experiments/VectorManifold/data/raw/video/sim2/Moose3.mp4,1497,24.95,bba998722f10433757671cbfaa54cfcc230cb40f4968b01037aaaa9b5c5ba45e
sim2_cropped/Moose3/Moose3_144.png,Moose3,moose3,144,144,144,False,verified_source_pixels,source_video_counter,0,/home/fwromano/Documents/Code/experiments/VectorManifold/data/raw/video/sim2/Moose3.mp4,1516,25.266667,4bafc93f4e3e6096c16f9759f4ee5c97bc9f05f07cacea026c9bfd800cc6fd11
sim2_cropped/Moose3/Moose3_145.png,Moose3,moose3,145,145,145,False,verified_source_pixels,source_video_counter,0,/home/fwromano/Documents/Code/experiments/VectorManifold/data/raw/video/sim2/Moose3.mp4,1527,25.45,093fede71f9376e6d28487d0e2c6d324664401c061175797dad3c3f9c6023854
sim2_cropped/Moose3/Moose3_146.png,Moose3,moose3,146,146,146,False,verified_source_pixels,source_video_counter,0,/home/fwromano/Documents/Code/experiments/VectorManifold/data/raw/video/sim2/Moose3.mp4,1544,25.733333,a2a96069956041e73a5b9a07747bfba110df8ecf6b9108fabf6e6172c4581f2c
sim2_cropped/Moose3/Moose3_147.png,Moose3,moose3,147,147,147,False,verified_source_pixels,source_video_counter,0,/home/fwromano/Documents/Code/experiments/VectorManifold/data/raw/video/sim2/Moose3.mp4,1551,25.85,dd01091d72c79a3d1b560cbd5603d319cddefd431859b7b6aafe90a22fec3eae
sim2_cropped/Moose3/Moose3_148.png,Moose3,moose3,148,148,148,False,verified_source_pixels,source_video_counter,0,/home/fwromano/Documents/Code/experiments/VectorManifold/data/raw/video/sim2/Moose3.mp4,1570,26.166666,b93690a6a78300c3650913a0dd81efd19fd642c808f96f870c7b3d46adda4dd6
sim2_cropped/Moose3/Moose3_149.png,Moose3,moose3,149,149,149,False,verified_source_pixels,source_video_counter,0,/home/fwromano/Documents/Code/experiments/VectorManifold/data/raw/video/sim2/Moose3.mp4,1576,26.266667,869d6c0ff4ac486fad1b36c5bda85975b755c605d7e7cebc5063bfd63bff69e5
sim2_cropped/Moose3/Moose3_150.png,Moose3,moose3,150,150,150,False,verified_source_pixels,source_video_counter,0,/home/fwromano/Documents/Code/experiments/VectorManifold/data/raw/video/sim2/Moose3.mp4,1587,26.45,26ededeb9f7a10b3b49cf26d9ebb8f8fc96fe71328747c253208da51dcc59968
sim2_cropped/Moose3/Moose3_151.png,Moose3,moose3,151,151,151,False,verified_source_pixels,source_video_counter,0,/home/fwromano/Documents/Code/experiments/VectorManifold/data/raw/video/sim2/Moose3.mp4,1599,26.65,5d79c2da7dd2be2463d696f0a2de9b2614b98fcd64aa4d15a24f0bad286bcb72
sim2_cropped/Moose3/Moose3_152.png,Moose3,moose3,152,152,152,False,verified_source_pixels,source_video_counter,0,/home/fwromano/Documents/Code/experiments/VectorManifold/data/raw/video/sim2/Moose3.mp4,1611,26.85,331eea6f97040611bacf90398c227367e1ed660edea079679b5751dadd22f42a
sim2_cropped/Moose3/Moose3_153.png,Moose3,moose3,153,153,153,False,verified_source_pixels,source_video_counter,0,/home/fwromano/Documents/Code/experiments/VectorManifold/data/raw/video/sim2/Moose3.mp4,1624,27.066666,e558698465f974069bab6c5e0557c630e1501f810a2749f06b96ada4f2592b99
sim2_cropped/Moose3/Moose3_154.png,Moose3,moose3,154,154,154,False,verified_source_pixels,source_video_counter,0,/home/fwromano/Documents/Code/experiments/VectorManifold/data/raw/video/sim2/Moose3.mp4,1640,27.333333,59a94102adc23af7abbc45c1127aa94baadae3dd3b74d3c1ee4f6938bfd0260f
sim2_cropped/Moose3/Moose3_155.png,Moose3,moose3,155,155,155,False,verified_source_pixels,source_video_counter,0,/home/fwromano/Documents/Code/experiments/VectorManifold/data/raw/video/sim2/Moose3.mp4,1652,27.533333,71c9c87aa69a629fcbf2bf560a7b9d30e0de749fae25d4ba3b267b08d7525f4f
sim2_cropped/Moose3/Moose3_156.png,Moose3,moose3,156,156,156,False,verified_source_pixels,source_video_counter,0,/home/fwromano/Documents/Code/experiments/VectorManifold/data/raw/video/sim2/Moose3.mp4,1666,27.766667,ea35b330d24cddbe1320cb402bb4fdfa110d209f6eecb35de5d5d50417aceda0
sim2_cropped/Moose3/Moose3_157.png,Moose3,moose3,157,157,157,False,verified_source_pixels,source_video_counter,0,/home/fwromano/Documents/Code/experiments/VectorManifold/data/raw/video/sim2/Moose3.mp4,1671,27.85,398d33a0c4a53de57e0ef9a7b05ceeaf061fd13cb66f4522ec0fd1aa01597267
sim2_cropped/Moose3/Moose3_158.png,Moose3,moose3,158,158,158,False,verified_source_pixels,source_video_counter,0,/home/fwromano/Documents/Code/experiments/VectorManifold/data/raw/video/sim2/Moose3.mp4,1690,28.166667,73de19cbeec54fc9e43ad7de31d89339d194a5d34345e341364fe41802a63d8d
sim2_cropped/Moose3/Moose3_159.png,Moose3,moose3,159,159,159,False,verified_source_pixels,source_video_counter,0,/home/fwromano/Documents/Code/experiments/VectorManifold/data/raw/video/sim2/Moose3.mp4,1702,28.366667,4af2407b92604e2304a630e28d3dae8a2f4e23ceb4aebc16120d7feb495e73c7
sim2_cropped/Moose3/Moose3_160.png,Moose3,moose3,160,160,160,False,verified_source_pixels,source_video_counter,0,/home/fwromano/Documents/Code/experiments/VectorManifold/data/raw/video/sim2/Moose3.mp4,1708,28.466666,635e4e60908bdd70f6c31c0693f778a705790e2b273e13479bb95c5ed8c2bd8e
sim2_cropped/Moose3/Moose3_161.png,Moose3,moose3,161,161,161,False,verified_source_pixels,source_video_counter,0,/home/fwromano/Documents/Code/experiments/VectorManifold/data/raw/video/sim2/Moose3.mp4,1721,28.683333,705956966ecee015440a5146ecaf77ea4cef0510c10f43e27596716d91dabe35
sim2_cropped/Moose3/Moose3_162.png,Moose3,moose3,162,162,162,False,verified_source_pixels,source_video_counter,0,/home/fwromano/Documents/Code/experiments/VectorManifold/data/raw/video/sim2/Moose3.mp4,1728,28.799999,920572505aa9dc9f9855425d6cf4dcd2cd46a8e76d708b5f0ae56d5eff8fb54c
sim2_cropped/Moose3/Moose3_163.png,Moose3,moose3,163,163,163,False,verified_source_pixels,source_video_counter,0,/home/fwromano/Documents/Code/experiments/VectorManifold/data/raw/video/sim2/Moose3.mp4,1741,29.016666,67727d2e39a5ed9aad9fe32259f58bad07b932857ed8848c47970563b160e2b8
sim2_cropped/Moose3/Moose3_164.png,Moose3,moose3,164,164,164,False,verified_source_pixels,source_video_counter,0,/home/fwromano/Documents/Code/experiments/VectorManifold/data/raw/video/sim2/Moose3.mp4,1765,29.416666,b51c611da0b7ce3763346e55a16f2a4cbf7a6a982d3e4d732b877822ada9bf47
sim2_cropped/Moose3/Moose3_165.png,Moose3,moose3,165,165,165,False,verified_source_pixels,source_video_counter,0,/home/fwromano/Documents/Code/experiments/VectorManifold/data/raw/video/sim2/Moose3.mp4,1771,29.516666,27859878e1d7e893f5a2681a664243a708e650cb3a7ea2b433e037d9da5534a7
sim2_cropped/Moose3/Moose3_166.png,Moose3,moose3,166,166,166,False,verified_source_pixels,source_video_counter,0,/home/fwromano/Documents/Code/experiments/VectorManifold/data/raw/video/sim2/Moose3.mp4,1784,29.733333,e20dbd97fcb4f7032d25547cc5532f63c3d3986672f9739eae25b8ba1954f6e1
sim2_cropped/Moose3/Moose3_167.png,Moose3,moose3,167,167,167,False,verified_source_pixels,source_video_counter,0,/home/fwromano/Documents/Code/experiments/VectorManifold/data/raw/video/sim2/Moose3.mp4,1796,29.933333,0000d6eb310dcf7e1070340fd27684fcd147bf5904440fe4c6ba67c0d23102ec
sim2_cropped/Moose3/Moose3_168.png,Moose3,moose3,168,168,168,False,verified_source_pixels,source_video_counter,0,/home/fwromano/Documents/Code/experiments/VectorManifold/data/raw/video/sim2/Moose3.mp4,1803,30.05,2ab510f50a8b2c46e2fcde95991a8104cfb1b695d0f0af465b6716ee85f70619
sim2_cropped/Moose3/Moose3_169.png,Moose3,moose3,169,169,169,False,verified_source_pixels,source_video_counter,0,/home/fwromano/Documents/Code/experiments/VectorManifold/data/raw/video/sim2/Moose3.mp4,1816,30.266666,3663dee9846766a629754b6bfb6b98e6f2f906364d922ff36a27c84b46e4a053
sim2_cropped/Moose3/Moose3_170.png,Moose3,moose3,170,170,170,False,verified_source_pixels,source_video_counter,0,/home/fwromano/Documents/Code/experiments/VectorManifold/data/raw/video/sim2/Moose3.mp4,1828,30.466666,c32108b541363e64800164c47c12894d50169601d866620111f0f7ad229bf318
sim2_cropped/Moose3/Moose3_171.png,Moose3,moose3,171,171,171,False,verified_source_pixels,source_video_counter,0,/home/fwromano/Documents/Code/experiments/VectorManifold/data/raw/video/sim2/Moose3.mp4,1850,30.833333,4e9c80c665343a87ddcb5d4c1d8c59a3b0363d6c786c1e7084c43f0cc6d92512
sim2_cropped/Moose3/Moose3_172.png,Moose3,moose3,172,172,172,False,verified_source_pixels,source_video_counter,0,/home/fwromano/Documents/Code/experiments/VectorManifold/data/raw/video/sim2/Moose3.mp4,1855,30.916666,f02a477c48b8eb579bb0aafd9c5982c1a548d38b4eecadbbbb5c65a1facef3d3
sim2_cropped/Moose3/Moose3_173.png,Moose3,moose3,173,173,173,False,verified_source_pixels,source_video_counter,0,/home/fwromano/Documents/Code/experiments/VectorManifold/data/raw/video/sim2/Moose3.mp4,1868,31.133333,7ba956427cf7804b23c8c68f34d2bcd929f679da8ea1f8f49b7634850d7a5b8b
sim2_cropped/Moose3/Moose3_174.png,Moose3,moose3,174,174,174,False,verified_source_pixels,source_video_counter,0,/home/fwromano/Documents/Code/experiments/VectorManifold/data/raw/video/sim2/Moose3.mp4,1875,31.25,476c43157cfccf954dcc998b3dbe850e617441e2760343d81361ee2b9f4c3234
sim2_cropped/Moose3/Moose3_182.png,Moose3,moose3,182,182,182,False,verified_source_pixels,source_video_counter,0,/home/fwromano/Documents/Code/experiments/VectorManifold/data/raw/video/sim2/Moose3.mp4,1975,32.916666,524c3db233fad7715ad50dcd6116619768850200f608a17ef501c3fd818fc8c0
sim2_cropped/Moose3/Moose3_183.png,Moose3,moose3,183,183,183,False,verified_source_pixels,source_video_counter,0,/home/fwromano/Documents/Code/experiments/VectorManifold/data/raw/video/sim2/Moose3.mp4,1988,33.133333,d265e1b786b4e428bf9cb68c220051f64751729773ebccfe55b73c4e23f2ded5
sim2_cropped/Moose3/Moose3_184.png,Moose3,moose3,184,184,184,False,verified_source_pixels,source_video_counter,0,/home/fwromano/Documents/Code/experiments/VectorManifold/data/raw/video/sim2/Moose3.mp4,1995,33.25,bb9eaea3ea0616a86f99540cf0e522b238bb0060721244c23b19496c3901efb0
sim2_cropped/Moose3/Moose3_185.png,Moose3,moose3,185,185,185,False,verified_source_pixels,source_video_counter,0,/home/fwromano/Documents/Code/experiments/VectorManifold/data/raw/video/sim2/Moose3.mp4,2009,33.483333,4bdc8bd4894ff1c9dcafad128537cdd00fcee3c44d00aefe231cd385a0c79f33
sim2_cropped/Moose3/Moose3_186.png,Moose3,moose3,186,186,186,False,verified_source_pixels,source_video_counter,0,/home/fwromano/Documents/Code/experiments/VectorManifold/data/raw/video/sim2/Moose3.mp4,2014,33.566666,70568b13247b967d797b2992a1f69c8d083c6d5bc8e51ad6426ecc0690667ef0
sim2_cropped/Moose3/Moose3_187.png,Moose3,moose3,187,187,187,False,verified_source_pixels,source_video_counter,0,/home/fwromano/Documents/Code/experiments/VectorManifold/data/raw/video/sim2/Moose3.mp4,2040,34.0,f10e5f8a48cb0b7de0858533171d274aaa696ca29f373c2500ca09ca93134778
sim2_cropped/Moose3/Moose3_188.png,Moose3,moose3,188,188,188,False,verified_source_pixels,source_video_counter,0,/home/fwromano/Documents/Code/experiments/VectorManifold/data/raw/video/sim2/Moose3.mp4,2052,34.2,7537dc2b531a8f581320843eafedf6537d16ac7a9e02318e77ffbce70cfd6732
sim2_cropped/Moose3/Moose3_189.png,Moose3,moose3,189,189,189,False,verified_source_pixels,source_video_counter,0,/home/fwromano/Documents/Code/experiments/VectorManifold/data/raw/video/sim2/Moose3.mp4,2059,34.316666,972d6120b7f7b7593f089a750cdf4229f15197629ac4d413ffb22cce2270acb2
sim2_cropped/Moose3/Moose3_190.png,Moose3,moose3,190,190,190,False,verified_source_pixels,source_video_counter,0,/home/fwromano/Documents/Code/experiments/VectorManifold/data/raw/video/sim2/Moose3.mp4,2065,34.416666,2569cab37aeb046621eb5323555a8ddb8036a7863644c07caf72fd5d2e14de07
sim2_cropped/Moose3/Moose3_191.png,Moose3,moose3,191,191,191,False,verified_source_pixels,source_video_counter,0,/home/fwromano/Documents/Code/experiments/VectorManifold/data/raw/video/sim2/Moose3.mp4,2079,34.65,ca940a69db9981c1f593a65435c665f770877fd32cf29ae4221c4c83f8f43001
sim2_cropped/Moose3/Moose3_192.png,Moose3,moose3,192,192,192,False,verified_source_pixels,source_video_counter,0,/home/fwromano/Documents/Code/experiments/VectorManifold/data/raw/video/sim2/Moose3.mp4,2096,34.933333,cddf61623aa4db87a0897de7e7e54783fd015a5d8fcc494d9935163f14fcf78f
sim2_cropped/Moose3/Moose3_194.png,Moose3,moose3,194,194,194,False,verified_source_pixels,source_video_counter,0,/home/fwromano/Documents/Code/experiments/VectorManifold/data/raw/video/sim2/Moose3.mp4,2117,35.283333,524df63871f10d49680e73fad1c396b54e30c6e883743fd47b26d1131e563b7e
sim2_cropped/Moose3/Moose3_195.png,Moose3,moose3,195,195,195,False,verified_source_pixels,source_video_counter,0,/home/fwromano/Documents/Code/experiments/VectorManifold/data/raw/video/sim2/Moose3.mp4,2129,35.483333,7de866bb55eb05f28726d353f059c1ad6a13e984c580c7b24c3ff4170d0299a0
sim2_cropped/Moose3/Moose3_196.png,Moose3,moose3,196,196,196,False,verified_source_pixels,source_video_counter,0,/home/fwromano/Documents/Code/experiments/VectorManifold/data/raw/video/sim2/Moose3.mp4,2141,35.683333,d21cd17e1ed68b3097968a98cd95b7c749b10b41abc075c7595279c6af653502
sim2_cropped/Moose3/Moose3_197.png,Moose3,moose3,197,197,197,False,verified_source_pixels,source_video_counter,0,/home/fwromano/Documents/Code/experiments/VectorManifold/data/raw/video/sim2/Moose3.mp4,2152,35.866666,63167d7d9034f278cf2c4941e8ffb6ee53885b372781bfefe3a0617e2512b50d
sim2_cropped/Moose3/Moose3_198.png,Moose3,moose3,198,198,198,False,verified_source_pixels,source_video_counter,0,/home/fwromano/Documents/Code/experiments/VectorManifold/data/raw/video/sim2/Moose3.mp4,2165,36.083333,b872fcff896d27e2c8d8e781b313907f4c647c5cea0c3c5c4461883a2c01e16f
sim2_cropped/Moose3/Moose3_199.png,Moose3,moose3,199,199,199,False,verified_source_pixels,source_video_counter,0,/home/fwromano/Documents/Code/experiments/VectorManifold/data/raw/video/sim2/Moose3.mp4,2178,36.3,d4ec5a1923940a1f35fe7429e9f8b8f4d285eecdd488ae7486477bbdaee04bb9
sim2_cropped/Moose3/Moose3_200.png,Moose3,moose3,200,200,200,False,verified_source_pixels,source_video_counter,0,/home/fwromano/Documents/Code/experiments/VectorManifold/data/raw/video/sim2/Moose3.mp4,2185,36.416666,1b436edaa70581b94b1364a3349f03fbad3b74f3833e41d9caec753b83d4912f
sim2_cropped/Moose3/Moose3_201.png,Moose3,moose3,201,201,201,False,verified_source_pixels,source_video_counter,0,/home/fwromano/Documents/Code/experiments/VectorManifold/data/raw/video/sim2/Moose3.mp4,2202,36.7,c08c09e1057c136a89aae08f1ec8fadb8dcf0be077d4024343aa29c299f47cb6
sim2_cropped/Moose3/Moose3_202.png,Moose3,moose3,202,202,202,False,verified_source_pixels,source_video_counter,0,/home/fwromano/Documents/Code/experiments/VectorManifold/data/raw/video/sim2/Moose3.mp4,2214,36.9,2b966cea4bf60d591b9837491e84027a77c593b6e7c9a9918454a52b5f020449
sim2_cropped/Moose3/Moose3_203.png,Moose3,moose3,203,203,203,False,verified_source_pixels,source_video_counter,0,/home/fwromano/Documents/Code/experiments/VectorManifold/data/raw/video/sim2/Moose3.mp4,2225,37.083333,56a97ff946e46295fb71e8e7d1de3e61ec9f40fac120aa69291887b8b2adf4aa
sim2_cropped/Moose3/Moose3_204.png,Moose3,moose3,204,204,204,False,verified_source_pixels,source_video_counter,0,/home/fwromano/Documents/Code/experiments/VectorManifold/data/raw/video/sim2/Moose3.mp4,2238,37.3,ed0a1ab8ecdb7815dc3161e8671da2bc47586dcca3f22f137f8423831e123b98
sim2_cropped/Moose3/Moose3_205.png,Moose3,moose3,205,205,205,False,verified_source_pixels,source_video_counter,0,/home/fwromano/Documents/Code/experiments/VectorManifold/data/raw/video/sim2/Moose3.mp4,2246,37.433333,2711aa9767904fcde695ea6a33b763205dc5570502783a8d62269c212eaafdfa
sim2_cropped/Moose3/Moose3_206.png,Moose3,moose3,306,306,206,True,verified_source_pixels,source_video_counter,0,/home/fwromano/Documents/Code/experiments/VectorManifold/data/raw/video/sim2/Moose3.mp4,3457,57.616666,80a2bcb60c1a912e57867a9a70772abb2c2da4c0b22ce947277e077cc3286995
sim2_cropped/Moose3/Moose3_207.png,Moose3,moose3,207,207,207,False,verified_source_pixels,source_video_counter,0,/home/fwromano/Documents/Code/experiments/VectorManifold/data/raw/video/sim2/Moose3.mp4,2269,37.816666,9ce70ff2262aa1102d443089dbb27d44bfe23caf310df27894c0a70ed1f1fda3
sim2_cropped/Moose3/Moose3_208.png,Moose3,moose3,208,208,208,False,verified_source_pixels,source_video_counter,0,/home/fwromano/Documents/Code/experiments/VectorManifold/data/raw/video/sim2/Moose3.mp4,2287,38.116666,568a948b96086cd12dd4888ffbd651093298a3af024727f80b5d1014d484388d
sim2_cropped/Moose3/Moose3_209.png,Moose3,moose3,209,209,209,False,verified_source_pixels,source_video_counter,0,/home/fwromano/Documents/Code/experiments/VectorManifold/data/raw/video/sim2/Moose3.mp4,2299,38.316666,d7f17cee61d8791af5f990d4e65bac46fcd5ce808d69e9169f38f645de3757f0
sim2_cropped/Moose3/Moose3_210.png,Moose3,moose3,210,210,210,False,verified_source_pixels,source_video_counter,0,/home/fwromano/Documents/Code/experiments/VectorManifold/data/raw/video/sim2/Moose3.mp4,2305,38.416666,4133362e698553937fd6ea7a9f277294bec56f8b3dca46b13ebbaab43b3aa867
sim2_cropped/Moose3/Moose3_211.png,Moose3,moose3,211,211,211,False,verified_source_pixels,source_video_counter,0,/home/fwromano/Documents/Code/experiments/VectorManifold/data/raw/video/sim2/Moose3.mp4,2317,38.616666,31bb120ed7b794af21795b620c05a5424497bb71f549bfcc44f857c175eeca54
sim2_cropped/Moose3/Moose3_212.png,Moose3,moose3,212,212,212,False,verified_source_pixels,source_video_counter,0,/home/fwromano/Documents/Code/experiments/VectorManifold/data/raw/video/sim2/Moose3.mp4,2337,38.95,5ab827dfad74c424fcc0035afac0e05e3039f4f66afd87423a8e1d3e08bdf42d
sim2_cropped/Moose3/Moose3_213.png,Moose3,moose3,213,213,213,False,verified_source_pixels,source_video_counter,0,/home/fwromano/Documents/Code/experiments/VectorManifold/data/raw/video/sim2/Moose3.mp4,2342,39.033333,1f39d82ff9a59c8266e89570c4449631c42aca8ae5502c2fbba9e73e6c79878c
sim2_cropped/Moose3/Moose3_214.png,Moose3,moose3,214,214,214,False,verified_source_pixels,source_video_counter,0,/home/fwromano/Documents/Code/experiments/VectorManifold/data/raw/video/sim2/Moose3.mp4,2365,39.416666,5521eb15e4da2fa966eadd4c4e2e085049a9611f905d164ed9566f0f01c23dbb
sim2_cropped/Moose3/Moose3_215.png,Moose3,moose3,215,215,215,False,verified_source_pixels,source_video_counter,0,/home/fwromano/Documents/Code/experiments/VectorManifold/data/raw/video/sim2/Moose3.mp4,2371,39.516666,35af0d2449a98d60064bafd308e049c9e1d05154280da281b69c1b6b040243c1
sim2_cropped/Moose3/Moose3_216.png,Moose3,moose3,216,216,216,False,verified_source_pixels,source_video_counter,0,/home/fwromano/Documents/Code/experiments/VectorManifold/data/raw/video/sim2/Moose3.mp4,2384,39.733333,91e2681c007b7afb9045a12f7b732b37456fdf5eb455c45a636e6cb39982c70d
sim2_cropped/Moose3/Moose3_217.png,Moose3,moose3,217,217,217,False,verified_source_pixels,source_video_counter,0,/home/fwromano/Documents/Code/experiments/VectorManifold/data/raw/video/sim2/Moose3.mp4,2397,39.95,e64aba55689c8114c04e94907ba3623bc6a3e8cd3048ecd843a9e9c488937de1
sim2_cropped/Moose3/Moose3_218.png,Moose3,moose3,218,218,218,False,verified_source_pixels,source_video_counter,0,/home/fwromano/Documents/Code/experiments/VectorManifold/data/raw/video/sim2/Moose3.mp4,2408,40.133333,66ffa8ebe6443bc734006c5525ad8117726612be2441cf4f29ad59b5a4dad517
sim2_cropped/Moose3/Moose3_219.png,Moose3,moose3,219,219,219,False,verified_source_pixels,source_video_counter,0,/home/fwromano/Documents/Code/experiments/VectorManifold/data/raw/video/sim2/Moose3.mp4,2419,40.316666,160c8d912e43bcdd4fd9373803d47bb755a760b7d5fa693883a697e4d9430a36
sim2_cropped/Moose3/Moose3_220.png,Moose3,moose3,220,220,220,False,verified_source_pixels,source_video_counter,0,/home/fwromano/Documents/Code/experiments/VectorManifold/data/raw/video/sim2/Moose3.mp4,2426,40.433333,59e9b04cfdfbb5c06abdced60554262817e14844568fc802a8418b12a3705ba4
sim2_cropped/Moose3/Moose3_221.png,Moose3,moose3,221,221,221,False,verified_source_pixels,source_video_counter,0,/home/fwromano/Documents/Code/experiments/VectorManifold/data/raw/video/sim2/Moose3.mp4,2439,40.65,c63da8339a2650d56839d315844aa2ff89de0b374d17abd73438559d74d35488
sim2_cropped/Moose3/Moose3_222.png,Moose3,moose3,222,222,222,False,verified_source_pixels,source_video_counter,0,/home/fwromano/Documents/Code/experiments/VectorManifold/data/raw/video/sim2/Moose3.mp4,2451,40.85,733b24af85d69a111ab69f3b9306277e5a516b0fc0fa0909d4809fb0625bd020
sim2_cropped/Moose3/Moose3_223.png,Moose3,moose3,233,233,223,True,verified_source_pixels,source_video_counter,0,/home/fwromano/Documents/Code/experiments/VectorManifold/data/raw/video/sim2/Moose3.mp4,2579,42.983333,983646a40197bc6faa11299124d4b79c0113e6dc6a0ea531e023685cbfa9cee5
sim2_cropped/Moose3/Moose3_224.png,Moose3,moose3,224,224,224,False,verified_source_pixels,source_video_counter,0,/home/fwromano/Documents/Code/experiments/VectorManifold/data/raw/video/sim2/Moose3.mp4,2476,41.266667,620ab4e39a4911cd0ab7e2f98f5d4d0364ba6f70d952f57a4e6eff47d234f2df
sim2_cropped/Moose3/Moose3_225.png,Moose3,moose3,225,225,225,False,verified_source_pixels,source_video_counter,0,/home/fwromano/Documents/Code/experiments/VectorManifold/data/raw/video/sim2/Moose3.mp4,2494,41.566666,a5164c32fdad2f4c4f58ed0ba136cc039934f164361c245b526173c19d6bc163
sim2_cropped/Moose3/Moose3_226.png,Moose3,moose3,226,226,226,False,verified_source_pixels,source_video_counter,0,/home/fwromano/Documents/Code/experiments/VectorManifold/data/raw/video/sim2/Moose3.mp4,2500,41.666667,ac1da68ebcbacd65a03a9979b9977b002be383eed4a5955bc61a5790e392c741
sim2_cropped/Moose3/Moose3_227.png,Moose3,moose3,227,227,227,False,verified_source_pixels,source_video_counter,0,/home/fwromano/Documents/Code/experiments/VectorManifold/data/raw/video/sim2/Moose3.mp4,2511,41.85,e8c4e7226b3bf35144f2271068e8f1bd0886d68e779d394042438e144bc78eef
sim2_cropped/Moose3/Moose3_228.png,Moose3,moose3,228,228,228,False,verified_source_pixels,source_video_counter,0,/home/fwromano/Documents/Code/experiments/VectorManifold/data/raw/video/sim2/Moose3.mp4,2524,42.066667,de7a3ea34de9bb84cc9635681805df8d27d8d1610c5539b9d2b173d44cd20d6b
sim2_cropped/Moose3/Moose3_229.png,Moose3,moose3,229,229,229,False,verified_source_pixels,source_video_counter,0,/home/fwromano/Documents/Code/experiments/VectorManifold/data/raw/video/sim2/Moose3.mp4,2535,42.25,f5fecf98f772445bbbc39f8ed4f42794675a0c0daa2ca9811a659f7f134a44c6
sim2_cropped/Moose3/Moose3_230.png,Moose3,moose3,330,330,230,True,verified_source_pixels,source_video_counter,0,/home/fwromano/Documents/Code/experiments/VectorManifold/data/raw/video/sim2/Moose3.mp4,3752,62.533333,1e895fe20cbbf0b3474abe0462445a1e2bac55de43a7e5ac43017e3ba4791d93
sim2_cropped/Moose3/Moose3_231.png,Moose3,moose3,331,331,231,True,verified_source_pixels,source_video_counter,0,/home/fwromano/Documents/Code/experiments/VectorManifold/data/raw/video/sim2/Moose3.mp4,3764,62.733333,a4ff7c4b638f3a6a90c11ad2d1ba9996c6c6a4b4ed94b44444270e4a8913241d
sim2_cropped/Moose3/Moose3_232.png,Moose3,moose3,332,332,232,True,verified_source_pixels,source_video_counter,0,/home/fwromano/Documents/Code/experiments/VectorManifold/data/raw/video/sim2/Moose3.mp4,3771,62.85,7f39338b6d30033fc96ff0a44f0014c927fcf7566c2f99ab68ee5ba36649160b
sim2_cropped/Moose3/Moose3_234.png,Moose3,moose3,334,334,234,True,verified_source_pixels,source_video_counter,0,/home/fwromano/Documents/Code/experiments/VectorManifold/data/raw/video/sim2/Moose3.mp4,3803,63.383333,20fe2daae25d26153b63a380ee69764ac502b297b8e458ed945a268bd867404e
sim2_cropped/Moose3/Moose3_235.png,Moose3,moose3,335,335,235,True,verified_source_pixels,source_video_counter,0,/home/fwromano/Documents/Code/experiments/VectorManifold/data/raw/video/sim2/Moose3.mp4,3808,63.466666,544b730bad00cb91ce47e9eca2ce7ca0fd2598caadcbb046791b35173f595efe
sim2_cropped/Moose3/Moose3_236.png,Moose3,moose3,336,336,236,True,verified_source_pixels,source_video_counter,0,/home/fwromano/Documents/Code/experiments/VectorManifold/data/raw/video/sim2/Moose3.mp4,3816,63.599999,69f53c8d145802d7dd3316354e7e747635cd4419d64cb7f5a7cbd632c796006a
sim2_cropped/Moose3/Moose3_240.png,Moose3,moose3,240,240,240,False,verified_source_pixels,source_video_counter,0,/home/fwromano/Documents/Code/experiments/VectorManifold/data/raw/video/sim2/Moose3.mp4,2668,44.466666,09a36a693584503c844026b36c0b3fdeffaf75cf16f10f8fad894bd640e4e8aa
sim2_cropped/Moose3/Moose3_241.png,Moose3,moose3,241,241,241,False,verified_source_pixels,source_video_counter,0,/home/fwromano/Documents/Code/experiments/VectorManifold/data/raw/video/sim2/Moose3.mp4,2680,44.666666,baa36d87cfa08d20e5ffecb4394f2a01149923a13a19b07bf319d0f0dca0ccb9
sim2_cropped/Moose3/Moose3_242.png,Moose3,moose3,242,242,242,False,verified_source_pixels,source_video_counter,0,/home/fwromano/Documents/Code/experiments/VectorManifold/data/raw/video/sim2/Moose3.mp4,2698,44.966667,55be27e10cfc0fad367719779b18b85d5ec4d8134db8b76aa4072def7cf85b96
sim2_cropped/Moose3/Moose3_243.png,Moose3,moose3,243,243,243,False,verified_source_pixels,source_video_counter,0,/home/fwromano/Documents/Code/experiments/VectorManifold/data/raw/video/sim2/Moose3.mp4,2704,45.066666,59920a587e6553875d2e3a228d93841c1eb2d4fc531855d9aa185dbda7e6f56d
sim2_cropped/Moose3/Moose3_244.png,Moose3,moose3,244,244,244,False,verified_source_pixels,source_video_counter,0,/home/fwromano/Documents/Code/experiments/VectorManifold/data/raw/video/sim2/Moose3.mp4,2717,45.283333,b242af88d8f5729a7414b7dd7896de265a7ae489ba733aa42dc685263661caeb
sim2_cropped/Moose3/Moose3_245.png,Moose3,moose3,245,245,245,False,verified_source_pixels,source_video_counter,0,/home/fwromano/Documents/Code/experiments/VectorManifold/data/raw/video/sim2/Moose3.mp4,2725,45.416666,31706e22e778d9ef1898ff94ffb468744e81accd264e45e413f0072d7b655c76
sim2_cropped/Moose3/Moose3_246.png,Moose3,moose3,246,246,246,False,verified_source_pixels,source_video_counter,0,/home/fwromano/Documents/Code/experiments/VectorManifold/data/raw/video/sim2/Moose3.mp4,2743,45.716666,ba209aa87d1035105614535292200bb85ca042f55d3f1cfef08b986f3b7475ce
sim2_cropped/Moose3/Moose3_247.png,Moose3,moose3,247,247,247,False,verified_source_pixels,source_video_counter,0,/home/fwromano/Documents/Code/experiments/VectorManifold/data/raw/video/sim2/Moose3.mp4,2749,45.816666,cc5fcb487fb581ca62d7417147b2c91b63565fe63073e3dac313593d1c61f3a8
sim2_cropped/Moose3/Moose3_248.png,Moose3,moose3,248,248,248,False,verified_source_pixels,source_video_counter,0,/home/fwromano/Documents/Code/experiments/VectorManifold/data/raw/video/sim2/Moose3.mp4,2762,46.033333,ba6a9a6c693ac2849ad61c86fb7fda4dd1fdc97582f6c8124bd9e8fd6682f650
sim2_cropped/Moose3/Moose3_249.png,Moose3,moose3,249,249,249,False,verified_source_pixels,source_video_counter,0,/home/fwromano/Documents/Code/experiments/VectorManifold/data/raw/video/sim2/Moose3.mp4,2775,46.25,d3ca764b6a134f641acd64419462ff64a6fd3deced4063ede5fe2d226bdb0d51
sim2_cropped/Moose3/Moose3_250.png,Moose3,moose3,250,250,250,False,verified_source_pixels,source_video_counter,0,/home/fwromano/Documents/Code/experiments/VectorManifold/data/raw/video/sim2/Moose3.mp4,2789,46.483333,52fd55d9fa74008d858eaa1be2d4c5ee18db17510c6765f95fa4a830b2c99112
sim2_cropped/Moose3/Moose3_251.png,Moose3,moose3,251,251,251,False,verified_source_pixels,source_video_counter,0,/home/fwromano/Documents/Code/experiments/VectorManifold/data/raw/video/sim2/Moose3.mp4,2800,46.666666,5fb2bbfc0ac520dbc00730dc7dcc5af314ca4a4d281b1fdc01e7f2877b49c2fa
sim2_cropped/Moose3/Moose3_252.png,Moose3,moose3,252,252,252,False,verified_source_pixels,source_video_counter,0,/home/fwromano/Documents/Code/experiments/VectorManifold/data/raw/video/sim2/Moose3.mp4,2818,46.966667,661e28b03e10bc04b6c0f696d56a84da00d860fde8a153b811d3a9bec53c8694
sim2_cropped/Moose3/Moose3_254.png,Moose3,moose3,254,254,254,False,verified_source_pixels,source_video_counter,0,/home/fwromano/Documents/Code/experiments/VectorManifold/data/raw/video/sim2/Moose3.mp4,2837,47.283333,113911b5c33d3d57835f7643991831691b12748d65b07ac86008ca8b0caba201
sim2_cropped/Moose3/Moose3_255.png,Moose3,moose3,255,255,255,False,verified_source_pixels,source_video_counter,0,/home/fwromano/Documents/Code/experiments/VectorManifold/data/raw/video/sim2/Moose3.mp4,2849,47.483333,532e5351e92d33f97a0b87fb958321c30a8f7aa07f30e2d554c5452b6c1785cc
sim2_cropped/Moose3/Moose3_256.png,Moose3,moose3,256,256,256,False,verified_source_pixels,source_video_counter,0,/home/fwromano/Documents/Code/experiments/VectorManifold/data/raw/video/sim2/Moose3.mp4,2865,47.75,d6d22ceed741481a0c24a5a20156779f215b4a2c626c0c1aca63e910e3a9a5cf
sim2_cropped/Moose3/Moose3_257.png,Moose3,moose3,257,257,257,False,verified_source_pixels,source_video_counter,0,/home/fwromano/Documents/Code/experiments/VectorManifold/data/raw/video/sim2/Moose3.mp4,2877,47.95,58ced25776f9f9a6ab66a11dc6c2fd5898dfabc10bd1ee067f8bc38cde08830d
sim2_cropped/Moose3/Moose3_258.png,Moose3,moose3,258,258,258,False,verified_source_pixels,source_video_counter,0,/home/fwromano/Documents/Code/experiments/VectorManifold/data/raw/video/sim2/Moose3.mp4,2883,48.05,cb02b79b031308092c00f7f4b802779958aa3b8525aa169c6610976a3c2eb80e
sim2_cropped/Moose3/Moose3_259.png,Moose3,moose3,259,259,259,False,verified_source_pixels,source_video_counter,0,/home/fwromano/Documents/Code/experiments/VectorManifold/data/raw/video/sim2/Moose3.mp4,2896,48.266667,53e1c314de2b8bf9b40c660a65125ee0bb0271cf85152af2c86ebf8abe01d87d
sim2_cropped/Moose3/Moose3_260.png,Moose3,moose3,260,260,260,False,verified_source_pixels,source_video_counter,0,/home/fwromano/Documents/Code/experiments/VectorManifold/data/raw/video/sim2/Moose3.mp4,2902,48.366666,6c6a47e8cfc8b45fc78c1fde3463677a07993e91057782eb34a26e5a12cb9e15
sim2_cropped/Moose3/Moose3_261.png,Moose3,moose3,261,261,261,False,verified_source_pixels,source_video_counter,0,/home/fwromano/Documents/Code/experiments/VectorManifold/data/raw/video/sim2/Moose3.mp4,2921,48.683333,f73b287d114365e5463ce27606bd4785045ad9dfe55f0fe3534c659fe6f2321b
sim2_cropped/Moose3/Moose3_262.png,Moose3,moose3,262,262,262,False,verified_source_pixels,source_video_counter,0,/home/fwromano/Documents/Code/experiments/VectorManifold/data/raw/video/sim2/Moose3.mp4,2934,48.899999,a317c78339aeab201287ed13522aa0c6c38a5720cb5e43449e158866fe82c875
sim2_cropped/Moose3/Moose3_263.png,Moose3,moose3,263,263,263,False,verified_source_pixels,source_video_counter,0,/home/fwromano/Documents/Code/experiments/VectorManifold/data/raw/video/sim2/Moose3.mp4,2947,49.116666,86792517b9aa495c257fef340d11df05c36494438bd44db145481e25a62bd425
sim2_cropped/Moose3/Moose3_264.png,Moose3,moose3,264,264,264,False,verified_source_pixels,source_video_counter,0,/home/fwromano/Documents/Code/experiments/VectorManifold/data/raw/video/sim2/Moose3.mp4,2959,49.316666,c20e77af4a5fb275f79e5044fe3071a571d6e0f1990057af30c81835f0dfa102
sim2_cropped/Moose3/Moose3_265.png,Moose3,moose3,265,265,265,False,verified_source_pixels,source_video_counter,0,/home/fwromano/Documents/Code/experiments/VectorManifold/data/raw/video/sim2/Moose3.mp4,2972,49.533333,5c60ecb7d667e95c039119aed41ca7e3b4ee5b491902baa89442eb424663a860
sim2_cropped/Moose3/Moose3_266.png,Moose3,moose3,266,266,266,False,verified_source_pixels,source_video_counter,0,/home/fwromano/Documents/Code/experiments/VectorManifold/data/raw/video/sim2/Moose3.mp4,2985,49.75,3bae27947b2e2d8e1aab7ea6e9374cfe0b7a680beca0cc3e740fd617d5fcfb61
sim2_cropped/Moose3/Moose3_267.png,Moose3,moose3,267,267,267,False,verified_source_pixels,source_video_counter,0,/home/fwromano/Documents/Code/experiments/VectorManifold/data/raw/video/sim2/Moose3.mp4,2992,49.866667,8702a111c5916f9018b40c3e139869434f68625234bf016b84e2b216330f8ec4
sim2_cropped/Moose3/Moose3_268.png,Moose3,moose3,268,268,268,False,verified_source_pixels,source_video_counter,0,/home/fwromano/Documents/Code/experiments/VectorManifold/data/raw/video/sim2/Moose3.mp4,3010,50.166666,5d3901a9858edbcbf9654350249257aedb0eab651aadf2ceaf315623507802fa
sim2_cropped/Moose3/Moose3_269.png,Moose3,moose3,269,269,269,False,verified_source_pixels,source_video_counter,0,/home/fwromano/Documents/Code/experiments/VectorManifold/data/raw/video/sim2/Moose3.mp4,3022,50.366666,5f5d4c6c899428b425d2908b0951e4d48bba52c1cfe85b0e4bc52475713f6123
sim2_cropped/Moose3/Moose3_270.png,Moose3,moose3,270,270,270,False,verified_source_pixels,source_video_counter,0,/home/fwromano/Documents/Code/experiments/VectorManifold/data/raw/video/sim2/Moose3.mp4,3028,50.466667,0247736c6a8adb7ce0dc7db9e4cf9bb5079e518bf00483d0989f8ca0bcaffdaa
sim2_cropped/Moose3/Moose3_271.png,Moose3,moose3,271,271,271,False,verified_source_pixels,source_video_counter,0,/home/fwromano/Documents/Code/experiments/VectorManifold/data/raw/video/sim2/Moose3.mp4,3042,50.699999,4c8f90a99cf209f2ba2982108db38359ff4edbfee5a6efa736021f752c775409
sim2_cropped/Moose3/Moose3_272.png,Moose3,moose3,272,272,272,False,verified_source_pixels,source_video_counter,0,/home/fwromano/Documents/Code/experiments/VectorManifold/data/raw/video/sim2/Moose3.mp4,3048,50.8,8c4461a408203aecb9a3654be329f0c6933efd610f018114d4d1d30101b936cb
sim2_cropped/Moose3/Moose3_274.png,Moose3,moose3,274,274,274,False,verified_source_pixels,source_video_counter,0,/home/fwromano/Documents/Code/experiments/VectorManifold/data/raw/video/sim2/Moose3.mp4,3079,51.316666,3b698e7ef3f6c45430f1f08acd6323efd0c7418926152f679dfac5057e4531f6
sim2_cropped/Moose3/Moose3_275.png,Moose3,moose3,275,275,275,False,verified_source_pixels,source_video_counter,0,/home/fwromano/Documents/Code/experiments/VectorManifold/data/raw/video/sim2/Moose3.mp4,3093,51.55,55eccd44983d32eb353cfe49ac2c8387c0d24a551f48a8e5ffb9d59bcd18b3e4
sim2_cropped/Moose3/Moose3_276.png,Moose3,moose3,276,276,276,False,verified_source_pixels,source_video_counter,0,/home/fwromano/Documents/Code/experiments/VectorManifold/data/raw/video/sim2/Moose3.mp4,3100,51.666667,499fa15add1229b67651df9f05d6d9c952f9d66e8de747a6998d692842992f08
sim2_cropped/Moose3/Moose3_277.png,Moose3,moose3,277,277,277,False,verified_source_pixels,source_video_counter,0,/home/fwromano/Documents/Code/experiments/VectorManifold/data/raw/video/sim2/Moose3.mp4,3111,51.85,ceb754f4394a17ffcb5702a1ac5b32d20f33c1005aa74cfffb17e0f79da5ff48
sim2_cropped/Moose3/Moose3_278.png,Moose3,moose3,278,278,278,False,verified_source_pixels,source_video_counter,0,/home/fwromano/Documents/Code/experiments/VectorManifold/data/raw/video/sim2/Moose3.mp4,3125,52.083333,df1d16b3232f3e46eaf3cb99d1f52a0db36962cf1876383383709a1bfb1ea27d
sim2_cropped/Moose3/Moose3_279.png,Moose3,moose3,279,279,279,False,verified_source_pixels,source_video_counter,0,/home/fwromano/Documents/Code/experiments/VectorManifold/data/raw/video/sim2/Moose3.mp4,3138,52.3,d3f521bf247d01c27508885ee674f40ec73053221a29620c906db4ef74eef338
sim2_cropped/Moose3/Moose3_280.png,Moose3,moose3,280,280,280,False,verified_source_pixels,source_video_counter,0,/home/fwromano/Documents/Code/experiments/VectorManifold/data/raw/video/sim2/Moose3.mp4,3152,52.533333,d5f1a03611fa9a612321f6cedd216c7d324d1df29547373fab61aa3bbe2bc144
sim2_cropped/Moose3/Moose3_281.png,Moose3,moose3,281,281,281,False,verified_source_pixels,source_video_counter,0,/home/fwromano/Documents/Code/experiments/VectorManifold/data/raw/video/sim2/Moose3.mp4,3164,52.733333,56ba7c5b9cde06d55a2189ca8b42cf362bdf1f48acd0cdaeb6ab9c55482a7260
sim2_cropped/Moose3/Moose3_282.png,Moose3,moose3,282,282,282,False,verified_source_pixels,source_video_counter,0,/home/fwromano/Documents/Code/experiments/VectorManifold/data/raw/video/sim2/Moose3.mp4,3170,52.833333,38df6ec5093c5cb2ba336a20678bcffb5276d9fde5968cc25b65fd79db164a89
sim2_cropped/Moose3/Moose3_284.png,Moose3,moose3,284,284,284,False,verified_source_pixels,source_video_counter,0,/home/fwromano/Documents/Code/experiments/VectorManifold/data/raw/video/sim2/Moose3.mp4,3196,53.266666,3b6cabd7b3f5971df92963ee70fff9db051ca1f60104b1fab5b67e8dd621c2de
sim2_cropped/Moose3/Moose3_285.png,Moose3,moose3,285,285,285,False,verified_source_pixels,source_video_counter,0,/home/fwromano/Documents/Code/experiments/VectorManifold/data/raw/video/sim2/Moose3.mp4,3213,53.55,c22abce423ba7f27dbb66795ccb1d2f52c9067512e26c239485de37088cb6a5c
sim2_cropped/Moose3/Moose3_286.png,Moose3,moose3,286,286,286,False,verified_source_pixels,source_video_counter,0,/home/fwromano/Documents/Code/experiments/VectorManifold/data/raw/video/sim2/Moose3.mp4,3220,53.666666,f217f7aef76bd83c174740b8942c605ace832aa96871df0f7f78ae6147c6f53a
sim2_cropped/Moose3/Moose3_287.png,Moose3,moose3,287,287,287,False,verified_source_pixels,source_video_counter,0,/home/fwromano/Documents/Code/experiments/VectorManifold/data/raw/video/sim2/Moose3.mp4,3232,53.866666,d078e8d8e4065a5a424c893c2c8055709780ca096c91948d430c6cdbe1394f78
sim2_cropped/Moose3/Moose3_288.png,Moose3,moose3,288,288,288,False,verified_source_pixels,source_video_counter,0,/home/fwromano/Documents/Code/experiments/VectorManifold/data/raw/video/sim2/Moose3.mp4,3245,54.083333,bd6ed047bed5c0b3e208aa36a53dedc1b898d6a4601add630e1d8f3f439f1248
sim2_cropped/Moose3/Moose3_289.png,Moose3,moose3,289,289,289,False,verified_source_pixels,source_video_counter,0,/home/fwromano/Documents/Code/experiments/VectorManifold/data/raw/video/sim2/Moose3.mp4,3256,54.266666,5509c4a3ec5f632bb3ccd570a36365eafb2592509a02890c66cca50a06204447
sim2_cropped/Moose3/Moose3_290.png,Moose3,moose3,290,290,290,False,verified_source_pixels,source_video_counter,0,/home/fwromano/Documents/Code/experiments/VectorManifold/data/raw/video/sim2/Moose3.mp4,3275,54.583333,0f8b741df100d56eda87759c79d059ed191a6d4a1efece725be0e13596a94f82
sim2_cropped/Moose3/Moose3_291.png,Moose3,moose3,291,291,291,False,verified_source_pixels,source_video_counter,0,/home/fwromano/Documents/Code/experiments/VectorManifold/data/raw/video/sim2/Moose3.mp4,3281,54.683333,249139116f219dbe781f3216866ea3c6b256840cbc262dcb24d943a6a684cf4f
sim2_cropped/Moose3/Moose3_292.png,Moose3,moose3,292,292,292,False,verified_source_pixels,source_video_counter,0,/home/fwromano/Documents/Code/experiments/VectorManifold/data/raw/video/sim2/Moose3.mp4,3293,54.883333,5566f55140e7d4aca7d7bab785abe13c7e01548262c1f20152d5f47d0f6281b4
sim2_cropped/Moose3/Moose3_293.png,Moose3,moose3,293,293,293,False,verified_source_pixels,source_video_counter,0,/home/fwromano/Documents/Code/experiments/VectorManifold/data/raw/video/sim2/Moose3.mp4,3301,55.016666,f09241556875f217a0451c320cce2fea0ef7973335eaa8720b516a21df3502b4
sim2_cropped/Moose3/Moose3_294.png,Moose3,moose3,294,294,294,False,verified_source_pixels,source_video_counter,0,/home/fwromano/Documents/Code/experiments/VectorManifold/data/raw/video/sim2/Moose3.mp4,3319,55.316666,8c50b3aff52918d73e09b0ceddc62df68b8712bdf7542a38450ec3e97bc0dbaf
sim2_cropped/Moose3/Moose3_295.png,Moose3,moose3,295,295,295,False,verified_source_pixels,source_video_counter,0,/home/fwromano/Documents/Code/experiments/VectorManifold/data/raw/video/sim2/Moose3.mp4,3332,55.533333,7b4728dda1aa7c0cf42f3899d1cdc6ccc3068e4fa6602cf4781658d5f817f1a0
sim2_cropped/Moose3/Moose3_296.png,Moose3,moose3,296,296,296,False,verified_source_pixels,source_video_counter,0,/home/fwromano/Documents/Code/experiments/VectorManifold/data/raw/video/sim2/Moose3.mp4,3338,55.633333,9e3e105265b7c34384198759a982d5c84db2a588fe79e0d39d2470e4746f2f7d
sim2_cropped/Moose3/Moose3_297.png,Moose3,moose3,297,297,297,False,verified_source_pixels,source_video_counter,0,/home/fwromano/Documents/Code/experiments/VectorManifold/data/raw/video/sim2/Moose3.mp4,3352,55.866666,92d58baa4db46dd607717056290d7694ba1f7fd453eb926550f4e8c1184e33e8
sim2_cropped/Moose3/Moose3_298.png,Moose3,moose3,298,298,298,False,verified_source_pixels,manual_source_counter_read,0,/home/fwromano/Documents/Code/experiments/VectorManifold/data/raw/video/sim2/Moose3.mp4,3367,56.116666,a6da762358ed4aad6bf8823c56b5ad7df51b5ffe470c126a117e53ccf229e603
sim2_cropped/Moose3/Moose3_299.png,Moose3,moose3,299,299,299,False,verified_source_pixels,source_video_counter,0,/home/fwromano/Documents/Code/experiments/VectorManifold/data/raw/video/sim2/Moose3.mp4,3379,56.316666,00373479cd333ddf8f1900f0b8b0951b9981171538b4a0d4c8d29ac637a13225
sim2_cropped/Moose3/Moose3_309.png,Moose3,moose3,309,309,309,False,verified_source_pixels,source_video_counter,0,/home/fwromano/Documents/Code/experiments/VectorManifold/data/raw/video/sim2/Moose3.mp4,3500,58.333333,8be2bc3febf433ef0e2d2587fa96085b3757318820093d8a2721932102285717
sim2_cropped/Moose3/Moose3_310.png,Moose3,moose3,310,310,310,False,verified_source_pixels,source_video_counter,0,/home/fwromano/Documents/Code/experiments/VectorManifold/data/raw/video/sim2/Moose3.mp4,3508,58.466667,42c76d37da75fb959db7364ba181aa379e72b2c663e2c3dd0c5740c60858b577
sim2_cropped/Moose3/Moose3_311.png,Moose3,moose3,311,311,311,False,verified_source_pixels,source_video_counter,0,/home/fwromano/Documents/Code/experiments/VectorManifold/data/raw/video/sim2/Moose3.mp4,3521,58.683333,4f33b3045b2b208cf9920f32c546e687f4dd661d889a7f0967aac3b6ff290fc7
sim2_cropped/Moose3/Moose3_312.png,Moose3,moose3,312,312,312,False,verified_source_pixels,source_video_counter,0,/home/fwromano/Documents/Code/experiments/VectorManifold/data/raw/video/sim2/Moose3.mp4,3533,58.883333,750dcf3c976587e3d7450180626a172bc8f1e627af3efd0ed37241828a7833c0
sim2_cropped/Moose3/Moose3_313.png,Moose3,moose3,313,313,313,False,verified_source_pixels,source_video_counter,0,/home/fwromano/Documents/Code/experiments/VectorManifold/data/raw/video/sim2/Moose3.mp4,3545,59.083333,c96aadc0db89246ceea2c59d560685fd046fcd54144a9e21358dafe6f330247e
sim2_cropped/Moose3/Moose3_314.png,Moose3,moose3,314,314,314,False,verified_source_pixels,source_video_counter,0,/home/fwromano/Documents/Code/experiments/VectorManifold/data/raw/video/sim2/Moose3.mp4,3557,59.283333,fbc6fb700f97db39a7b3aba9d2f22a0c7a1fb6a1b99baf99414e650471da2a31
sim2_cropped/Moose3/Moose3_315.png,Moose3,moose3,315,315,315,False,verified_source_pixels,source_video_counter,0,/home/fwromano/Documents/Code/experiments/VectorManifold/data/raw/video/sim2/Moose3.mp4,3571,59.516666,2e82ed94adef659836b991100fd0fa839d1a640f8a6c7aba27f8a603d68d954d
sim2_cropped/Moose3/Moose3_316.png,Moose3,moose3,316,316,316,False,verified_source_pixels,source_video_counter,0,/home/fwromano/Documents/Code/experiments/VectorManifold/data/raw/video/sim2/Moose3.mp4,3577,59.616666,0e5f09cce3a0a7c9ddb3a60e4e50897bf9bec4cbb6b88cb31d264a379cfa39e5
sim2_cropped/Moose3/Moose3_317.png,Moose3,moose3,317,317,317,False,verified_source_pixels,source_video_counter,0,/home/fwromano/Documents/Code/experiments/VectorManifold/data/raw/video/sim2/Moose3.mp4,3591,59.85,5a70298aad4943d5d3f37414e1c6f578606c546a38ffa0585544d99e993f479e
sim2_cropped/Moose3/Moose3_318.png,Moose3,moose3,318,318,318,False,verified_source_pixels,source_video_counter,0,/home/fwromano/Documents/Code/experiments/VectorManifold/data/raw/video/sim2/Moose3.mp4,3603,60.05,943d248389faa196dc81f49d681ba419e45c302ad82379936d551b755d48dbd1
sim2_cropped/Moose3/Moose3_319.png,Moose3,moose3,319,319,319,False,verified_source_pixels,source_video_counter,0,/home/fwromano/Documents/Code/experiments/VectorManifold/data/raw/video/sim2/Moose3.mp4,3617,60.283333,613e32cae789d2f8a642727a1c7d30d79c6c3f3a8e12c088808e4746e14f28d7
sim2_cropped/White/White_014.png,White,jeep,14,14,14,False,verified_source_pixels,source_video_counter,0,/home/fwromano/Documents/Code/experiments/VectorManifold/data/raw/video/sim2/White.mp4,0,0.0,33422b583b96f7a8e212706e1b65b491292421d32894a8a99dde842b7a42c5a8
sim2_cropped/White/White_015.png,White,jeep,15,15,15,False,verified_source_pixels,source_video_counter,0,/home/fwromano/Documents/Code/experiments/VectorManifold/data/raw/video/sim2/White.mp4,12,0.2,5029eb085b107b251b2129949c23d24ce6d2984581e35980105739202ba1e090
sim2_cropped/White/White_016.png,White,jeep,16,16,16,False,verified_source_pixels,source_video_counter,0,/home/fwromano/Documents/Code/experiments/VectorManifold/data/raw/video/sim2/White.mp4,25,0.416678,454755a0035dedae3400f2c3b0deda31c82dfc5be26af37f9ce88ee92f11bec6
sim2_cropped/White/White_017.png,White,jeep,17,17,17,False,verified_source_pixels,source_video_counter,0,/home/fwromano/Documents/Code/experiments/VectorManifold/data/raw/video/sim2/White.mp4,37,0.616678,2433e5e3558d3678d3ea4045e0a3e50ae0b9fceb85160452909e742eea6586dc
sim2_cropped/White/White_018.png,White,jeep,18,18,18,False,verified_source_pixels,source_video_counter,0,/home/fwromano/Documents/Code/experiments/VectorManifold/data/raw/video/sim2/White.mp4,50,0.833344,67b82a789a5340c3c682b6fc2c2f02f402700d00c9dc2dfaf4e9b94d1f9a4def
sim2_cropped/White/White_019.png,White,jeep,19,19,19,False,verified_source_pixels,source_video_counter,0,/home/fwromano/Documents/Code/experiments/VectorManifold/data/raw/video/sim2/White.mp4,63,1.050011,97d0baa24c1d308e9329657a6a593dbfe16adf2d7439045fd3675326af4b2210
sim2_cropped/White/White_020.png,White,jeep,20,20,20,False,verified_source_pixels,source_video_counter,0,/home/fwromano/Documents/Code/experiments/VectorManifold/data/raw/video/sim2/White.mp4,76,1.266678,aef009c52e244933e41aabd1655260114a47185362b74b853175c4aaae345494
sim2_cropped/White/White_021.png,White,jeep,21,21,21,False,verified_source_pixels,source_video_counter,0,/home/fwromano/Documents/Code/experiments/VectorManifold/data/raw/video/sim2/White.mp4,87,1.45,49463d61f876df8c93e2ba84f18ede7220c3e33d429739fd85d6e3e2b3644a46
sim2_cropped/White/White_022.png,White,jeep,22,22,22,False,verified_source_pixels,source_video_counter,0,/home/fwromano/Documents/Code/experiments/VectorManifold/data/raw/video/sim2/White.mp4,100,1.666678,2666aa678f01b4ccb7282bea91d0074f169ea7625f4b29d7c8ffbb91d4237466
sim2_cropped/White/White_023.png,White,jeep,23,23,23,False,verified_source_pixels,source_video_counter,0,/home/fwromano/Documents/Code/experiments/VectorManifold/data/raw/video/sim2/White.mp4,107,1.783344,0c78063026983c6566ff3127fa2afbcf7f35d8bde94ea2a6d9e19674de88b7c6
sim2_cropped/White/White_024.png,White,jeep,24,24,24,False,verified_source_pixels,source_video_counter,0,/home/fwromano/Documents/Code/experiments/VectorManifold/data/raw/video/sim2/White.mp4,119,1.983344,bfce461d53bdc216434ee3ed197891d3e94c8f87629a5e62a600b11c235ada39
sim2_cropped/White/White_025.png,White,jeep,25,25,25,False,verified_source_pixels,source_video_counter,0,/home/fwromano/Documents/Code/experiments/VectorManifold/data/raw/video/sim2/White.mp4,132,2.200011,832cefb7f362eb59b1cc15ab34185a1e4e037e6d0b3707d412d422ed7c89d4bf
sim2_cropped/White/White_026.png,White,jeep,26,26,26,False,verified_source_pixels,source_video_counter,0,/home/fwromano/Documents/Code/experiments/VectorManifold/data/raw/video/sim2/White.mp4,138,2.3,a1d1a7241cc245cc19a61ca02138eb47bac5d87e7b65aa8f7c60c6f058c37270
sim2_cropped/White/White_027.png,White,jeep,27,27,27,False,verified_source_pixels,source_video_counter,0,/home/fwromano/Documents/Code/experiments/VectorManifold/data/raw/video/sim2/White.mp4,158,2.633333,ee2ba43ef860f6d43c5407610f87dec3c6ae0ae5a9f6375359d030c8ee21d7dc
sim2_cropped/White/White_028.png,White,jeep,28,28,28,False,verified_source_pixels,source_video_counter,0,/home/fwromano/Documents/Code/experiments/VectorManifold/data/raw/video/sim2/White.mp4,169,2.816678,8b28946bba8edb347885407971d773564beb0b11ecdd15f55b9367c683850484
sim2_cropped/White/White_029.png,White,jeep,29,29,29,False,verified_source_pixels,source_video_counter,0,/home/fwromano/Documents/Code/experiments/VectorManifold/data/raw/video/sim2/White.mp4,182,3.033333,a81b8d58af2539b5f58c3f060eab5d6532aa5c7ea04f9589f97c405193a4f44e
sim2_cropped/White/White_031.png,White,jeep,31,31,31,False,verified_source_pixels,source_video_counter,0,/home/fwromano/Documents/Code/experiments/VectorManifold/data/raw/video/sim2/White.mp4,214,3.566678,ef726b4c8f39181cfb996b0d5e8ac73455fde7f54c0bfae2d91b86f7297d4378
sim2_cropped/White/White_032.png,White,jeep,32,32,32,False,verified_source_pixels,source_video_counter,0,/home/fwromano/Documents/Code/experiments/VectorManifold/data/raw/video/sim2/White.mp4,220,3.666678,3cb907a418d711259560fd22c96a6f61e445a7de737d0842e80ed1c84628043e
sim2_cropped/White/White_033.png,White,jeep,33,33,33,False,verified_source_pixels,source_video_counter,0,/home/fwromano/Documents/Code/experiments/VectorManifold/data/raw/video/sim2/White.mp4,233,3.883344,9f5a63cda679dad79ecc739878c4f6152e3854dc0eaea17a1596697c118b2dde
sim2_cropped/White/White_034.png,White,jeep,34,34,34,False,verified_source_pixels,source_video_counter,0,/home/fwromano/Documents/Code/experiments/VectorManifold/data/raw/video/sim2/White.mp4,246,4.1,1c648ead81e1a7a160ce44fa7317039583d7396ab05b8acd4db6375a9a93a232
sim2_cropped/White/White_035.png,White,jeep,35,35,35,False,verified_source_pixels,source_video_counter,0,/home/fwromano/Documents/Code/experiments/VectorManifold/data/raw/video/sim2/White.mp4,252,4.200011,e15c94ef8246d34e12686ff2c623fb63116bcf2c52f19533029f18bb84c421cf
sim2_cropped/White/White_037.png,White,jeep,37,37,37,False,verified_source_pixels,source_video_counter,0,/home/fwromano/Documents/Code/experiments/VectorManifold/data/raw/video/sim2/White.mp4,278,4.633333,8ed95c5a2c0f000997adfdb1fea25a14326b376a6889932cc272bad9d0bc5f1a
sim2_cropped/White/White_038.png,White,jeep,33,33,38,True,verified_source_pixels,source_video_counter,0,/home/fwromano/Documents/Code/experiments/VectorManifold/data/raw/video/sim2/White.mp4,240,4.000011,f444af005f25734ee2204a582ee7f79180a0129960362e248175b3f8e8f39042
sim2_cropped/White/White_040.png,White,jeep,40,40,40,False,verified_source_pixels,source_video_counter,0,/home/fwromano/Documents/Code/experiments/VectorManifold/data/raw/video/sim2/White.mp4,315,5.25,bd0b011bf87466238756357d15129f00a95c1ee458e4da6e27e57d64f32386f1
sim2_cropped/White/White_041.png,White,jeep,41,41,41,False,verified_source_pixels,source_video_counter,0,/home/fwromano/Documents/Code/experiments/VectorManifold/data/raw/video/sim2/White.mp4,328,5.466678,308dbeba68473cfbd960fcff9f6b8da4d93a9bf1536b1956c31e2fa4f1b7eb11
sim2_cropped/White/White_042.png,White,jeep,42,42,42,False,verified_source_pixels,source_video_counter,0,/home/fwromano/Documents/Code/experiments/VectorManifold/data/raw/video/sim2/White.mp4,340,5.666678,889a5fac651b665b2a45cf778b80bce5b7c1e3e598083505d7409cabf0288cfa
sim2_cropped/White/White_043.png,White,jeep,43,43,43,False,verified_source_pixels,source_video_counter,0,/home/fwromano/Documents/Code/experiments/VectorManifold/data/raw/video/sim2/White.mp4,352,5.866678,74dced4fbebad9fe17fe2db525951009b46684d702664f374f0cea3e917c1069
sim2_cropped/White/White_044.png,White,jeep,44,44,44,False,verified_source_pixels,source_video_counter,0,/home/fwromano/Documents/Code/experiments/VectorManifold/data/raw/video/sim2/White.mp4,359,5.983333,f457507735cb1fe7f88198224a90b9ed92fcc0bf820b84a5134782788f954518
sim2_cropped/White/White_045.png,White,jeep,45,45,45,False,verified_source_pixels,source_video_counter,0,/home/fwromano/Documents/Code/experiments/VectorManifold/data/raw/video/sim2/White.mp4,378,6.300011,26f3cf461cbd9abaf60361cab359dc04c07ec461cd1c6b25989c732ab2ee742a
sim2_cropped/White/White_046.png,White,jeep,46,46,46,False,verified_source_pixels,source_video_counter,0,/home/fwromano/Documents/Code/experiments/VectorManifold/data/raw/video/sim2/White.mp4,384,6.4,cac76d9e432cd4200cb49480afa6852d3a07538e864460dcaa343c35f5181d28
sim2_cropped/White/White_047.png,White,jeep,47,47,47,False,verified_source_pixels,source_video_counter,0,/home/fwromano/Documents/Code/experiments/VectorManifold/data/raw/video/sim2/White.mp4,396,6.6,d2389b693e4e92e6b95b22bda869826e8f03b4988953b1b833a42613e08ec5f8
sim2_cropped/White/White_048.png,White,jeep,48,48,48,False,verified_source_pixels,source_video_counter,0,/home/fwromano/Documents/Code/experiments/VectorManifold/data/raw/video/sim2/White.mp4,409,6.816678,b20bd1c9ef973421bdf1cdd57dd255acfac803e7ad5bae15b41c207aae615fc3
sim2_cropped/White/White_049.png,White,jeep,49,49,49,False,verified_source_pixels,source_video_counter,0,/home/fwromano/Documents/Code/experiments/VectorManifold/data/raw/video/sim2/White.mp4,422,7.033344,b9cb1230a32d7d422b2e1fc8dc1f0d52072c56ca5deb1fc7e1a3bab597ee5672
sim2_cropped/White/White_050.png,White,jeep,50,50,50,False,verified_source_pixels,source_video_counter,0,/home/fwromano/Documents/Code/experiments/VectorManifold/data/raw/video/sim2/White.mp4,434,7.233344,5b3710c6bb43635f63894c2954988cf8eeffc25d02102c8f3886bcd45cbf2dda
sim2_cropped/White/White_051.png,White,jeep,51,51,51,False,verified_source_pixels,source_video_counter,0,/home/fwromano/Documents/Code/experiments/VectorManifold/data/raw/video/sim2/White.mp4,446,7.433344,09c523615bdd94f6aee204832d97f7503b52ef09ab6b580c84688436eeafa507
sim2_cropped/White/White_052.png,White,jeep,52,52,52,False,verified_source_pixels,source_video_counter,0,/home/fwromano/Documents/Code/experiments/VectorManifold/data/raw/video/sim2/White.mp4,459,7.65,156ff45f438d4359fc3fda80e0787e86cf64b2429f78344fd3908b8b948b4bfa
sim2_cropped/White/White_053.png,White,jeep,53,53,53,False,verified_source_pixels,source_video_counter,0,/home/fwromano/Documents/Code/experiments/VectorManifold/data/raw/video/sim2/White.mp4,471,7.85,4c71215a25a3f82eb17db85c36ef3e6165aad8f10d92eb69a0a79f39fb5f5595
sim2_cropped/White/White_054.png,White,jeep,54,54,54,False,verified_source_pixels,source_video_counter,0,/home/fwromano/Documents/Code/experiments/VectorManifold/data/raw/video/sim2/White.mp4,484,8.066678,0065ecf88801785c1dce41ae73f01c8bea8c1aa8ebff540b3b01c7e4de9f8173
sim2_cropped/White/White_055.png,White,jeep,55,55,55,False,verified_source_pixels,source_video_counter,0,/home/fwromano/Documents/Code/experiments/VectorManifold/data/raw/video/sim2/White.mp4,497,8.283344,17a3d28911033a0805d7f97d2e0f747af984793bb31fb54f3751f696784a9fa7
sim2_cropped/White/White_057.png,White,jeep,57,57,57,False,verified_source_pixels,source_video_counter,0,/home/fwromano/Documents/Code/experiments/VectorManifold/data/raw/video/sim2/White.mp4,509,8.483344,a65ed38e7e31907d0fcaed2cc118353f76dd0268fc302775f24113a85d6941fe
sim2_cropped/White/White_058.png,White,jeep,53,53,58,True,verified_source_pixels,source_video_counter,0,/home/fwromano/Documents/Code/experiments/VectorManifold/data/raw/video/sim2/White.mp4,478,7.966678,21f89d2c7ae673cd5853008e5b6d5d48f374628a7e0411a55719c96c6acfa711
sim2_cropped/White/White_059.png,White,jeep,59,59,59,False,verified_source_pixels,source_video_counter,0,/home/fwromano/Documents/Code/experiments/VectorManifold/data/raw/video/sim2/White.mp4,541,9.016678,a3b1b27b6592829f4da4d3ca7103c1df0fdb85d7974473923de0179716d1be90
sim2_cropped/White/White_060.png,White,jeep,60,60,60,False,verified_source_pixels,source_video_counter,0,/home/fwromano/Documents/Code/experiments/VectorManifold/data/raw/video/sim2/White.mp4,552,9.2,480ae8c50982a37c7d1ac7c1ae22b569424c3a8b0e6d8dfa12c59e2d50282def
sim2_cropped/White/White_061.png,White,jeep,61,61,61,False,verified_source_pixels,source_video_counter,0,/home/fwromano/Documents/Code/experiments/VectorManifold/data/raw/video/sim2/White.mp4,565,9.416678,bea56afe9af23879b0789121612d6b6c764b24c8e8aa81e0a9f68f091927d274
sim2_cropped/White/White_062.png,White,jeep,62,62,62,False,verified_source_pixels,source_video_counter,0,/home/fwromano/Documents/Code/experiments/VectorManifold/data/raw/video/sim2/White.mp4,578,9.633333,86fb2b429cafb3f10a75f6d75573ef58f5b6014085558a6420783477c7526d5a
sim2_cropped/White/White_064.png,White,jeep,64,64,64,False,verified_source_pixels,source_video_counter,0,/home/fwromano/Documents/Code/experiments/VectorManifold/data/raw/video/sim2/White.mp4,602,10.033333,aad6e3229636d4a7cb674d5a14c69a397962f81fb23822bc914903979d0a08d0
sim2_cropped/White/White_065.png,White,jeep,65,65,65,False,verified_source_pixels,source_video_counter,0,/home/fwromano/Documents/Code/experiments/VectorManifold/data/raw/video/sim2/White.mp4,615,10.25,8b3dc2697bd0daf67c40a11294581cf8717bce836fec0bed6291ac065cc3f21f
sim2_cropped/White/White_066.png,White,jeep,66,66,66,False,verified_source_pixels,source_video_counter,0,/home/fwromano/Documents/Code/experiments/VectorManifold/data/raw/video/sim2/White.mp4,628,10.466678,30c3d84ab336be6cafd79e41f69ec7e268813c9e0251e27d452adbf4391d5c10
sim2_cropped/White/White_068.png,White,jeep,63,63,68,True,verified_source_pixels,source_video_counter,0,/home/fwromano/Documents/Code/experiments/VectorManifold/data/raw/video/sim2/White.mp4,590,9.833333,2740b92e814c5d076ad1b7bbd9fe001f3b7084fb18d1721cb2f72df21176782c
sim2_cropped/White/White_070.png,White,jeep,70,70,70,False,verified_source_pixels,source_video_counter,0,/home/fwromano/Documents/Code/experiments/VectorManifold/data/raw/video/sim2/White.mp4,671,11.183344,f721742a0edec93e65a223a1f613291bc1e2eb8bd6bc9d866ed2c64001538372
sim2_cropped/White/White_071.png,White,jeep,71,71,71,False,verified_source_pixels,source_video_counter,0,/home/fwromano/Documents/Code/experiments/VectorManifold/data/raw/video/sim2/White.mp4,683,11.383344,73b71792740da2473f23fdb03c737d172fc4fcde97dcbd6d653e7d11ba607e58
sim2_cropped/White/White_072.png,White,jeep,72,72,72,False,verified_source_pixels,source_video_counter,0,/home/fwromano/Documents/Code/experiments/VectorManifold/data/raw/video/sim2/White.mp4,696,11.600011,cb7977836b46f7d95d751d2490ead596910a8948fc285f639fbd424468c13d9c
sim2_cropped/White/White_073.png,White,jeep,73,73,73,False,verified_source_pixels,source_video_counter,0,/home/fwromano/Documents/Code/experiments/VectorManifold/data/raw/video/sim2/White.mp4,708,11.800011,660fd0c00e12be49dfc3a2fb9df80ecd88ada779906fea702ad263a64bbff111
sim2_cropped/White/White_074.png,White,jeep,74,74,74,False,verified_source_pixels,source_video_counter,0,/home/fwromano/Documents/Code/experiments/VectorManifold/data/raw/video/sim2/White.mp4,720,12.000011,6fbbe76c2d17a6301ee50aa15269fd0f8c0601c2ddcf09f0965e9efca89803d5
sim2_cropped/White/White_075.png,White,jeep,75,75,75,False,verified_source_pixels,source_video_counter,0,/home/fwromano/Documents/Code/experiments/VectorManifold/data/raw/video/sim2/White.mp4,733,12.216678,b129ee098e2609025f4617c05a035fa57a5f5a0c7c2b301f89e1fca9ed6cd788
sim2_cropped/White/White_076.png,White,jeep,76,76,76,False,verified_source_pixels,source_video_counter,0,/home/fwromano/Documents/Code/experiments/VectorManifold/data/raw/video/sim2/White.mp4,745,12.416678,4ffa8c29b60ecd1d21a131dda56113cf56a4d99a888beaf63bac2b0bd9d1b095
sim2_cropped/White/White_077.png,White,jeep,77,77,77,False,verified_source_pixels,source_video_counter,0,/home/fwromano/Documents/Code/experiments/VectorManifold/data/raw/video/sim2/White.mp4,758,12.633333,ee4db9be3cbacbda1c2e30d5b5eb6600d07672182b2059704100911592bd8ae1
sim2_cropped/White/White_078.png,White,jeep,73,73,78,True,verified_source_pixels,source_video_counter,0,/home/fwromano/Documents/Code/experiments/VectorManifold/data/raw/video/sim2/White.mp4,714,11.9,a6504aa3b710f139aac649ba09e7817e14b8c5de52679d44e8ee3a90e08c9f53
sim2_cropped/White/White_079.png,White,jeep,79,79,79,False,verified_source_pixels,manual_source_counter_read,0,/home/fwromano/Documents/Code/experiments/VectorManifold/data/raw/video/sim2/White.mp4,788,13.133344,f207a5ccbb11587d68a19e3b92b9ac4bc7ebb6837906d54d4ae2263d8cd69bd8
sim2_cropped/White/White_080.png,White,jeep,30,30,80,True,verified_source_pixels,source_video_counter,0,/home/fwromano/Documents/Code/experiments/VectorManifold/data/raw/video/sim2/White.mp4,195,3.25,6f6dd288ef6410144a366f5411291e146c4779b903c274ffd365c411b26027c4
sim2_cropped/White/White_081.png,White,jeep,31,31,81,True,verified_source_pixels,source_video_counter,0,/home/fwromano/Documents/Code/experiments/VectorManifold/data/raw/video/sim2/White.mp4,208,3.466678,b5175268c196de655b026a4ff25c48536573db2fff3f087e2099492afb30102f
sim2_cropped/White/White_082.png,White,jeep,82,82,82,False,verified_source_pixels,source_video_counter,0,/home/fwromano/Documents/Code/experiments/VectorManifold/data/raw/video/sim2/White.mp4,820,13.666678,52fa002ac5191628c92b661774ee7c7f66222bc69314ae571a3548e561250f2f
sim2_cropped/White/White_083.png,White,jeep,83,83,83,False,verified_source_pixels,source_video_counter,0,/home/fwromano/Documents/Code/experiments/VectorManifold/data/raw/video/sim2/White.mp4,831,13.850011,46fe8d7fa2a6f0cf6b68838eb8edcef66d23ff0f380df08ed5f4efafc083ed72
sim2_cropped/White/White_084.png,White,jeep,84,84,84,False,verified_source_pixels,source_video_counter,0,/home/fwromano/Documents/Code/experiments/VectorManifold/data/raw/video/sim2/White.mp4,844,14.066678,07b7ad6b823d6a3f0d7c197e28f26e74d421825ddeafb0cc4aeeaa98beeaacc8
sim2_cropped/White/White_085.png,White,jeep,85,85,85,False,verified_source_pixels,source_video_counter,0,/home/fwromano/Documents/Code/experiments/VectorManifold/data/raw/video/sim2/White.mp4,857,14.283344,ca4c55fa2eec46835d275882c6bb27fd22751e4a446349be2c5ab9360ffc66e5
sim2_cropped/White/White_086.png,White,jeep,36,36,86,True,verified_source_pixels,source_video_counter,0,/home/fwromano/Documents/Code/experiments/VectorManifold/data/raw/video/sim2/White.mp4,265,4.416667,7566e1d7a83ef7989e0f477704f35fa3b5e4f4ac72ec6ea573737bf4d7585eb3
sim2_cropped/White/White_087.png,White,jeep,37,37,87,True,verified_source_pixels,source_video_counter,0,/home/fwromano/Documents/Code/experiments/VectorManifold/data/raw/video/sim2/White.mp4,283,4.716678,a2f5cc2ae09b2a5d5caf166adbe18e2209f447451ffd5b4c260551b32b271ff2
sim2_cropped/White/White_088.png,White,jeep,38,38,88,True,verified_source_pixels,source_video_counter,0,/home/fwromano/Documents/Code/experiments/VectorManifold/data/raw/video/sim2/White.mp4,290,4.833333,11fa9720b23b0cd37253e739296b080f4347ed4fd0abff96d82fac44c16382a1
sim2_cropped/White/White_089.png,White,jeep,39,39,89,True,verified_source_pixels,source_video_counter,0,/home/fwromano/Documents/Code/experiments/VectorManifold/data/raw/video/sim2/White.mp4,302,5.033333,d58214e89040f1f277752038bdb05e7cff7907a8ca7716876532391cce0fa705
sim2_cropped/White/White_090.png,White,jeep,90,90,90,False,verified_source_pixels,source_video_counter,0,/home/fwromano/Documents/Code/experiments/VectorManifold/data/raw/video/sim2/White.mp4,913,15.216678,7d012c47eaaba23dc8eec3535984ec11a7a406662482da734071df6268e166ef
sim2_cropped/White/White_091.png,White,jeep,91,91,91,False,verified_source_pixels,source_video_counter,0,/home/fwromano/Documents/Code/experiments/VectorManifold/data/raw/video/sim2/White.mp4,925,15.416678,64ed575e6c715433c7dfa1c5ada6acbc12f516a660906dbc890caf57e9f95d9e
sim2_cropped/White/White_092.png,White,jeep,92,92,92,False,verified_source_pixels,source_video_counter,0,/home/fwromano/Documents/Code/experiments/VectorManifold/data/raw/video/sim2/White.mp4,938,15.633344,2c8455255c9e4db4381e41a9d068f001a4ff87c3e11c4ce44f034917554d39a1
sim2_cropped/White/White_093.png,White,jeep,93,93,93,False,verified_source_pixels,source_video_counter,0,/home/fwromano/Documents/Code/experiments/VectorManifold/data/raw/video/sim2/White.mp4,950,15.833344,0a6e4ee5102751e30651f6ba942940b95047dfadab5b661d96573adc04421ef3
sim2_cropped/White/White_094.png,White,jeep,94,94,94,False,verified_source_pixels,source_video_counter,0,/home/fwromano/Documents/Code/experiments/VectorManifold/data/raw/video/sim2/White.mp4,963,16.050011,821c522bb9bd17888b8a1f0f92d82f9cc6f82917cd8ae17c571d74738df8dbab
sim2_cropped/White/White_095.png,White,jeep,95,95,95,False,verified_source_pixels,source_video_counter,0,/home/fwromano/Documents/Code/experiments/VectorManifold/data/raw/video/sim2/White.mp4,975,16.25,42a971514c4293051fad87bfdec64921a40fde60ceb0578b1f4e29aaf81351b3
sim2_cropped/White/White_096.png,White,jeep,96,96,96,False,verified_source_pixels,source_video_counter,0,/home/fwromano/Documents/Code/experiments/VectorManifold/data/raw/video/sim2/White.mp4,988,16.466678,458db5d640192f2d0ca65a5f69c81a6c4ead532fed8ff30d45ee141fdafaa0c1
sim2_cropped/White/White_097.png,White,jeep,97,97,97,False,verified_source_pixels,source_video_counter,0,/home/fwromano/Documents/Code/experiments/VectorManifold/data/raw/video/sim2/White.mp4,1003,16.716678,cfeb8848200fe3e9fbd65550b3ece86d0a4d1b2a5afb8a708aee77010c07e318
sim2_cropped/White/White_098.png,White,jeep,93,93,98,True,verified_source_pixels,source_video_counter,0,/home/fwromano/Documents/Code/experiments/VectorManifold/data/raw/video/sim2/White.mp4,957,15.95,dadd7b66d7961566a11cf79ad6c7c8394ce3760fa2234dc17d32d121f61cb377
sim2_cropped/White/White_100.png,White,jeep,100,100,100,False,verified_source_pixels,source_video_counter,0,/home/fwromano/Documents/Code/experiments/VectorManifold/data/raw/video/sim2/White.mp4,1035,17.250011,b5cde465b5edea808622996954b39fde66e36b8f2e40a181d8909b99f13aaad7
sim2_cropped/White/White_101.png,White,jeep,101,101,101,False,verified_source_pixels,source_video_counter,0,/home/fwromano/Documents/Code/experiments/VectorManifold/data/raw/video/sim2/White.mp4,1046,17.433344,fa3ccb053288fe449d4f363d1a7e8953378674902e2c14926e46372be0097f98
sim2_cropped/White/White_102.png,White,jeep,102,102,102,False,verified_source_pixels,source_video_counter,0,/home/fwromano/Documents/Code/experiments/VectorManifold/data/raw/video/sim2/White.mp4,1059,17.650011,154061c26ea9fde505c284e4a477ce6a6253918adf8256c19fcf61c1711e76ce
sim2_cropped/White/White_103.png,White,jeep,103,103,103,False,verified_source_pixels,source_video_counter,0,/home/fwromano/Documents/Code/experiments/VectorManifold/data/raw/video/sim2/White.mp4,1072,17.866678,3c70f872301a7895e6d7e84130c778de07e8c7eb39bd6db6a1b9f7c05b1470e7
sim2_cropped/White/White_104.png,White,jeep,104,104,104,False,verified_source_pixels,source_video_counter,0,/home/fwromano/Documents/Code/experiments/VectorManifold/data/raw/video/sim2/White.mp4,1085,18.083344,92467ff1ee070ecbe5cd694ee21877d3dba76f21df64988ed5df9dd35f45463f
sim2_cropped/White/White_105.png,White,jeep,105,105,105,False,verified_source_pixels,source_video_counter,0,/home/fwromano/Documents/Code/experiments/VectorManifold/data/raw/video/sim2/White.mp4,1096,18.266678,50174f05eff9f05e68b440697ef40a60c507e258162c1d0e37e13e5dc1ac574d
sim2_cropped/White/White_106.png,White,jeep,106,106,106,False,verified_source_pixels,source_video_counter,0,/home/fwromano/Documents/Code/experiments/VectorManifold/data/raw/video/sim2/White.mp4,1103,18.383344,1d29390f8b91d6c9c0d2a7115a0464bd2210b296f6ae6f0ed0cad0bf2784c010
sim2_cropped/White/White_107.png,White,jeep,107,107,107,False,verified_source_pixels,source_video_counter,0,/home/fwromano/Documents/Code/experiments/VectorManifold/data/raw/video/sim2/White.mp4,1116,18.600011,5779a75eb76a3c0795a25065ae92f7d00f8039887e28a08d55e637fd81a7afdb
sim2_cropped/White/White_108.png,White,jeep,103,103,108,True,verified_source_pixels,source_video_counter,0,/home/fwromano/Documents/Code/experiments/VectorManifold/data/raw/video/sim2/White.mp4,1078,17.966678,c6767c16011e679bf0c3798733d61bd896718fd29c411b5d9b7a6239439239b6
sim2_cropped/White/White_109.png,White,jeep,109,109,109,False,verified_source_pixels,source_video_counter,0,/home/fwromano/Documents/Code/experiments/VectorManifold/data/raw/video/sim2/White.mp4,1141,19.016678,5d672d42da36f89524a806b5b1e59f652e0280929b2711d26b9c55295822961b
sim2_cropped/White/White_110.png,White,jeep,110,110,110,False,verified_source_pixels,source_video_counter,0,/home/fwromano/Documents/Code/experiments/VectorManifold/data/raw/video/sim2/White.mp4,1153,19.216678,782ff34f194e753c4e3979462cef8353b84d5e1b8f8ebf877eb22ef2da1d53dc
sim2_cropped/White/White_111.png,White,jeep,111,111,111,False,verified_source_pixels,source_video_counter,0,/home/fwromano/Documents/Code/experiments/VectorManifold/data/raw/video/sim2/White.mp4,1166,19.433333,256f27bd77cc61f776771b17f582dfc9a69f8fed2829e115c58052239dddf06b
sim2_cropped/White/White_112.png,White,jeep,112,112,112,False,verified_source_pixels,source_video_counter,0,/home/fwromano/Documents/Code/experiments/VectorManifold/data/raw/video/sim2/White.mp4,1178,19.633333,79229cc9f8b079e979d04bb96930646669968b65fde83b57d2f34096ceb14e15
sim2_cropped/White/White_113.png,White,jeep,113,113,113,False,verified_source_pixels,source_video_counter,0,/home/fwromano/Documents/Code/experiments/VectorManifold/data/raw/video/sim2/White.mp4,1191,19.85,574feca3238f8abdc208d978efaa093e7c713aa9da4ad01139bc230458969551
sim2_cropped/White/White_114.png,White,jeep,114,114,114,False,verified_source_pixels,source_video_counter,0,/home/fwromano/Documents/Code/experiments/VectorManifold/data/raw/video/sim2/White.mp4,1204,20.066678,c527a137f3c2bedc8043a12107a13ca12dafb6ffe630e02018603fc59e53f526
sim2_cropped/White/White_115.png,White,jeep,115,115,115,False,verified_source_pixels,source_video_counter,0,/home/fwromano/Documents/Code/experiments/VectorManifold/data/raw/video/sim2/White.mp4,1216,20.266678,1e34968da9196ebfc8499784a007aea6dfbbf174bc14f098b6ffafef98117117
sim2_cropped/White/White_116.png,White,jeep,116,116,116,False,verified_source_pixels,source_video_counter,0,/home/fwromano/Documents/Code/experiments/VectorManifold/data/raw/video/sim2/White.mp4,1228,20.466678,85bd18deebe769d848aa547a2761a817524f90c5a6909183b1a610bc88be21ea
sim2_cropped/White/White_117.png,White,jeep,117,117,117,False,verified_source_pixels,source_video_counter,0,/home/fwromano/Documents/Code/experiments/VectorManifold/data/raw/video/sim2/White.mp4,1241,20.683344,1e2918a839dc934cb06a0c484515214843899c12c590b78bb87152195bc4f99f
sim2_cropped/White/White_118.png,White,jeep,113,113,118,True,verified_source_pixels,source_video_counter,0,/home/fwromano/Documents/Code/experiments/VectorManifold/data/raw/video/sim2/White.mp4,1197,19.950011,44cfe7158d0afde8f4b9137da7238b6b962844369fa73d7f97072112a761d0f1
sim2_cropped/White/White_119.png,White,jeep,119,119,119,False,verified_source_pixels,source_video_counter,0,/home/fwromano/Documents/Code/experiments/VectorManifold/data/raw/video/sim2/White.mp4,1260,21.000011,13715d53b6ea3c537eceef7c55b1fd3f6fb9d45bb5d9e3e765f71242a7a0c154
sim2_cropped/White/White_120.png,White,jeep,120,120,120,False,verified_source_pixels,source_video_counter,0,/home/fwromano/Documents/Code/experiments/VectorManifold/data/raw/video/sim2/White.mp4,1272,21.200011,e181b9d068764507b8b836e08ec70b7c87e77a0054092f923521dceb7d23c2f8
sim2_cropped/White/White_121.png,White,jeep,121,121,121,False,verified_source_pixels,source_video_counter,0,/home/fwromano/Documents/Code/experiments/VectorManifold/data/raw/video/sim2/White.mp4,1285,21.416678,4e11ab84236585a0a7a8ec8b5c923dc72d4a76e9300b925d7825872e40412fa0
sim2_cropped/White/White_122.png,White,jeep,122,122,122,False,verified_source_pixels,source_video_counter,0,/home/fwromano/Documents/Code/experiments/VectorManifold/data/raw/video/sim2/White.mp4,1297,21.616678,26f984005bd038a5a057992f354ff2cb8193dd9fe8d6902b1527bf0dadd5850a
sim2_cropped/White/White_123.png,White,jeep,123,123,123,False,verified_source_pixels,source_video_counter,0,/home/fwromano/Documents/Code/experiments/VectorManifold/data/raw/video/sim2/White.mp4,1309,21.816667,877d1f16220863ff501bd73fc08bdb9269d90f435a31795a2dbe5aa0a5e25da9
sim2_cropped/White/White_124.png,White,jeep,124,124,124,False,verified_source_pixels,source_video_counter,0,/home/fwromano/Documents/Code/experiments/VectorManifold/data/raw/video/sim2/White.mp4,1322,22.033333,318abafd580ba69a4738009c62db6e7ed164828b032bb7d0998c16866b60740e
sim2_cropped/White/White_125.png,White,jeep,125,125,125,False,verified_source_pixels,source_video_counter,0,/home/fwromano/Documents/Code/experiments/VectorManifold/data/raw/video/sim2/White.mp4,1334,22.233344,dec51fc5d4528fdf1ebf8567b3e10cb8ba901d476f7fb478a225cecb3e5df558
sim2_cropped/White/White_126.png,White,jeep,126,126,126,False,verified_source_pixels,source_video_counter,0,/home/fwromano/Documents/Code/experiments/VectorManifold/data/raw/video/sim2/White.mp4,1346,22.433344,bc1aab96d67e6e9f1edc2f19377b469e2a664c3bac9dfe2922eab2731f081675
sim2_cropped/White/White_127.png,White,jeep,127,127,127,False,verified_source_pixels,source_video_counter,0,/home/fwromano/Documents/Code/experiments/VectorManifold/data/raw/video/sim2/White.mp4,1359,22.650011,3202c7e9dc32270353b314ab140bd99188dc77ab0c12973eb6675e92a264d19f
sim2_cropped/White/White_128.png,White,jeep,123,123,128,True,verified_source_pixels,source_video_counter,0,/home/fwromano/Documents/Code/experiments/VectorManifold/data/raw/video/sim2/White.mp4,1315,21.916678,789044db077979a2646c6e413b284b9e2f7cea3d9f9d6d2de1c120171de914df
sim2_cropped/White/White_129.png,White,jeep,129,129,129,False,verified_source_pixels,source_video_counter,0,/home/fwromano/Documents/Code/experiments/VectorManifold/data/raw/video/sim2/White.mp4,1379,22.983344,40f3d5021c9916c84d53358fda3620f91bb16aae65443e5a80246b6724ae6d47
sim2_cropped/White/White_130.png,White,jeep,130,130,130,False,verified_source_pixels,source_video_counter,0,/home/fwromano/Documents/Code/experiments/VectorManifold/data/raw/video/sim2/White.mp4,1391,23.183344,3e2dab89ff2a9741bb1f0913fe34792a6855859b4e8a3f00588155a8dc0871f6
sim2_cropped/White/White_131.png,White,jeep,131,131,131,False,verified_source_pixels,source_video_counter,0,/home/fwromano/Documents/Code/experiments/VectorManifold/data/raw/video/sim2/White.mp4,1404,23.4,928901bcbfc525be604faefe7ecfa4cd8e8410b0a91a9743253d85d926f0aaf0
sim2_cropped/White/White_132.png,White,jeep,132,132,132,False,verified_source_pixels,source_video_counter,0,/home/fwromano/Documents/Code/experiments/VectorManifold/data/raw/video/sim2/White.mp4,1416,23.6,da148fe283d9143e261fbf9433d017436e22efab4cf8b334a8fbf1c23ae43092
sim2_cropped/White/White_133.png,White,jeep,133,133,133,False,verified_source_pixels,source_video_counter,0,/home/fwromano/Documents/Code/experiments/VectorManifold/data/raw/video/sim2/White.mp4,1429,23.816678,c271806ff92f168d045f2feed5fb8cd1c0d927c2fcc1ada1e627b412c44712f6
sim2_cropped/White/White_134.png,White,jeep,134,134,134,False,verified_source_pixels,source_video_counter,0,/home/fwromano/Documents/Code/experiments/VectorManifold/data/raw/video/sim2/White.mp4,1441,24.016678,748c0c9ab2c02b751bd1fdc49e4c8e7070d3d7c186aa389b7cfda1a754112472
sim2_cropped/White/White_135.png,White,jeep,135,135,135,False,verified_source_pixels,source_video_counter,0,/home/fwromano/Documents/Code/experiments/VectorManifold/data/raw/video/sim2/White.mp4,1454,24.233344,38c542b099b66df413aa68946919ed9035729f3c53cac4c44afc56ee8c0be96d
sim2_cropped/White/White_136.png,White,jeep,136,136,136,False,verified_source_pixels,source_video_counter,0,/home/fwromano/Documents/Code/experiments/VectorManifold/data/raw/video/sim2/White.mp4,1466,24.433344,96831bacf2355fd6701b6e5cda459b47d33e1e6db356acb92c99b7b3e29ea56c
sim2_cropped/White/White_137.png,White,jeep,137,137,137,False,verified_source_pixels,source_video_counter,0,/home/fwromano/Documents/Code/experiments/VectorManifold/data/raw/video/sim2/White.mp4,1479,24.650011,1c092daf1e4176a3eefe050e4623b3572eed79410861cf3a7bc3799687cd102f
sim2_cropped/White/White_138.png,White,jeep,133,133,138,True,verified_source_pixels,source_video_counter,0,/home/fwromano/Documents/Code/experiments/VectorManifold/data/raw/video/sim2/White.mp4,1436,23.933333,e4ba967f7b1ed85561fd4c9d64cffcc0986e74597708ba1e37a773927f5e69db
sim2_cropped/White/White_139.png,White,jeep,139,139,139,False,verified_source_pixels,source_video_counter,0,/home/fwromano/Documents/Code/experiments/VectorManifold/data/raw/video/sim2/White.mp4,1504,25.066678,b4fc0882a31e15c1d5a0f1497e2774ce134b7d5f27644fe86bcd1c22f1eb92ce
sim2_cropped/White/White_140.png,White,jeep,140,140,140,False,verified_source_pixels,source_video_counter,0,/home/fwromano/Documents/Code/experiments/VectorManifold/data/raw/video/sim2/White.mp4,1516,25.266678,9fe386d7843896aec7c272aec7c3f040d67bcd33b634eaaf04a179f61a0d9843
sim2_cropped/White/White_141.png,White,jeep,141,141,141,False,verified_source_pixels,source_video_counter,0,/home/fwromano/Documents/Code/experiments/VectorManifold/data/raw/video/sim2/White.mp4,1523,25.383333,5186d4b352cf21d1865e77cd5ae32dd1b4340352c2a1042aba1a2a5d620bc7f0
sim2_cropped/White/White_142.png,White,jeep,142,142,142,False,verified_source_pixels,source_video_counter,0,/home/fwromano/Documents/Code/experiments/VectorManifold/data/raw/video/sim2/White.mp4,1541,25.683344,9e893718bb8f77b15572f39dd96e9252b175ca2c3168e7b558b015d63a28419f
sim2_cropped/White/White_143.png,White,jeep,143,143,143,False,verified_source_pixels,source_video_counter,0,/home/fwromano/Documents/Code/experiments/VectorManifold/data/raw/video/sim2/White.mp4,1547,25.783344,fad91447026c00d2028c76d538176026f13414b2c372fee1d44f917f46444b14
sim2_cropped/White/White_144.png,White,jeep,144,144,144,False,verified_source_pixels,source_video_counter,0,/home/fwromano/Documents/Code/experiments/VectorManifold/data/raw/video/sim2/White.mp4,1560,26.0,6fe597b0b9a28c5904717e529f89e1c246ab708a877b9afe4adfadc367318a41
sim2_cropped/White/White_145.png,White,jeep,145,145,145,False,verified_source_pixels,source_video_counter,0,/home/fwromano/Documents/Code/experiments/VectorManifold/data/raw/video/sim2/White.mp4,1573,26.216678,def0dee08f555626fa3cd797addce5c8c162dfcdcc246101e3b817becf6e1443
sim2_cropped/White/White_146.png,White,jeep,146,146,146,False,verified_source_pixels,source_video_counter,0,/home/fwromano/Documents/Code/experiments/VectorManifold/data/raw/video/sim2/White.mp4,1584,26.400011,5b1a702ce418b34d31dcc6f8f68fb44f490611abf621cd6a2b48210b26335acb
sim2_cropped/White/White_147.png,White,jeep,147,147,147,False,verified_source_pixels,source_video_counter,0,/home/fwromano/Documents/Code/experiments/VectorManifold/data/raw/video/sim2/White.mp4,1597,26.616678,100d9a9a8b76583337bf0fbad400e568e5c8572d8643146cea068188474fc1a2
sim2_cropped/White/White_148.png,White,jeep,148,148,148,False,verified_source_pixels,source_video_counter,0,/home/fwromano/Documents/Code/experiments/VectorManifold/data/raw/video/sim2/White.mp4,1603,26.716678,b184cf3f1131e6677b12d27de0a20cf053132f977b1bd779ce3b0c4c06766b09
sim2_cropped/White/White_149.png,White,jeep,149,149,149,False,verified_source_pixels,source_video_counter,0,/home/fwromano/Documents/Code/experiments/VectorManifold/data/raw/video/sim2/White.mp4,1621,27.016678,9ef7ceab06d1a588ffe00c8978866f80071410c0fdce78b1e63c5b0f05cb4ef8
sim2_cropped/White/White_150.png,White,jeep,150,150,150,False,verified_source_pixels,source_video_counter,0,/home/fwromano/Documents/Code/experiments/VectorManifold/data/raw/video/sim2/White.mp4,1634,27.233333,978d5c624f27f52d487d5de8e034f6e3a084d8c9f19b0d4f7f75220a7d1a42e8
sim2_cropped/White/White_151.png,White,jeep,151,151,151,False,verified_source_pixels,source_video_counter,0,/home/fwromano/Documents/Code/experiments/VectorManifold/data/raw/video/sim2/White.mp4,1647,27.45,4ecb04fdfad312a8fac7e68fa6fe6991cb9f974288aa3c28a5d98ca5d093a604
sim2_cropped/White/White_152.png,White,jeep,152,152,152,False,verified_source_pixels,source_video_counter,0,/home/fwromano/Documents/Code/experiments/VectorManifold/data/raw/video/sim2/White.mp4,1660,27.666678,eafa8c8052f8544ae587a0e4d0a30370aac4f5a3450da95926ca42f3562f2e7e
sim2_cropped/White/White_153.png,White,jeep,153,153,153,False,verified_source_pixels,source_video_counter,0,/home/fwromano/Documents/Code/experiments/VectorManifold/data/raw/video/sim2/White.mp4,1671,27.85,4553ed0ffc780eb42b9dbb31ba16b9cfc8e7f2cd2b54337d00f2745bd7d2eb6d
sim2_cropped/White/White_154.png,White,jeep,154,154,154,False,verified_source_pixels,source_video_counter,0,/home/fwromano/Documents/Code/experiments/VectorManifold/data/raw/video/sim2/White.mp4,1685,28.083333,f63a0866220733b633da0d0f6cb43503999e04443be3bdd187857ed7566101e7
sim2_cropped/White/White_155.png,White,jeep,155,155,155,False,verified_source_pixels,source_video_counter,0,/home/fwromano/Documents/Code/experiments/VectorManifold/data/raw/video/sim2/White.mp4,1697,28.283344,395094b04978f10b8e2df4b0987327170d74fa1fa686f1a576711dcdf38d86ee
sim2_cropped/White/White_156.png,White,jeep,156,156,156,False,verified_source_pixels,source_video_counter,0,/home/fwromano/Documents/Code/experiments/VectorManifold/data/raw/video/sim2/White.mp4,1703,28.383344,62ac37889aae0b7c5e35e3fd53c7918fbc45cf8a2ac46ad03e97c36a8f959257
sim2_cropped/White/White_157.png,White,jeep,157,157,157,False,verified_source_pixels,source_video_counter,0,/home/fwromano/Documents/Code/experiments/VectorManifold/data/raw/video/sim2/White.mp4,1716,28.600011,1dccdd9b0e7c64d90661584a477b826fc432d600f0d8119a43e2bc3e74616796
sim2_cropped/White/White_158.png,White,jeep,153,153,158,True,verified_source_pixels,source_video_counter,0,/home/fwromano/Documents/Code/experiments/VectorManifold/data/raw/video/sim2/White.mp4,1679,27.983344,570e2d4fe322b7a09681ea974d7dc141e76c05f9ce116b457c72cfd57af737c9
sim2_cropped/White/White_159.png,White,jeep,159,159,159,False,verified_source_pixels,source_video_counter,0,/home/fwromano/Documents/Code/experiments/VectorManifold/data/raw/video/sim2/White.mp4,1741,29.016667,1a6c92882de2bf65e76f05329d573563e435faed4d265efb935805cc42c3ae44
sim2_cropped/White/White_160.png,White,jeep,160,160,160,False,verified_source_pixels,source_video_counter,0,/home/fwromano/Documents/Code/experiments/VectorManifold/data/raw/video/sim2/White.mp4,1753,29.216678,277d61497251234a28029b227453fb2e223bcabb28de0fa0d199023624f5bfde
sim2_cropped/White/White_161.png,White,jeep,161,161,161,False,verified_source_pixels,source_video_counter,0,/home/fwromano/Documents/Code/experiments/VectorManifold/data/raw/video/sim2/White.mp4,1766,29.433333,246501ce0eb6d5086916775b9f79acfde5dc9c2b3eb34209bca2f6d780f4c498
sim2_cropped/White/White_162.png,White,jeep,162,162,162,False,verified_source_pixels,source_video_counter,0,/home/fwromano/Documents/Code/experiments/VectorManifold/data/raw/video/sim2/White.mp4,1779,29.65,27914c4fcbedebb8c8409cd1075584a0065ea86c469baf39ae926c7936761c3a
sim2_cropped/White/White_163.png,White,jeep,163,163,163,False,verified_source_pixels,source_video_counter,0,/home/fwromano/Documents/Code/experiments/VectorManifold/data/raw/video/sim2/White.mp4,1792,29.866678,126010e3b5f08d24817edd3854766f5aef858c97bc36aac47473ade007a4cfc7
sim2_cropped/White/White_164.png,White,jeep,164,164,164,False,verified_source_pixels,source_video_counter,0,/home/fwromano/Documents/Code/experiments/VectorManifold/data/raw/video/sim2/White.mp4,1803,30.05,74ed73f13c81d392283302051a869b0728595534aef9c5da812064466edb767e
sim2_cropped/White/White_165.png,White,jeep,165,165,165,False,verified_source_pixels,source_video_counter,0,/home/fwromano/Documents/Code/experiments/VectorManifold/data/raw/video/sim2/White.mp4,1816,30.266678,f3858e1063b90686592d29f267c276c52d86aaf91a6ad870e5704fa4b430c16a
sim2_cropped/White/White_166.png,White,jeep,166,166,166,False,verified_source_pixels,source_video_counter,0,/home/fwromano/Documents/Code/experiments/VectorManifold/data/raw/video/sim2/White.mp4,1829,30.483344,c425148f69f8447ff0400e82057416ca244ec5a8e25cbddb09e06c4276379fb0
sim2_cropped/White/White_167.png,White,jeep,167,167,167,False,verified_source_pixels,source_video_counter,0,/home/fwromano/Documents/Code/experiments/VectorManifold/data/raw/video/sim2/White.mp4,1840,30.666678,16dd881a5af17c8bc43e1621523f9ce2c7ead6912d4b7f7a0df494f4288b57d7
sim2_cropped/White/White_168.png,White,jeep,163,163,168,True,verified_source_pixels,source_video_counter,0,/home/fwromano/Documents/Code/experiments/VectorManifold/data/raw/video/sim2/White.mp4,1797,29.95,55b93a553a415a5ba451e6ce24ce9af46cc5c5e617871490242f2fa080e28665
sim2_cropped/White/White_169.png,White,jeep,169,169,169,False,verified_source_pixels,source_video_counter,0,/home/fwromano/Documents/Code/experiments/VectorManifold/data/raw/video/sim2/White.mp4,1859,30.983333,06d04378112a70de9e6217aeab0fbd057cec55809176b01e49ef900ecf08f347
sim2_cropped/White/White_170.png,White,jeep,170,170,170,False,verified_source_pixels,source_video_counter,0,/home/fwromano/Documents/Code/experiments/VectorManifold/data/raw/video/sim2/White.mp4,1872,31.2,f2eb79153adba74ab31dffe4e95b9c07e66cc8a57f76856ce54e26920e076700
sim2_cropped/White/White_171.png,White,jeep,171,171,171,False,verified_source_pixels,source_video_counter,0,/home/fwromano/Documents/Code/experiments/VectorManifold/data/raw/video/sim2/White.mp4,1884,31.4,4c7002fb956831babb73d07bcff6afb71c6fc4f6cb8d465ef53c685394bbdf68
sim2_cropped/White/White_172.png,White,jeep,172,172,172,False,verified_source_pixels,source_video_counter,0,/home/fwromano/Documents/Code/experiments/VectorManifold/data/raw/video/sim2/White.mp4,1897,31.616678,3eb5e18b2e8a68abdd87d76ecdae9ef949289e4b0b72bda9ea8a27db54376b70
sim2_cropped/White/White_173.png,White,jeep,173,173,173,False,verified_source_pixels,source_video_counter,0,/home/fwromano/Documents/Code/experiments/VectorManifold/data/raw/video/sim2/White.mp4,1909,31.816678,0d9939f14d1132ecea2b621909c984b5cb9c5fbeafd326aafb755d3edb822671
sim2_cropped/White/White_174.png,White,jeep,174,174,174,False,verified_source_pixels,source_video_counter,0,/home/fwromano/Documents/Code/experiments/VectorManifold/data/raw/video/sim2/White.mp4,1922,32.033344,2739beac7de5b3429bba38b295b2bba4da1c0c92929347344323f396ce0f63f7
sim2_cropped/White/White_175.png,White,jeep,175,175,175,False,verified_source_pixels,source_video_counter,0,/home/fwromano/Documents/Code/experiments/VectorManifold/data/raw/video/sim2/White.mp4,1934,32.233344,a290f9201c8f698abfe27251f7155ab994baf7e67db0406b91705a8e21080736
sim2_cropped/White/White_176.png,White,jeep,176,176,176,False,verified_source_pixels,source_video_counter,0,/home/fwromano/Documents/Code/experiments/VectorManifold/data/raw/video/sim2/White.mp4,1947,32.450011,c5651f74f48ecff730a4a9b69600781e066357b854e9717b81ed42419e09437f
sim2_cropped/White/White_177.png,White,jeep,177,177,177,False,verified_source_pixels,source_video_counter,0,/home/fwromano/Documents/Code/experiments/VectorManifold/data/raw/video/sim2/White.mp4,1959,32.650011,8756704c5160f10963bc0151d9b2e917e0b43db9828fca388a26c35d0977d4d7
sim2_cropped/White/White_178.png,White,jeep,173,173,178,True,verified_source_pixels,source_video_counter,0,/home/fwromano/Documents/Code/experiments/VectorManifold/data/raw/video/sim2/White.mp4,1916,31.933344,6acc19e10965b9958b504da2983da650f39734ba5533a7291653ed8e245abfce
sim2_cropped/White/White_179.png,White,jeep,179,179,179,False,verified_source_pixels,source_video_counter,0,/home/fwromano/Documents/Code/experiments/VectorManifold/data/raw/video/sim2/White.mp4,1984,33.066678,7f2150a642c5c53bdd97245c05da229806859d271aa92388da5293ad5f8dfa84
sim2_cropped/White/White_180.png,White,jeep,180,180,180,False,verified_source_pixels,source_video_counter,0,/home/fwromano/Documents/Code/experiments/VectorManifold/data/raw/video/sim2/White.mp4,1997,33.283344,050177262b046e19789cde03c4fb3b5a600c13b15c8b958395a6eb3796e8ab44
sim2_cropped/White/White_181.png,White,jeep,181,181,181,False,verified_source_pixels,source_video_counter,0,/home/fwromano/Documents/Code/experiments/VectorManifold/data/raw/video/sim2/White.mp4,2003,33.383344,a8363cb9042912b23b6beb4e73cdb777663112dd040f36d9016bd49c8409bb3c
sim2_cropped/White/White_182.png,White,jeep,182,182,182,False,verified_source_pixels,source_video_counter,0,/home/fwromano/Documents/Code/experiments/VectorManifold/data/raw/video/sim2/White.mp4,2022,33.700011,4678ad2f069718f1b643152e2e0be2cf79f19d9f1f2722384a929504ae27379c
sim2_cropped/White/White_183.png,White,jeep,183,183,183,False,verified_source_pixels,source_video_counter,0,/home/fwromano/Documents/Code/experiments/VectorManifold/data/raw/video/sim2/White.mp4,2027,33.783333,6ebfbede9cfa81cdd8e84cad87495d9f69a61068972bf95de4157822832aaa1d
sim2_cropped/White/White_184.png,White,jeep,184,184,184,False,verified_source_pixels,source_video_counter,0,/home/fwromano/Documents/Code/experiments/VectorManifold/data/raw/video/sim2/White.mp4,2040,34.0,588d72450b1c7c5e0e812fc6ed31ba85284fb580be97a50ea8b1f725ea058887
sim2_cropped/White/White_185.png,White,jeep,185,185,185,False,verified_source_pixels,source_video_counter,0,/home/fwromano/Documents/Code/experiments/VectorManifold/data/raw/video/sim2/White.mp4,2053,34.216678,5ab6028e85ca953f0277e80d3cae9b1298b036a59199511578cccfa31d81c0c5
sim2_cropped/White/White_186.png,White,jeep,186,186,186,False,verified_source_pixels,source_video_counter,0,/home/fwromano/Documents/Code/experiments/VectorManifold/data/raw/video/sim2/White.mp4,2066,34.433344,a8cb432ac5edbf34ff1481d33f3b892731994324fbc12fa6ed2e3eef9519dc93
sim2_cropped/White/White_187.png,White,jeep,187,187,187,False,verified_source_pixels,source_video_counter,0,/home/fwromano/Documents/Code/experiments/VectorManifold/data/raw/video/sim2/White.mp4,2077,34.616678,30c668f12d6acbaa27f588e2dabd580f08020253973889885bdb230af788cc94
sim2_cropped/White/White_188.png,White,jeep,183,183,188,True,verified_source_pixels,source_video_counter,0,/home/fwromano/Documents/Code/experiments/VectorManifold/data/raw/video/sim2/White.mp4,2034,33.900011,fb45ca856c210b4cc08e52bc40c042ea0a70eb5e88a821db1263f72db886490e
sim2_cropped/White/White_189.png,White,jeep,139,139,189,True,verified_source_pixels,source_video_counter,0,/home/fwromano/Documents/Code/experiments/VectorManifold/data/raw/video/sim2/White.mp4,1510,25.166678,c61882c770620f206ddebb317f8bbb878734e4d7e7e1f21e362cfdf4bc88dd15
sim2_cropped/White/White_190.png,White,jeep,190,190,190,False,verified_source_pixels,source_video_counter,0,/home/fwromano/Documents/Code/experiments/VectorManifold/data/raw/video/sim2/White.mp4,2114,35.233333,d83ab5b3d9a4b108295f2dbe3ec601bf4e0f00549a1aa2f348367550b85d7294
sim2_cropped/White/White_191.png,White,jeep,191,191,191,False,verified_source_pixels,source_video_counter,0,/home/fwromano/Documents/Code/experiments/VectorManifold/data/raw/video/sim2/White.mp4,2127,35.45,803340c621ef53018206664732e5b376d6d6bc113227474ccde4b57c91d1c1e1
sim2_cropped/White/White_192.png,White,jeep,192,192,192,False,verified_source_pixels,source_video_counter,0,/home/fwromano/Documents/Code/experiments/VectorManifold/data/raw/video/sim2/White.mp4,2140,35.666678,e464647302cf30ee9607ecb240e556465c8cf5116d005e051d19f02a2d13b288
sim2_cropped/White/White_193.png,White,jeep,193,193,193,False,verified_source_pixels,source_video_counter,0,/home/fwromano/Documents/Code/experiments/VectorManifold/data/raw/video/sim2/White.mp4,2153,35.883344,2315e03ebe312e7e8717b3a590c69b58a44c2f41c1098acc0565eb1c4189fd4d
sim2_cropped/White/White_194.png,White,jeep,194,194,194,False,verified_source_pixels,source_video_counter,0,/home/fwromano/Documents/Code/experiments/VectorManifold/data/raw/video/sim2/White.mp4,2159,35.983344,955d5c6db1eb35b3870dba8778cb3e6c38ba05d9d997015d857797c07077295c
sim2_cropped/White/White_195.png,White,jeep,195,195,195,False,verified_source_pixels,source_video_counter,0,/home/fwromano/Documents/Code/experiments/VectorManifold/data/raw/video/sim2/White.mp4,2172,36.200011,d1a50519b75d0052c774095bff7a847d554112ac65ff1a2ea01376b0da647737
sim2_cropped/White/White_196.png,White,jeep,196,196,196,False,verified_source_pixels,source_video_counter,0,/home/fwromano/Documents/Code/experiments/VectorManifold/data/raw/video/sim2/White.mp4,2185,36.416678,75b0188383e09f45abd9d61c5f4dde472386ea13f31a5367aeb148badfe468e0
sim2_cropped/White/White_197.png,White,jeep,197,197,197,False,verified_source_pixels,source_video_counter,0,/home/fwromano/Documents/Code/experiments/VectorManifold/data/raw/video/sim2/White.mp4,2197,36.616678,59e7a3846f9e21c2c9ae728e349add5f0c7ee057941408a78192f82267a6e80a
sim2_cropped/White/White_198.png,White,jeep,198,198,198,False,verified_source_pixels,source_video_counter,0,/home/fwromano/Documents/Code/experiments/VectorManifold/data/raw/video/sim2/White.mp4,2209,36.816678,ca3aa43ae67f7ece589c70e54f07eaa9aa552ecb45d51f8ecf8099689c0f163d
sim2_cropped/White/White_199.png,White,jeep,199,199,199,False,verified_source_pixels,source_video_counter,0,/home/fwromano/Documents/Code/experiments/VectorManifold/data/raw/video/sim2/White.mp4,2222,37.033333,675c71c577136aa0323108ddf79d310cb311ab98637ac718c53839e0733b4acb
sim2_cropped/White/White_200.png,White,jeep,200,200,200,False,verified_source_pixels,source_video_counter,0,/home/fwromano/Documents/Code/experiments/VectorManifold/data/raw/video/sim2/White.mp4,2235,37.25,bfa33bafe89aaafcfb8a8ab9b316aacf5dcedabd5598b3c96d68a547e2c5871d
sim2_cropped/White/White_201.png,White,jeep,201,201,201,False,verified_source_pixels,source_video_counter,0,/home/fwromano/Documents/Code/experiments/VectorManifold/data/raw/video/sim2/White.mp4,2246,37.433333,3c93d75b0c2cc4010c2520a41cfafd7c0dc4a9cdf22f78db42661e46bc8578e9
sim2_cropped/White/White_202.png,White,jeep,202,202,202,False,verified_source_pixels,source_video_counter,0,/home/fwromano/Documents/Code/experiments/VectorManifold/data/raw/video/sim2/White.mp4,2259,37.65,3e3e63e3478b3f1b40c59dd213bcb9974e19a0609bb0d3962c5650a59b22c45b
sim2_cropped/White/White_203.png,White,jeep,203,203,203,False,verified_source_pixels,source_video_counter,0,/home/fwromano/Documents/Code/experiments/VectorManifold/data/raw/video/sim2/White.mp4,2272,37.866678,21e067263f1e34b77e384db0df01dceb27ff46fd5d117062cab100d51a3a6ac1
sim2_cropped/White/White_204.png,White,jeep,204,204,204,False,verified_source_pixels,source_video_counter,0,/home/fwromano/Documents/Code/experiments/VectorManifold/data/raw/video/sim2/White.mp4,2285,38.083344,8c508b4e0c0954a186fe082f94fad1c692e783cbeeb24f4441575487e4be3928
sim2_cropped/White/White_205.png,White,jeep,205,205,205,False,verified_source_pixels,source_video_counter,0,/home/fwromano/Documents/Code/experiments/VectorManifold/data/raw/video/sim2/White.mp4,2296,38.266678,f8bdd339355f65b7388f4786165ad623cddb688e4428fb665e49de33a822fdc1
sim2_cropped/White/White_206.png,White,jeep,206,206,206,False,verified_source_pixels,source_video_counter,0,/home/fwromano/Documents/Code/experiments/VectorManifold/data/raw/video/sim2/White.mp4,2309,38.483333,09407d7e443d879ff6d377c6a34a429b0a0074f448248aa00179f2b8521da651
sim2_cropped/White/White_207.png,White,jeep,207,207,207,False,verified_source_pixels,source_video_counter,0,/home/fwromano/Documents/Code/experiments/VectorManifold/data/raw/video/sim2/White.mp4,2315,38.583344,24a6d5cb0b796f3c23ca46afcdb067c34fb73022abe321a75f855c2a38928114
sim2_cropped/White/White_208.png,White,jeep,203,203,208,True,verified_source_pixels,source_video_counter,0,/home/fwromano/Documents/Code/experiments/VectorManifold/data/raw/video/sim2/White.mp4,2278,37.966678,66f259aa5d33d758f072adb23dccd741d0c3961254bb0bd753e0698246b9b3be
sim2_cropped/White/White_209.png,White,jeep,209,209,209,False,verified_source_pixels,source_video_counter,0,/home/fwromano/Documents/Code/experiments/VectorManifold/data/raw/video/sim2/White.mp4,2341,39.016678,948c9203bb316a33e3db166e6cfed41084209c66827d5880de98d0d3d16a0e22
sim2_cropped/White/White_210.png,White,jeep,210,210,210,False,verified_source_pixels,source_video_counter,0,/home/fwromano/Documents/Code/experiments/VectorManifold/data/raw/video/sim2/White.mp4,2354,39.233344,555de7cb2f29e6f768851006b33a86a16135639a5f524d0d3d9f3f5e583031ac
sim2_cropped/White/White_211.png,White,jeep,211,211,211,False,verified_source_pixels,source_video_counter,0,/home/fwromano/Documents/Code/experiments/VectorManifold/data/raw/video/sim2/White.mp4,2366,39.433344,beca8b2a20c88403d433c70ba809660e860447c319c4a3cff8afdf839e5d8656
sim2_cropped/White/White_212.png,White,jeep,212,212,212,False,verified_source_pixels,source_video_counter,0,/home/fwromano/Documents/Code/experiments/VectorManifold/data/raw/video/sim2/White.mp4,2378,39.633344,2017720e1d114f5311abceef310252c4209e15824ec97905726652e3b866f0e0
sim2_cropped/White/White_213.png,White,jeep,213,213,213,False,verified_source_pixels,source_video_counter,0,/home/fwromano/Documents/Code/experiments/VectorManifold/data/raw/video/sim2/White.mp4,2391,39.850011,76a4f6fdcbb976ad1813354871d8b55fc16309c048127bd57f003837d72bd9f5
sim2_cropped/White/White_214.png,White,jeep,214,214,214,False,verified_source_pixels,source_video_counter,0,/home/fwromano/Documents/Code/experiments/VectorManifold/data/raw/video/sim2/White.mp4,2404,40.066678,fa937d50c4020ee1702272037bc8af23fb204b23abab62b85d579b50eeb83a8c
sim2_cropped/White/White_215.png,White,jeep,215,215,215,False,verified_source_pixels,source_video_counter,0,/home/fwromano/Documents/Code/experiments/VectorManifold/data/raw/video/sim2/White.mp4,2416,40.266678,1f273a0052c533b09aa747d2a31cfb91b30ee7f9069b05bcbe199cb6e752036f
sim2_cropped/White/White_216.png,White,jeep,216,216,216,False,verified_source_pixels,source_video_counter,0,/home/fwromano/Documents/Code/experiments/VectorManifold/data/raw/video/sim2/White.mp4,2428,40.466678,5601828f3a4744323fdd3f5f064f7ee8a4e54c7a276046b970ecad2cc68217b5
sim2_cropped/White/White_217.png,White,jeep,217,217,217,False,verified_source_pixels,source_video_counter,0,/home/fwromano/Documents/Code/experiments/VectorManifold/data/raw/video/sim2/White.mp4,2441,40.683344,63c126369e7f5f0dae4ea58fdb9f75153c7669914f4de3cec457d9f6216c8f77
sim2_cropped/White/White_218.png,White,jeep,213,213,218,True,verified_source_pixels,source_video_counter,0,/home/fwromano/Documents/Code/experiments/VectorManifold/data/raw/video/sim2/White.mp4,2397,39.95,b6ca47c530ba881fe4fcfc3a2774e9e1a6db2fd4c51d9f124f6eb593cd7d6984
sim2_cropped/White/White_219.png,White,jeep,219,219,219,False,verified_source_pixels,source_video_counter,0,/home/fwromano/Documents/Code/experiments/VectorManifold/data/raw/video/sim2/White.mp4,2460,41.0,260afc86ddf0c67f926347ac00507b8dab1520e749cdabb29df3ee13a5b783d6
sim2_cropped/White/White_220.png,White,jeep,220,220,220,False,verified_source_pixels,source_video_counter,0,/home/fwromano/Documents/Code/experiments/VectorManifold/data/raw/video/sim2/White.mp4,2473,41.216678,4d39216a940ded612a930d07abc193605e3eeafb59ba6aaa1ae6f74ac72dfa36
sim2_cropped/White/White_221.png,White,jeep,221,221,221,False,verified_source_pixels,source_video_counter,0,/home/fwromano/Documents/Code/experiments/VectorManifold/data/raw/video/sim2/White.mp4,2485,41.416678,09e54a037dd3d0bc1e3673f80c60cbf4f11914ac8c4006625d54dfd098a8e51b
sim2_cropped/White/White_222.png,White,jeep,222,222,222,False,verified_source_pixels,source_video_counter,0,/home/fwromano/Documents/Code/experiments/VectorManifold/data/raw/video/sim2/White.mp4,2497,41.616678,3a99700408b1b4eb944229f9b71de2d998e996f604a2da60dbe7ce7bfe338945
sim2_cropped/White/White_223.png,White,jeep,223,223,223,False,verified_source_pixels,source_video_counter,0,/home/fwromano/Documents/Code/experiments/VectorManifold/data/raw/video/sim2/White.mp4,2510,41.833344,77d5c85a42b1ac0f1c93fe9089c232370f8dddba81ee401715b4f1b4f6c125d4
sim2_cropped/White/White_224.png,White,jeep,224,224,224,False,verified_source_pixels,source_video_counter,0,/home/fwromano/Documents/Code/experiments/VectorManifold/data/raw/video/sim2/White.mp4,2523,42.05,0b82bf8cee741139336d8d91d9b79b55f8cdb4b4964a4db2ac920451aa9451db
sim2_cropped/White/White_225.png,White,jeep,225,225,225,False,verified_source_pixels,source_video_counter,0,/home/fwromano/Documents/Code/experiments/VectorManifold/data/raw/video/sim2/White.mp4,2534,42.233344,24256b45a3c36bfa340c4f1a9c9416b3d80face2e846a58929a259cb30ac3574
sim2_cropped/White/White_226.png,White,jeep,226,226,226,False,verified_source_pixels,source_video_counter,0,/home/fwromano/Documents/Code/experiments/VectorManifold/data/raw/video/sim2/White.mp4,2547,42.450011,e8492aa7a75754c14673c2056bc68425ab5c9e7647a08d8b28e90a2f1f8bd029
sim2_cropped/White/White_227.png,White,jeep,227,227,227,False,verified_source_pixels,source_video_counter,0,/home/fwromano/Documents/Code/experiments/VectorManifold/data/raw/video/sim2/White.mp4,2560,42.666678,7e1fd7ecc3ed0113ff8c4864663086b6a6415d676fa6be6222ce0133f1f286fb
sim2_cropped/White/White_228.png,White,jeep,223,223,228,True,verified_source_pixels,source_video_counter,0,/home/fwromano/Documents/Code/experiments/VectorManifold/data/raw/video/sim2/White.mp4,2516,41.933333,0b8547e92ad24906159d951c5efd68faffdbcd7eb7dd679aa1c88152d6da6bd0
sim2_cropped/White/White_229.png,White,jeep,229,229,229,False,verified_source_pixels,source_video_counter,0,/home/fwromano/Documents/Code/experiments/VectorManifold/data/raw/video/sim2/White.mp4,2584,43.066678,3667e0e69dcf2623dc244bce7190138444da4f0c2615510117856668f7702663
sim2_cropped/White/White_230.png,White,jeep,230,230,230,False,verified_source_pixels,source_video_counter,0,/home/fwromano/Documents/Code/experiments/VectorManifold/data/raw/video/sim2/White.mp4,2591,43.183344,aec7a66b7778c88d292c46b4227e58b5a3bc232f804951fc4fbc8f3d9f267ee2
sim2_cropped/White/White_231.png,White,jeep,231,231,231,False,verified_source_pixels,source_video_counter,0,/home/fwromano/Documents/Code/experiments/VectorManifold/data/raw/video/sim2/White.mp4,2603,43.383344,aefc65d7398fe199192def0bbc9a151c638ca715e8941d3a5db257bd482f1e52
sim2_cropped/White/White_232.png,White,jeep,232,232,232,False,verified_source_pixels,source_video_counter,0,/home/fwromano/Documents/Code/experiments/VectorManifold/data/raw/video/sim2/White.mp4,2616,43.600011,5402250fc8a30382fcc37cb96d305e20c14692be0892073ccf722d1edb99b158
sim2_cropped/White/White_234.png,White,jeep,234,234,234,False,verified_source_pixels,source_video_counter,0,/home/fwromano/Documents/Code/experiments/VectorManifold/data/raw/video/sim2/White.mp4,2641,44.016678,7ebdef751f50db44203d351dc9ad88a6729486d137086a3f208d338c70371181
sim2_cropped/White/White_235.png,White,jeep,235,235,235,False,verified_source_pixels,source_video_counter,0,/home/fwromano/Documents/Code/experiments/VectorManifold/data/raw/video/sim2/White.mp4,2653,44.216678,632aa68947f2eca7e700e09368878398b0ee11b2f461be67e8effa4a6a8800de
sim2_cropped/White/White_236.png,White,jeep,236,236,236,False,verified_source_pixels,source_video_counter,0,/home/fwromano/Documents/Code/experiments/VectorManifold/data/raw/video/sim2/White.mp4,2666,44.433333,46a1ed13e578f464b537b5c458dae7c4f55fd68107f0ee7b45727dbca692848f
sim2_cropped/White/White_237.png,White,jeep,237,237,237,False,verified_source_pixels,source_video_counter,0,/home/fwromano/Documents/Code/experiments/VectorManifold/data/raw/video/sim2/White.mp4,2678,44.633333,bc96c62651b50a017a7a6969f2e8a6e7a19a33249fb468d5170426f921382ef0
sim2_cropped/White/White_238.png,White,jeep,233,233,238,True,verified_source_pixels,source_video_counter,0,/home/fwromano/Documents/Code/experiments/VectorManifold/data/raw/video/sim2/White.mp4,2628,43.800011,9d8c606e86fa5321dc65cdd09bcd7b6f77879a143dac377869d162c420cad2fb
sim2_cropped/White/White_239.png,White,jeep,239,239,239,False,verified_source_pixels,source_video_counter,0,/home/fwromano/Documents/Code/experiments/VectorManifold/data/raw/video/sim2/White.mp4,2703,45.05,ad1c64198c489f0a1736d0f75345b6ee26f1d5db24d1b9ce021bcbe925cdbe14
sim2_cropped/White/White_240.png,White,jeep,240,240,240,False,verified_source_pixels,source_video_counter,0,/home/fwromano/Documents/Code/experiments/VectorManifold/data/raw/video/sim2/White.mp4,2716,45.266678,d851816250e9ec1ed65a1054183d2bf734e4f7a3d4cd483c4328cd59871ab894
sim2_cropped/White/White_241.png,White,jeep,241,241,241,False,verified_source_pixels,source_video_counter,0,/home/fwromano/Documents/Code/experiments/VectorManifold/data/raw/video/sim2/White.mp4,2728,45.466678,4cc85e034dffe3f0f7c1f0ef820d10109926300d2bbd3843e1231742e73c04d4
sim2_cropped/White/White_242.png,White,jeep,242,242,242,False,verified_source_pixels,source_video_counter,0,/home/fwromano/Documents/Code/experiments/VectorManifold/data/raw/video/sim2/White.mp4,2741,45.683333,df02717bf8cfc62e4480c97824411bdf5cfd372ed8993c62dd679146acbdd93f
sim2_cropped/White/White_243.png,White,jeep,243,243,243,False,verified_source_pixels,source_video_counter,0,/home/fwromano/Documents/Code/experiments/VectorManifold/data/raw/video/sim2/White.mp4,2747,45.783344,97ad09ac1b2cabab656a4b3e689a25112c1f14fa8a2dc9bc6da2b1a3169937c1
sim2_cropped/White/White_244.png,White,jeep,244,244,244,False,verified_source_pixels,source_video_counter,0,/home/fwromano/Documents/Code/experiments/VectorManifold/data/raw/video/sim2/White.mp4,2760,46.000011,1e7a3d290a536375133569defe912c0aca1c808076f7c388ad7c8fd132b54b1a
sim2_cropped/White/White_245.png,White,jeep,245,245,245,False,verified_source_pixels,source_video_counter,0,/home/fwromano/Documents/Code/experiments/VectorManifold/data/raw/video/sim2/White.mp4,2771,46.183344,42b5fd02295773e9137bd678aa958c59dfc0b2019d935d1f76d2b93c4471320a
sim2_cropped/White/White_246.png,White,jeep,246,246,246,False,verified_source_pixels,source_video_counter,0,/home/fwromano/Documents/Code/experiments/VectorManifold/data/raw/video/sim2/White.mp4,2784,46.400011,d978074ec054faf8af135341ca65e995da6f8e27971bb19cfdc8531e05e93f58
sim2_cropped/White/White_247.png,White,jeep,247,247,247,False,verified_source_pixels,source_video_counter,0,/home/fwromano/Documents/Code/experiments/VectorManifold/data/raw/video/sim2/White.mp4,2797,46.616678,55411e821aabf8f2e7365de39fb8b2b9bd7c51002557ada2bfe2bb1468653f70
sim2_cropped/White/White_248.png,White,jeep,248,248,248,False,verified_source_pixels,source_video_counter,0,/home/fwromano/Documents/Code/experiments/VectorManifold/data/raw/video/sim2/White.mp4,2810,46.833333,35654209f9f4ff88a728b7a993d6349d87c1f7cedb260a2a084292fa664a8bda
sim2_cropped/White/White_249.png,White,jeep,249,249,249,False,verified_source_pixels,source_video_counter,0,/home/fwromano/Documents/Code/experiments/VectorManifold/data/raw/video/sim2/White.mp4,2821,47.016667,3d23f71687a5a23399df7390f2c7e20d66746e8a592c6e4d63feb43ebf54b15b
sim2_cropped/White/White_250.png,White,jeep,250,250,250,False,verified_source_pixels,source_video_counter,0,/home/fwromano/Documents/Code/experiments/VectorManifold/data/raw/video/sim2/White.mp4,2834,47.233344,9e79371965bac69565e31e049f1c24dccf82c221951435557a943729640414c9
sim2_cropped/White/White_251.png,White,jeep,251,251,251,False,verified_source_pixels,source_video_counter,0,/home/fwromano/Documents/Code/experiments/VectorManifold/data/raw/video/sim2/White.mp4,2847,47.450011,7486947fcb9dcf2b31f8335fc28854b583d21a83b885d8d750583b30ee26f5b9
sim2_cropped/White/White_252.png,White,jeep,252,252,252,False,verified_source_pixels,source_video_counter,0,/home/fwromano/Documents/Code/experiments/VectorManifold/data/raw/video/sim2/White.mp4,2860,47.666678,9735d17c31a1581ac98ae20ee3664a133bc5c1407c22dd42b7bccb8e027d06f4
sim2_cropped/White/White_253.png,White,jeep,253,253,253,False,verified_source_pixels,source_video_counter,0,/home/fwromano/Documents/Code/experiments/VectorManifold/data/raw/video/sim2/White.mp4,2872,47.866678,71f9e5113cf1b07f53627e404d59fbfa01c82f52a3312b70759ec3d95a08fabf
sim2_cropped/White/White_254.png,White,jeep,254,254,254,False,verified_source_pixels,source_video_counter,0,/home/fwromano/Documents/Code/experiments/VectorManifold/data/raw/video/sim2/White.mp4,2884,48.066678,f958923b438239f16a0e317b0d2d2cf2c23c878f72d076e70b70d3387a4f8f09
sim2_cropped/White/White_255.png,White,jeep,255,255,255,False,verified_source_pixels,source_video_counter,0,/home/fwromano/Documents/Code/experiments/VectorManifold/data/raw/video/sim2/White.mp4,2897,48.283344,8a1f58dbe976cc65defac9a55649246a34b07520e11dfb8cd550d84d101aa77a
sim2_cropped/White/White_256.png,White,jeep,256,256,256,False,verified_source_pixels,source_video_counter,0,/home/fwromano/Documents/Code/experiments/VectorManifold/data/raw/video/sim2/White.mp4,2903,48.383333,3ab74ef5c03c8ff04605b69aa70f836ef0ce98ebd57b314b77f188b21891a727
sim2_cropped/White/White_257.png,White,jeep,257,257,257,False,verified_source_pixels,source_video_counter,0,/home/fwromano/Documents/Code/experiments/VectorManifold/data/raw/video/sim2/White.mp4,2916,48.6,8bcc9a252845f215b5bfdbf733473df20a45636c504b04e280f4cb4618877187
sim2_cropped/White/White_258.png,White,jeep,253,253,258,True,verified_source_pixels,source_video_counter,0,/home/fwromano/Documents/Code/experiments/VectorManifold/data/raw/video/sim2/White.mp4,2878,47.966678,bc52d67cf34772b0505b8ecb49f85da59838bf563c54164fd38aefa09b1695a1
sim2_cropped/White/White_259.png,White,jeep,259,259,259,False,verified_source_pixels,source_video_counter,0,/home/fwromano/Documents/Code/experiments/VectorManifold/data/raw/video/sim2/White.mp4,2940,49.0,8bdc9bc7260e6ab6535d50d311e0681d211021d868d6cac4a8565faa0bd20319
sim2_cropped/White/White_260.png,White,jeep,260,260,260,False,verified_source_pixels,source_video_counter,0,/home/fwromano/Documents/Code/experiments/VectorManifold/data/raw/video/sim2/White.mp4,2953,49.216678,fdeec4e948678e5e744d36a0ce28ac2bca5518eec94ab09e99218df68d5d6d05
sim2_cropped/White/White_261.png,White,jeep,261,261,261,False,verified_source_pixels,source_video_counter,0,/home/fwromano/Documents/Code/experiments/VectorManifold/data/raw/video/sim2/White.mp4,2966,49.433344,57b19b0272d6daa5ac55ea244f36e40c148758cf3142e03d05879337aaff9d5d
sim2_cropped/White/White_262.png,White,jeep,262,262,262,False,verified_source_pixels,source_video_counter,0,/home/fwromano/Documents/Code/experiments/VectorManifold/data/raw/video/sim2/White.mp4,2979,49.65,bd7d995ce8a8ea6edf79e43cac567ba32b3e69e835754ce80faa6a6b72be537e
sim2_cropped/White/White_263.png,White,jeep,263,263,263,False,verified_source_pixels,source_video_counter,0,/home/fwromano/Documents/Code/experiments/VectorManifold/data/raw/video/sim2/White.mp4,2990,49.833344,16a302a9c4073258547e4ac0de160517a1913a896e9019bff0d6ff85cc52dfa6
sim2_cropped/White/White_264.png,White,jeep,264,264,264,False,verified_source_pixels,source_video_counter,0,/home/fwromano/Documents/Code/experiments/VectorManifold/data/raw/video/sim2/White.mp4,3003,50.05,49a6725e7fc6cef1a983e02b0bda5249129e543f4e0602d4152b95e894397fe8
sim2_cropped/White/White_265.png,White,jeep,265,265,265,False,verified_source_pixels,source_video_counter,0,/home/fwromano/Documents/Code/experiments/VectorManifold/data/raw/video/sim2/White.mp4,3016,50.266678,cccdb65370b8d43f71fc82270fce2db53982cf1006fd6c6da03e7af1097e38ec
sim2_cropped/White/White_266.png,White,jeep,266,266,266,False,verified_source_pixels,source_video_counter,0,/home/fwromano/Documents/Code/experiments/VectorManifold/data/raw/video/sim2/White.mp4,3029,50.483344,53be5ae4ff06988052df0765d7e71526508cb011743e5102f9e11e5177e8454a
sim2_cropped/White/White_267.png,White,jeep,267,267,267,False,verified_source_pixels,source_video_counter,0,/home/fwromano/Documents/Code/experiments/VectorManifold/data/raw/video/sim2/White.mp4,3035,50.583333,c0f1cb42bca2dd7d4c319cb8624e6fefd17db89233bddc8bf0921aabb1dc0a5f
sim2_cropped/White/White_268.png,White,jeep,263,263,268,True,verified_source_pixels,source_video_counter,0,/home/fwromano/Documents/Code/experiments/VectorManifold/data/raw/video/sim2/White.mp4,2997,49.95,8a6c885e481640e6d1f9bb9cb805f78be6d272659c48374d48f360ec2048b2ef
sim2_cropped/White/White_269.png,White,jeep,269,269,269,False,verified_source_pixels,source_video_counter,0,/home/fwromano/Documents/Code/experiments/VectorManifold/data/raw/video/sim2/White.mp4,3055,50.916667,fc788cf36a1842ff8b06ea5d2ac427296d1b9edc3ae0f86a3ace7c833fdb45d7
sim2_cropped/White/White_270.png,White,jeep,270,270,270,False,verified_source_pixels,source_video_counter,0,/home/fwromano/Documents/Code/experiments/VectorManifold/data/raw/video/sim2/White.mp4,3061,51.016678,ab12987363c357648a2d2fe308d9046947a29029e738a78213f421cd3b0babc7
sim2_cropped/White/White_271.png,White,jeep,271,271,271,False,verified_source_pixels,source_video_counter,0,/home/fwromano/Documents/Code/experiments/VectorManifold/data/raw/video/sim2/White.mp4,3085,51.416667,a4b259b95e67024468047994c90baed996d3b28dc0aff62f00cf43085a72602d
sim2_cropped/White/White_272.png,White,jeep,272,272,272,False,verified_source_pixels,source_video_counter,0,/home/fwromano/Documents/Code/experiments/VectorManifold/data/raw/video/sim2/White.mp4,3098,51.633333,b78100ecb264b8f5b4164c05e31a9584108984c29cfa422b3ea7443d0bac0826
sim2_cropped/White/White_273.png,White,jeep,273,273,273,False,verified_source_pixels,source_video_counter,0,/home/fwromano/Documents/Code/experiments/VectorManifold/data/raw/video/sim2/White.mp4,3110,51.833333,57e5ddb8da910b630b249c4ac509f042931ec54bf3f328e4a55c13ff29975553
sim2_cropped/White/White_274.png,White,jeep,274,274,274,False,verified_source_pixels,source_video_counter,0,/home/fwromano/Documents/Code/experiments/VectorManifold/data/raw/video/sim2/White.mp4,3122,52.033333,f23959d25c60c19aa58434f668819f497583ddc375346dc62d6b783765fca179
sim2_cropped/White/White_275.png,White,jeep,275,275,275,False,verified_source_pixels,source_video_counter,0,/home/fwromano/Documents/Code/experiments/VectorManifold/data/raw/video/sim2/White.mp4,3135,52.25,bc7f3541dabd5f47b8a51d9b9828a235f51e46ea60990924f5167d5dbdb71950
sim2_cropped/White/White_276.png,White,jeep,276,276,276,False,verified_source_pixels,source_video_counter,0,/home/fwromano/Documents/Code/experiments/VectorManifold/data/raw/video/sim2/White.mp4,3148,52.466678,8b0f3641ee7b126765608786ef11768e5b51fda2c5d02af9e9f8f9d26e2921f5
sim2_cropped/White/White_277.png,White,jeep,277,277,277,False,verified_source_pixels,source_video_counter,0,/home/fwromano/Documents/Code/experiments/VectorManifold/data/raw/video/sim2/White.mp4,3160,52.666678,ec1f90282ab0ac20f216447d634d12909a18fcdc788c575e52ad2c6f4c17a73c
sim2_cropped/White/White_278.png,White,jeep,273,273,278,True,verified_source_pixels,source_video_counter,0,/home/fwromano/Documents/Code/experiments/VectorManifold/data/raw/video/sim2/White.mp4,3117,51.95,13805fc2d30c635734e7cd421f2cdba1895fe3fc96b018958a77bd828fcde1de
sim2_cropped/White/White_279.png,White,jeep,279,279,279,False,verified_source_pixels,source_video_counter,0,/home/fwromano/Documents/Code/experiments/VectorManifold/data/raw/video/sim2/White.mp4,3185,53.083344,5d944e4177cf6e0cde4d58263960e7106dfab77c7314deddf59c9debb5f75139
sim2_cropped/White/White_280.png,White,jeep,280,280,280,False,verified_source_pixels,source_video_counter,0,/home/fwromano/Documents/Code/experiments/VectorManifold/data/raw/video/sim2/White.mp4,3191,53.183344,4f487d6f6a929909bd8f69486f1a0dcf572962005333db1baa3e6b2e7c857d48
sim2_cropped/White/White_281.png,White,jeep,281,281,281,False,verified_source_pixels,source_video_counter,0,/home/fwromano/Documents/Code/experiments/VectorManifold/data/raw/video/sim2/White.mp4,3204,53.400011,13427e48f1a5b642c209fdec3eb09f63f6bf013abc52f87d5a3c56a1db5e0c1c
sim2_cropped/White/White_282.png,White,jeep,282,282,282,False,verified_source_pixels,source_video_counter,0,/home/fwromano/Documents/Code/experiments/VectorManifold/data/raw/video/sim2/White.mp4,3217,53.616667,1ea644f6ab8a1e470d75c90c7fdc40d0d73c94b7781de4da3e24067fff9b2f0c
sim2_cropped/White/White_284.png,White,jeep,284,284,284,False,verified_source_pixels,source_video_counter,0,/home/fwromano/Documents/Code/experiments/VectorManifold/data/raw/video/sim2/White.mp4,3241,54.016678,2c207717afd7108cfb55695086114b77af1d5446066975051044771111b1f7d7
sim2_cropped/White/White_285.png,White,jeep,285,285,285,False,verified_source_pixels,source_video_counter,0,/home/fwromano/Documents/Code/experiments/VectorManifold/data/raw/video/sim2/White.mp4,3254,54.233333,3cbc39668d29baa74dde79c257de949cb76b2c545b5a09b4b98485f0cd0eb27b
sim2_cropped/White/White_286.png,White,jeep,286,286,286,False,verified_source_pixels,source_video_counter,0,/home/fwromano/Documents/Code/experiments/VectorManifold/data/raw/video/sim2/White.mp4,3267,54.45,ba270d70e9758f5259cb2055e38683cf1661a91b9b5579c853aa32f2c4659a8a
sim2_cropped/White/White_287.png,White,jeep,287,287,287,False,verified_source_pixels,source_video_counter,0,/home/fwromano/Documents/Code/experiments/VectorManifold/data/raw/video/sim2/White.mp4,3279,54.65,856ec72f312f8363f396d57b6bfaa2c0608286ea035ac0b7ba286a4659fec30c
sim2_cropped/White/White_288.png,White,jeep,283,283,288,True,verified_source_pixels,source_video_counter,0,/home/fwromano/Documents/Code/experiments/VectorManifold/data/raw/video/sim2/White.mp4,3228,53.800011,b53dbe55576fd1c944ba69e0030077e115723e5a616f4002e15416d101ddc2d4
sim2_cropped/White/White_289.png,White,jeep,239,239,289,True,verified_source_pixels,source_video_counter,0,/home/fwromano/Documents/Code/experiments/VectorManifold/data/raw/video/sim2/White.mp4,2710,45.166678,af1c38d06f0fd4b13f3deaa55196d78533e6f957d935891860df5b2910906ea7
sim2_cropped/White/White_290.png,White,jeep,290,290,290,False,verified_source_pixels,source_video_counter,0,/home/fwromano/Documents/Code/experiments/VectorManifold/data/raw/video/sim2/White.mp4,3317,55.283344,f0be65dee8cf56e26fc716cbe1692b88be122e29cde981406bbfc277790de7be
sim2_cropped/White/White_291.png,White,jeep,291,291,291,False,verified_source_pixels,source_video_counter,0,/home/fwromano/Documents/Code/experiments/VectorManifold/data/raw/video/sim2/White.mp4,3329,55.483344,f29b9ff6d77178cc0521206d2ea78cdfb4c30507238d390387cd318390268588
sim2_cropped/White/White_292.png,White,jeep,292,292,292,False,verified_source_pixels,source_video_counter,0,/home/fwromano/Documents/Code/experiments/VectorManifold/data/raw/video/sim2/White.mp4,3336,55.6,78782d3e38860c5bcfde97d522166d1d82d77cbf48905f43504ae6aaff90e2cb
sim2_cropped/White/White_293.png,White,jeep,293,293,293,False,verified_source_pixels,source_video_counter,0,/home/fwromano/Documents/Code/experiments/VectorManifold/data/raw/video/sim2/White.mp4,3348,55.8,af8686b980342047c6577d592822ec8dd44d92dff71c4e299f282f5527f8f61f
sim2_cropped/White/White_294.png,White,jeep,294,294,294,False,verified_source_pixels,source_video_counter,0,/home/fwromano/Documents/Code/experiments/VectorManifold/data/raw/video/sim2/White.mp4,3360,56.0,1267ebb6d0caa6adf5e312ee8cdd900e7acaba58349942808b5657eb417e9abd
sim2_cropped/White/White_295.png,White,jeep,295,295,295,False,verified_source_pixels,source_video_counter,0,/home/fwromano/Documents/Code/experiments/VectorManifold/data/raw/video/sim2/White.mp4,3373,56.216678,71357c02aeeab8a22a74dac03209c82cc428cc501d5c58f7ded0785be4ab3f73
sim2_cropped/White/White_296.png,White,jeep,296,296,296,False,verified_source_pixels,source_video_counter,0,/home/fwromano/Documents/Code/experiments/VectorManifold/data/raw/video/sim2/White.mp4,3386,56.433344,1bbe0c76e4e6e7a9e7f02ad4af0193d023c7244116b7c432509720f7329216f7
sim2_cropped/White/White_297.png,White,jeep,297,297,297,False,verified_source_pixels,source_video_counter,0,/home/fwromano/Documents/Code/experiments/VectorManifold/data/raw/video/sim2/White.mp4,3398,56.633344,b2510853eab119664a24cebcfb8dc58e871980f55ff40da6eb0c5b1c894fa78e
sim2_cropped/White/White_298.png,White,jeep,293,293,298,True,verified_source_pixels,source_video_counter,0,/home/fwromano/Documents/Code/experiments/VectorManifold/data/raw/video/sim2/White.mp4,3354,55.900011,e888bf3cd068ec2008cf16084b4c2c400619f9b3fdda23de6ca0697d696b7258
sim2_cropped/White/White_299.png,White,jeep,299,299,299,False,verified_source_pixels,source_video_counter,0,/home/fwromano/Documents/Code/experiments/VectorManifold/data/raw/video/sim2/White.mp4,3423,57.05,149c5d78153c67af84fd355db6439d213f05a4d419e8a489a750faae795e4c03
sim2_cropped/White/White_300.png,White,jeep,300,300,300,False,verified_source_pixels,source_video_counter,0,/home/fwromano/Documents/Code/experiments/VectorManifold/data/raw/video/sim2/White.mp4,3436,57.266678,4b89181019b511402aabe7c9e035dd1ad8cf864b10f36b8d8d3997af2c26b5a8
sim2_cropped/White/White_301.png,White,jeep,301,301,301,False,verified_source_pixels,source_video_counter,0,/home/fwromano/Documents/Code/experiments/VectorManifold/data/raw/video/sim2/White.mp4,3449,57.483344,68c3b8979be5df7ca5c812462f4f9cbacc5a3d4b31ff9f4e24c1fd3748c8d829
sim2_cropped/White/White_302.png,White,jeep,302,302,302,False,verified_source_pixels,source_video_counter,0,/home/fwromano/Documents/Code/experiments/VectorManifold/data/raw/video/sim2/White.mp4,3461,57.683344,25a8ed173796313aadc4a84e0fc9a167425ec383dd2214be6b335babd040ed38
sim2_cropped/White/White_303.png,White,jeep,303,303,303,False,verified_source_pixels,source_video_counter,0,/home/fwromano/Documents/Code/experiments/VectorManifold/data/raw/video/sim2/White.mp4,3473,57.883344,ef28a0625323cd4e6b4b0f6aaa5dd1f096351ffa3824291692db601b200725b8
sim2_cropped/White/White_304.png,White,jeep,304,304,304,False,verified_source_pixels,source_video_counter,0,/home/fwromano/Documents/Code/experiments/VectorManifold/data/raw/video/sim2/White.mp4,3479,57.983344,43111d79c7f488440ab42504a4f1c8d860743141f8e2597b86ec32766e30f368
sim2_cropped/White/White_305.png,White,jeep,305,305,305,False,verified_source_pixels,source_video_counter,0,/home/fwromano/Documents/Code/experiments/VectorManifold/data/raw/video/sim2/White.mp4,3492,58.2,737c3bc32db0b7c0ffe6865acb11ccc6af0390a6a5b03288ccc1d3b3d7e3812e
sim2_cropped/White/White_307.png,White,jeep,307,307,307,False,verified_source_pixels,source_video_counter,0,/home/fwromano/Documents/Code/experiments/VectorManifold/data/raw/video/sim2/White.mp4,3528,58.8,7e806ea249b84d95fda4d22d193dfad63a76369a975c1d48ce8ed9581bc1ba1a
sim2_cropped/White/White_308.png,White,jeep,308,308,308,False,verified_source_pixels,source_video_counter,0,/home/fwromano/Documents/Code/experiments/VectorManifold/data/raw/video/sim2/White.mp4,3529,58.816678,582ecadf57e7ff245ebc353ecb342d0d061fe54aad930aaf4b5b8b4cf6a230ce
sim2_cropped/White/White_309.png,White,jeep,309,309,309,False,verified_source_pixels,source_video_counter,0,/home/fwromano/Documents/Code/experiments/VectorManifold/data/raw/video/sim2/White.mp4,3541,59.016678,7cc7b16523c4e40c8311c07c586289c2970332f3985438aa8a1becf19873faf3
sim2_cropped/White/White_310.png,White,jeep,310,310,310,False,verified_source_pixels,source_video_counter,0,/home/fwromano/Documents/Code/experiments/VectorManifold/data/raw/video/sim2/White.mp4,3554,59.233344,c6be5d173e44a738c2f8335515fee0f8a50c9cc8792467af0945bc46a4032f0d
sim2_cropped/White/White_311.png,White,jeep,311,311,311,False,verified_source_pixels,source_video_counter,0,/home/fwromano/Documents/Code/experiments/VectorManifold/data/raw/video/sim2/White.mp4,3566,59.433344,1ae08500b0edc072bc4ca6144453f4808804d05c6c33772f9fbde410b320f6e7
sim2_cropped/White/White_312.png,White,jeep,312,312,312,False,verified_source_pixels,source_video_counter,0,/home/fwromano/Documents/Code/experiments/VectorManifold/data/raw/video/sim2/White.mp4,3578,59.633333,dec988f30999da44e72dbe96232b2623c0461e0beadb21f4d2ed9bed8eb289e0
sim2_cropped/White/White_314.png,White,jeep,314,314,314,False,verified_source_pixels,source_video_counter,0,/home/fwromano/Documents/Code/experiments/VectorManifold/data/raw/video/sim2/White.mp4,3604,60.066678,ef172f03823505fbb8817f9e7142e00a46d16759f702f761007ea8cfa4b1d977
sim2_cropped/White/White_315.png,White,jeep,315,315,315,False,verified_source_pixels,source_video_counter,0,/home/fwromano/Documents/Code/experiments/VectorManifold/data/raw/video/sim2/White.mp4,3616,60.266678,4be4bd24c0779c59ad2bf97405ce5d0f7ccb9cdb77e661370e012028a8af3ed5
sim2_cropped/White/White_316.png,White,jeep,316,316,316,False,verified_source_pixels,source_video_counter,0,/home/fwromano/Documents/Code/experiments/VectorManifold/data/raw/video/sim2/White.mp4,3629,60.483344,a983f11092d7e576578b2bc8fd5032d36290468fb82d9aedd4a9669e878de1aa
sim2_cropped/White/White_317.png,White,jeep,317,317,317,False,verified_source_pixels,source_video_counter,0,/home/fwromano/Documents/Code/experiments/VectorManifold/data/raw/video/sim2/White.mp4,3641,60.683344,215b3d0b2b525463a8859dcd5ef512ec96efb140e2471bdd4ebd9a237dbac892
sim2_cropped/White/White_318.png,White,jeep,313,313,318,True,verified_source_pixels,source_video_counter,0,/home/fwromano/Documents/Code/experiments/VectorManifold/data/raw/video/sim2/White.mp4,3597,59.95,7a5f6ff35471b7cb5f95f5760a862716b3f361ae8935fee13664f2949e4f7d77
sim2_cropped/White/White_319.png,White,jeep,319,319,319,False,verified_source_pixels,source_video_counter,0,/home/fwromano/Documents/Code/experiments/VectorManifold/data/raw/video/sim2/White.mp4,3660,61.000011,1fd177f1ba09a73f120423d4dfe9dfd04fdb115bdb456a537232a007c70ca9f0
sim2_cropped/White/White_320.png,White,jeep,320,320,320,False,verified_source_pixels,source_video_counter,0,/home/fwromano/Documents/Code/experiments/VectorManifold/data/raw/video/sim2/White.mp4,3673,61.216678,a9072e96aa7bfc51b8cb423477a32ccb15a3d3ac186b59f3532997ad73604a10
sim2_cropped/White/White_321.png,White,jeep,321,321,321,False,verified_source_pixels,source_video_counter,0,/home/fwromano/Documents/Code/experiments/VectorManifold/data/raw/video/sim2/White.mp4,3685,61.416678,fd35c78c6c7629e9d0730ba448b3c071ff6ec3d82e3806351aebcaf349513fdd
sim2_cropped/White/White_322.png,White,jeep,322,322,322,False,verified_source_pixels,source_video_counter,0,/home/fwromano/Documents/Code/experiments/VectorManifold/data/raw/video/sim2/White.mp4,3697,61.616678,52365e780e053fd91ad55323fda4ef068066f0563bf3842b8b4b10b73fb4d399
sim2_cropped/White/White_323.png,White,jeep,323,323,323,False,verified_source_pixels,source_video_counter,0,/home/fwromano/Documents/Code/experiments/VectorManifold/data/raw/video/sim2/White.mp4,3710,61.833333,79cfe4211ff62179dea2010405b5aef4f8536949a77e09f4773162c9cc1c2286
sim2_cropped/White/White_324.png,White,jeep,324,324,324,False,verified_source_pixels,source_video_counter,0,/home/fwromano/Documents/Code/experiments/VectorManifold/data/raw/video/sim2/White.mp4,3723,62.05,6bc489234027fef129847c5c72dfea2f889e8f10c931abae6405517785e008f6
sim2_cropped/White/White_325.png,White,jeep,325,325,325,False,verified_source_pixels,source_video_counter,0,/home/fwromano/Documents/Code/experiments/VectorManifold/data/raw/video/sim2/White.mp4,3735,62.25,5d7867e6927747bb478190c499c25ded818915591d10d0eeac59908ea0aa32c4
sim2_cropped/White/White_326.png,White,jeep,326,326,326,False,verified_source_pixels,source_video_counter,0,/home/fwromano/Documents/Code/experiments/VectorManifold/data/raw/video/sim2/White.mp4,3748,62.466678,292ef9d2970f951cb9d0bfb1bb0705957c82f7bd6cacdaab57d33da94f0f0539
sim2_cropped/White/White_327.png,White,jeep,327,327,327,False,verified_source_pixels,source_video_counter,0,/home/fwromano/Documents/Code/experiments/VectorManifold/data/raw/video/sim2/White.mp4,3761,62.683344,07bae15179181fe2422182e9b22cf0fc00a05b5478b625d271a8601365020fe7
sim2_cropped/White/White_328.png,White,jeep,323,323,328,True,verified_source_pixels,source_video_counter,0,/home/fwromano/Documents/Code/experiments/VectorManifold/data/raw/video/sim2/White.mp4,3716,61.933344,77847ce54758303162a3d75a663feb7d5b6b98b05ad002a62df40e71b205715f
sim2_cropped/White/White_344.png,White,jeep,344,344,344,False,verified_source_pixels,source_video_counter,0,/home/fwromano/Documents/Code/experiments/VectorManifold/data/raw/video/sim2/White.mp4,3966,66.100011,e7ec1cc22158332e16f3a52bdc3ba5dda9158a92641483fe90f05d5772dbd715
sim2_cropped/White/White_345.png,White,jeep,345,345,345,False,verified_source_pixels,source_video_counter,0,/home/fwromano/Documents/Code/experiments/VectorManifold/data/raw/video/sim2/White.mp4,3972,66.2,663a23f012148ed7a5af4319d5dac19b48ecc418eb89700068663366c65ae159
sim2_cropped/White/White_346.png,White,jeep,346,346,346,False,verified_source_pixels,source_video_counter,0,/home/fwromano/Documents/Code/experiments/VectorManifold/data/raw/video/sim2/White.mp4,3985,66.416678,25e9357715e11ac10482e478b976f84c17d0c4ffcb946b2bf9d8fb57a64889f8
sim2_cropped/White/White_347.png,White,jeep,347,347,347,False,verified_source_pixels,source_video_counter,0,/home/fwromano/Documents/Code/experiments/VectorManifold/data/raw/video/sim2/White.mp4,3997,66.616678,38cb5bab02199ba6ca9d9fe193014c7b244cfe41a16fa4a1c772da2bc892f501
sim2_cropped/White/White_348.png,White,jeep,348,348,348,False,verified_source_pixels,source_video_counter,0,/home/fwromano/Documents/Code/experiments/VectorManifold/data/raw/video/sim2/White.mp4,4010,66.833344,053a454fdfcbcf7ae2eb66b5c1b6634ee520514e8b963fe7290a1892c358c55e
sim2_cropped/White/White_349.png,White,jeep,349,349,349,False,verified_source_pixels,source_video_counter,0,/home/fwromano/Documents/Code/experiments/VectorManifold/data/raw/video/sim2/White.mp4,4022,67.033344,98eeaa6f9eb362d8d9a735a1bc82fc4948a164625f8f50f426eba792e2246b9f
sim2_cropped/White/White_350.png,White,jeep,350,350,350,False,verified_source_pixels,source_video_counter,0,/home/fwromano/Documents/Code/experiments/VectorManifold/data/raw/video/sim2/White.mp4,4034,67.233344,ee60e6601afc357aa8889d71841c4860c3924b41e76f3f61aa8b45a8dff91577
sim2_cropped/White/White_351.png,White,jeep,351,351,351,False,verified_source_pixels,source_video_counter,0,/home/fwromano/Documents/Code/experiments/VectorManifold/data/raw/video/sim2/White.mp4,4047,67.45,a8efae31f03875629d702745726ddecd2e2e76eb7064e2c97f4a2df226e2c18c
sim2_cropped/White/White_352.png,White,jeep,352,352,352,False,verified_source_pixels,source_video_counter,0,/home/fwromano/Documents/Code/experiments/VectorManifold/data/raw/video/sim2/White.mp4,4059,67.65,63e8ab5695a9c89cc38ac072f09ac3518ed2be7b8ed6d06a2568a236c93ef230
sim2_cropped/White/White_805.png,White,jeep,305,305,805,True,verified_source_pixels,source_video_counter,0,/home/fwromano/Documents/Code/experiments/VectorManifold/data/raw/video/sim2/White.mp4,3500,58.333333,2be9d779646a60bc36fdeb39cf466d9ec92b0aa9af5c75a6ca619eade97b4a18
sim2_cropped/White/White_806.png,White,jeep,306,306,806,True,verified_source_pixels,source_video_counter,0,/home/fwromano/Documents/Code/experiments/VectorManifold/data/raw/video/sim2/White.mp4,3504,58.4,0ec8bb85d5925400cd1a251b029102dad6676f7ef3a570197548a1ebf3d8b9ef
sim2_cropped/White/White_807.png,White,jeep,307,307,807,True,verified_source_pixels,source_video_counter,0,/home/fwromano/Documents/Code/experiments/VectorManifold/data/raw/video/sim2/White.mp4,3517,58.616678,d387c016a388ef2413b68ea312e1eb4e517f89a82e246bd037d53e4fe78246f1
sim2_cropped/White/White_812.png,White,jeep,312,312,812,True,verified_source_pixels,source_video_counter,0,/home/fwromano/Documents/Code/experiments/VectorManifold/data/raw/video/sim2/White.mp4,3590,59.833333,f8348ca5a9e9b4da84bec8b7ab2ce62441bd2ac8ef63e732a259c54edf787a77
sim2_cropped/White/White_813.png,White,jeep,313,313,813,True,verified_source_pixels,source_video_counter,0,/home/fwromano/Documents/Code/experiments/VectorManifold/data/raw/video/sim2/White.mp4,3591,59.85,29a8f25eaeae5e586a25f32815536e9e834ff94e2700dbd285ecd28ea5dcfa29
sim2_cropped/White/White_829.png,White,jeep,329,329,829,True,verified_source_pixels,source_video_counter,0,/home/fwromano/Documents/Code/experiments/VectorManifold/data/raw/video/sim2/White.mp4,3780,63.000011,cb0652fcb465520530d9387ebabacbbe3b0c3dff5d97937991e21de4e760785f
sim2_cropped/White/White_830.png,White,jeep,330,330,830,True,verified_source_pixels,source_video_counter,0,/home/fwromano/Documents/Code/experiments/VectorManifold/data/raw/video/sim2/White.mp4,3792,63.200011,26000b9e568a0267776b5c1903c4e2a73ebfb0a5ab2d998b913b09fb7f2a08f1
sim2_cropped/White/White_831.png,White,jeep,331,331,831,True,verified_source_pixels,source_video_counter,0,/home/fwromano/Documents/Code/experiments/VectorManifold/data/raw/video/sim2/White.mp4,3805,63.416678,b869358efc366e879cd066853f0ce9d4f846fae4090e2b733938439ab6c02515
sim2_cropped/White/White_832.png,White,jeep,332,332,832,True,verified_source_pixels,source_video_counter,0,/home/fwromano/Documents/Code/experiments/VectorManifold/data/raw/video/sim2/White.mp4,3817,63.616678,a39e763a514f1a0fdf0767d038206141528160ec4d541cc92d4cdd7822f72df4
sim2_cropped/White/White_833.png,White,jeep,333,333,833,True,verified_source_pixels,source_video_counter,0,/home/fwromano/Documents/Code/experiments/VectorManifold/data/raw/video/sim2/White.mp4,3830,63.833344,c2560498d55392c97050f4d116fcbeffdb966d9ac02b9978639ba63ee8fec3c5
sim2_cropped/White/White_834.png,White,jeep,334,334,834,True,verified_source_pixels,source_video_counter,0,/home/fwromano/Documents/Code/experiments/VectorManifold/data/raw/video/sim2/White.mp4,3842,64.033344,93647537d62cf7a999181116044bbe8e7464eafa777f3bc4189a7518acf51107
sim2_cropped/White/White_835.png,White,jeep,335,335,835,True,verified_source_pixels,source_video_counter,0,/home/fwromano/Documents/Code/experiments/VectorManifold/data/raw/video/sim2/White.mp4,3855,64.250011,96f1a71e768f449b988f022cd29c16b49dd02381f2904a1ecf1b411fad7a5002
sim2_cropped/White/White_836.png,White,jeep,336,336,836,True,verified_source_pixels,source_video_counter,0,/home/fwromano/Documents/Code/experiments/VectorManifold/data/raw/video/sim2/White.mp4,3867,64.450011,7eecbe1a9ce9bb2e71b3c9785620193ae26ccb1fd645b2315a7defa1a649f87e
sim2_cropped/White/White_837.png,White,jeep,337,337,837,True,verified_source_pixels,source_video_counter,0,/home/fwromano/Documents/Code/experiments/VectorManifold/data/raw/video/sim2/White.mp4,3879,64.65,7d33169cce92f4118c7309910206ce8466a96e5479dca17433b886ad449639b9
sim2_cropped/White/White_838.png,White,jeep,333,333,838,True,verified_source_pixels,source_video_counter,0,/home/fwromano/Documents/Code/experiments/VectorManifold/data/raw/video/sim2/White.mp4,3835,63.916667,5f0c53d3556acb443b6fa3bf34c85ac29abd2d773ea60c5821af7c33c155ff47
sim2_cropped/White/White_839.png,White,jeep,339,339,839,True,verified_source_pixels,source_video_counter,0,/home/fwromano/Documents/Code/experiments/VectorManifold/data/raw/video/sim2/White.mp4,3904,65.066678,ee0cb58f0404b87cfc4d055902fc2a6a0f262b1429866aff2565dd578987ab9c
sim2_cropped/White/White_840.png,White,jeep,340,340,840,True,verified_source_pixels,source_video_counter,0,/home/fwromano/Documents/Code/experiments/VectorManifold/data/raw/video/sim2/White.mp4,3916,65.266678,efd9e0dd380ce37735ebf42c9130660bf1abee9f1b9e2a922f3cd01bef28fecc
sim2_cropped/White/White_841.png,White,jeep,341,341,841,True,verified_source_pixels,source_video_counter,0,/home/fwromano/Documents/Code/experiments/VectorManifold/data/raw/video/sim2/White.mp4,3929,65.483344,8eebf138017367bfde0c108d20d789bf5702f4795083635c28f27048e0a69e43
sim2_cropped/White/White_842.png,White,jeep,342,342,842,True,verified_source_pixels,source_video_counter,0,/home/fwromano/Documents/Code/experiments/VectorManifold/data/raw/video/sim2/White.mp4,3935,65.583333,b47014d7cbc5e289c5a4032ac5e831d738ab0f751a264d9731b7790f013bfadc
sim2_cropped/White/White_843.png,White,jeep,343,343,843,True,verified_source_pixels,source_video_counter,0,/home/fwromano/Documents/Code/experiments/VectorManifold/data/raw/video/sim2/White.mp4,3948,65.8,0ff853285a6404323f1134cf18a7bb81cca1cc6ee576ca23fdc5ff6b51a6e266
sim2_cropped/White/White_844.png,White,jeep,344,344,844,True,verified_source_pixels,source_video_counter,0,/home/fwromano/Documents/Code/experiments/VectorManifold/data/raw/video/sim2/White.mp4,3960,66.000011,309e3ff88f6766a6aa9aca1938b823e8d7ddae237bf88ffcccd9000369e86b2f
sim2_cropped/White/White_852.png,White,jeep,352,352,852,True,verified_source_pixels,source_video_counter,0,/home/fwromano/Documents/Code/experiments/VectorManifold/data/raw/video/sim2/White.mp4,4065,67.75,54cf1767e7aa3e41fd1f931605c6bf23d1e52e02169fc3ab308b6f1b50ae8a31
sim2_cropped/White/White_853.png,White,jeep,353,353,853,True,verified_source_pixels,source_video_counter,0,/home/fwromano/Documents/Code/experiments/VectorManifold/data/raw/video/sim2/White.mp4,4071,67.850011,e78fa57b9d270e7d44d6b226543e9ce509b494ecdd0d7e70eac340d97ee82dce
sim2_cropped/White/White_854.png,White,jeep,354,354,854,True,verified_source_pixels,source_video_counter,0,/home/fwromano/Documents/Code/experiments/VectorManifold/data/raw/video/sim2/White.mp4,4084,68.066678,8e8e3fa453a2d69727859705372ecde093e323aa4b14584e492acd93b6f96fd1
sim2_cropped/White/White_855.png,White,jeep,355,355,855,True,verified_source_pixels,source_video_counter,0,/home/fwromano/Documents/Code/experiments/VectorManifold/data/raw/video/sim2/White.mp4,4095,68.25,07254455a89b9964e45c11879a69767131dde0677983d9a588619afb3cf01901
sim2_cropped/White/White_858.png,White,jeep,353,353,858,True,verified_source_pixels,source_video_counter,0,/home/fwromano/Documents/Code/experiments/VectorManifold/data/raw/video/sim2/White.mp4,4077,67.95,0409715a5e5f4036368f0293b81525bf72c9b8131a8f1b0c78dafaf491b41165
sim2_cropped/White/White_889.png,White,jeep,339,339,889,True,verified_source_pixels,source_video_counter,0,/home/fwromano/Documents/Code/experiments/VectorManifold/data/raw/video/sim2/White.mp4,3910,65.166678,25e6dabdf98eed0bfc24c861a4fd65c585c10231f85a4034ad27d86e82b9a221
sim2_cropped/White/White_990.png,White,jeep,99,,990,True,verified_source_pixels,counter_artifact_review,1,/home/fwromano/Documents/Code/experiments/VectorManifold/data/raw/video/sim2/White.mp4,1028,17.133333,714d729b43778e768b655e82d15132e8f0dd843b137ce04f7a0c69415f7c1475
sim2_cropped/Wolf2/Wolf2_011.png,Wolf2,wolf2,11,11,11,False,verified_source_pixels,source_video_counter,0,/home/fwromano/Documents/Code/experiments/VectorManifold/data/raw/video/sim2/Wolf2.mp4,0,0.0,52f71b0ccd1cb7a7d2dc6a023bc8b7e5cf6753fe6334b0bd85a590efc635d503
sim2_cropped/Wolf2/Wolf2_012.png,Wolf2,wolf2,12,12,12,False,verified_source_pixels,source_video_counter,0,/home/fwromano/Documents/Code/experiments/VectorManifold/data/raw/video/sim2/Wolf2.mp4,10,0.166666,a57a7aad5983d4a3fd0b2fb9104da387fd36971549680ee2cb2b8c9ae362a796
sim2_cropped/Wolf2/Wolf2_014.png,Wolf2,wolf2,14,14,14,False,verified_source_pixels,source_video_counter,0,/home/fwromano/Documents/Code/experiments/VectorManifold/data/raw/video/sim2/Wolf2.mp4,28,0.466667,467fded47b5239d5aec7f18ce1c85f68b57a2b4a48453b6d18a5ad436156280b
sim2_cropped/Wolf2/Wolf2_015.png,Wolf2,wolf2,15,15,15,False,verified_source_pixels,source_video_counter,0,/home/fwromano/Documents/Code/experiments/VectorManifold/data/raw/video/sim2/Wolf2.mp4,40,0.666667,3680fdff3fd2a2781942b2b945d5a6751fbadf5cec3e6fbbb23aef16edd787df
sim2_cropped/Wolf2/Wolf2_016.png,Wolf2,wolf2,16,16,16,False,verified_source_pixels,source_video_counter,0,/home/fwromano/Documents/Code/experiments/VectorManifold/data/raw/video/sim2/Wolf2.mp4,50,0.833333,51328f0ada875b73d2e8814beee4bba67ca50480ed16578098be675f524a01c1
sim2_cropped/Wolf2/Wolf2_017.png,Wolf2,wolf2,17,17,17,False,verified_source_pixels,source_video_counter,0,/home/fwromano/Documents/Code/experiments/VectorManifold/data/raw/video/sim2/Wolf2.mp4,67,1.116666,4c20fc10b7f2a7f079d37b5c6e88709606f303280c5088b7ab5c3e17bbefd8ff
sim2_cropped/Wolf2/Wolf2_018.png,Wolf2,wolf2,13,13,18,True,verified_source_pixels,source_video_counter,0,/home/fwromano/Documents/Code/experiments/VectorManifold/data/raw/video/sim2/Wolf2.mp4,17,0.283333,9d503a5f64aa3d0366609529f942c66b663f203722178e1f6c4fe9150db2caef
sim2_cropped/Wolf2/Wolf2_019.png,Wolf2,wolf2,19,19,19,False,verified_source_pixels,source_video_counter,0,/home/fwromano/Documents/Code/experiments/VectorManifold/data/raw/video/sim2/Wolf2.mp4,88,1.466666,f6b4f88fbd55f136fee302491c76af810d609cad0b682bbc5eeae2a1779f9bf4
sim2_cropped/Wolf2/Wolf2_020.png,Wolf2,wolf2,20,20,20,False,verified_source_pixels,source_video_counter,0,/home/fwromano/Documents/Code/experiments/VectorManifold/data/raw/video/sim2/Wolf2.mp4,98,1.633333,dfcb6330c888095f23202436f07e43f2818cc4401f1f7761b80688e48a92cff1
sim2_cropped/Wolf2/Wolf2_021.png,Wolf2,wolf2,21,21,21,False,verified_source_pixels,source_video_counter,0,/home/fwromano/Documents/Code/experiments/VectorManifold/data/raw/video/sim2/Wolf2.mp4,115,1.916666,11d36a011ca4c0125a792dc0d61fb71875d60ba05e1e923bace3b7a93e6a89bc
sim2_cropped/Wolf2/Wolf2_022.png,Wolf2,wolf2,22,22,22,False,verified_source_pixels,source_video_counter,0,/home/fwromano/Documents/Code/experiments/VectorManifold/data/raw/video/sim2/Wolf2.mp4,126,2.1,439391a1d2a407f046a1b42dc30eb643f355e17cd791033d7c184de6b15e0823
sim2_cropped/Wolf2/Wolf2_024.png,Wolf2,wolf2,24,24,24,False,verified_source_pixels,source_video_counter,0,/home/fwromano/Documents/Code/experiments/VectorManifold/data/raw/video/sim2/Wolf2.mp4,148,2.466666,2c68bf0ba238949f67d1ccdd43485e458e335811d226522a731787e3606e9376
sim2_cropped/Wolf2/Wolf2_025.png,Wolf2,wolf2,25,25,25,False,verified_source_pixels,source_video_counter,0,/home/fwromano/Documents/Code/experiments/VectorManifold/data/raw/video/sim2/Wolf2.mp4,159,2.65,463da50bb62440e1f6bd1e00a39153b85cee653d8b3bd60df8909b7a4e24f13a
sim2_cropped/Wolf2/Wolf2_026.png,Wolf2,wolf2,26,26,26,False,verified_source_pixels,source_video_counter,0,/home/fwromano/Documents/Code/experiments/VectorManifold/data/raw/video/sim2/Wolf2.mp4,180,2.999999,4462b8c2c7a4dc8bf2678742fe4477456cbb2b467d9b7d2c434f34f392022e23
sim2_cropped/Wolf2/Wolf2_027.png,Wolf2,wolf2,27,27,27,False,verified_source_pixels,source_video_counter,0,/home/fwromano/Documents/Code/experiments/VectorManifold/data/raw/video/sim2/Wolf2.mp4,190,3.166667,ceb1e6fa6c1a459f122fc11ccd7ac4c0e63125ea9e2a975f49941473c9a85ac9
sim2_cropped/Wolf2/Wolf2_028.png,Wolf2,wolf2,23,23,28,True,verified_source_pixels,source_video_counter,0,/home/fwromano/Documents/Code/experiments/VectorManifold/data/raw/video/sim2/Wolf2.mp4,132,2.199999,4d9960210e2f013378dad9894c4b84ebb4a22e4386e1a31d82b57de48b401924
sim2_cropped/Wolf2/Wolf2_040.png,Wolf2,wolf2,40,40,40,False,verified_source_pixels,source_video_counter,0,/home/fwromano/Documents/Code/experiments/VectorManifold/data/raw/video/sim2/Wolf2.mp4,341,5.683333,15b04d64d7b50102207633b00154c683d1429eef9d861c90e2022a6d49ead8dd
sim2_cropped/Wolf2/Wolf2_041.png,Wolf2,wolf2,41,41,41,False,verified_source_pixels,source_video_counter,0,/home/fwromano/Documents/Code/experiments/VectorManifold/data/raw/video/sim2/Wolf2.mp4,353,5.883333,2ec922afdabaf7196d84d61f79f039cf41face8493d16434bd5bdb1e5e85eb2c
sim2_cropped/Wolf2/Wolf2_042.png,Wolf2,wolf2,42,42,42,False,verified_source_pixels,source_video_counter,0,/home/fwromano/Documents/Code/experiments/VectorManifold/data/raw/video/sim2/Wolf2.mp4,367,6.116666,664a8ed292e92b91083e4120078d7647710ea0495d90f883713040304abbc29c
sim2_cropped/Wolf2/Wolf2_044.png,Wolf2,wolf2,44,44,44,False,verified_source_pixels,source_video_counter,0,/home/fwromano/Documents/Code/experiments/VectorManifold/data/raw/video/sim2/Wolf2.mp4,383,6.383333,0ff3bbc74ecec38299fc85e20b899cd9b5bbfe8341b725a2428883291c704159
sim2_cropped/Wolf2/Wolf2_045.png,Wolf2,wolf2,45,45,45,False,verified_source_pixels,source_video_counter,0,/home/fwromano/Documents/Code/experiments/VectorManifold/data/raw/video/sim2/Wolf2.mp4,404,6.733333,ad13cc4d52a3d81fd29e6d3653a32d74cb9f20905a458fda94acffd44ab4e1c6
sim2_cropped/Wolf2/Wolf2_046.png,Wolf2,wolf2,46,46,46,False,verified_source_pixels,source_video_counter,0,/home/fwromano/Documents/Code/experiments/VectorManifold/data/raw/video/sim2/Wolf2.mp4,415,6.916666,5357da4110465133d62e35879ce43b3342a7296af69a2c933395dc6c56819ad3
sim2_cropped/Wolf2/Wolf2_047.png,Wolf2,wolf2,47,47,47,False,verified_source_pixels,source_video_counter,0,/home/fwromano/Documents/Code/experiments/VectorManifold/data/raw/video/sim2/Wolf2.mp4,426,7.099999,fa87686c9fdff59ada1c9dab6da43017a6f90fb3053b88cbfb8d331350dba3cd
sim2_cropped/Wolf2/Wolf2_048.png,Wolf2,wolf2,48,48,48,False,verified_source_pixels,source_video_counter,0,/home/fwromano/Documents/Code/experiments/VectorManifold/data/raw/video/sim2/Wolf2.mp4,431,7.183333,eef971f607d5256882967e1b53b2d3fbcbd2f33dbdd9b9a038ee0a23020b02ec
sim2_cropped/Wolf2/Wolf2_049.png,Wolf2,wolf2,49,49,49,False,verified_source_pixels,source_video_counter,0,/home/fwromano/Documents/Code/experiments/VectorManifold/data/raw/video/sim2/Wolf2.mp4,447,7.45,7aed0592729dc97d24e55cfd4c3231cbb7889a35aec1da93793b89bab5c10d1b
sim2_cropped/Wolf2/Wolf2_050.png,Wolf2,wolf2,50,50,50,False,verified_source_pixels,source_video_counter,0,/home/fwromano/Documents/Code/experiments/VectorManifold/data/raw/video/sim2/Wolf2.mp4,459,7.65,fd2d8e1410fb640502393f8e5d25097cd8a204bb266ec270d1d66a3577821b4b
sim2_cropped/Wolf2/Wolf2_051.png,Wolf2,wolf2,51,51,51,False,verified_source_pixels,source_video_counter,0,/home/fwromano/Documents/Code/experiments/VectorManifold/data/raw/video/sim2/Wolf2.mp4,477,7.95,56e4f391e15439d58db680faab7a2f6e8623cdfe114c8a71a8e09a4d6ea2f5be
sim2_cropped/Wolf2/Wolf2_052.png,Wolf2,wolf2,52,52,52,False,verified_source_pixels,source_video_counter,0,/home/fwromano/Documents/Code/experiments/VectorManifold/data/raw/video/sim2/Wolf2.mp4,489,8.15,e397d0b80b83f2a9abea441ec4f2b8210494ea26e5c6671fecd91186b357608e
sim2_cropped/Wolf2/Wolf2_054.png,Wolf2,wolf2,54,54,54,False,verified_source_pixels,source_video_counter,0,/home/fwromano/Documents/Code/experiments/VectorManifold/data/raw/video/sim2/Wolf2.mp4,505,8.416666,ae2ae5f16e7bc3a6459478489e28f69950cfdbde5272b3cfb90f2c3cab3c8a21
sim2_cropped/Wolf2/Wolf2_055.png,Wolf2,wolf2,55,55,55,False,verified_source_pixels,source_video_counter,0,/home/fwromano/Documents/Code/experiments/VectorManifold/data/raw/video/sim2/Wolf2.mp4,517,8.616666,a888c2d7c3151e74287d86fa33de2e26d079c0c09b938a1d2631736c2c0a76ef
sim2_cropped/Wolf2/Wolf2_056.png,Wolf2,wolf2,56,56,56,False,verified_source_pixels,source_video_counter,0,/home/fwromano/Documents/Code/experiments/VectorManifold/data/raw/video/sim2/Wolf2.mp4,530,8.833333,e61d043b022575865af27f090ec6d1d373b98dc89e721ffa278a56b8dfddb816
sim2_cropped/Wolf2/Wolf2_057.png,Wolf2,wolf2,57,57,57,False,verified_source_pixels,source_video_counter,0,/home/fwromano/Documents/Code/experiments/VectorManifold/data/raw/video/sim2/Wolf2.mp4,542,9.033333,9a9b4167ffe471dad709850af2814ccfead1cf33146b99827715d15a481db7ba
sim2_cropped/Wolf2/Wolf2_058.png,Wolf2,wolf2,53,53,58,True,verified_source_pixels,source_video_counter,0,/home/fwromano/Documents/Code/experiments/VectorManifold/data/raw/video/sim2/Wolf2.mp4,499,8.316666,86e9b36e16343b400b862e26ee8e480831e2e7c80f58dc045ff92db0c0d66005
sim2_cropped/Wolf2/Wolf2_059.png,Wolf2,wolf2,59,59,59,False,verified_source_pixels,source_video_counter,0,/home/fwromano/Documents/Code/experiments/VectorManifold/data/raw/video/sim2/Wolf2.mp4,569,9.483333,4010764450f9dc071ff6e749d039910504084cd59440808a4be2fab7e2b17242
sim2_cropped/Wolf2/Wolf2_060.png,Wolf2,wolf2,60,60,60,False,verified_source_pixels,source_video_counter,0,/home/fwromano/Documents/Code/experiments/VectorManifold/data/raw/video/sim2/Wolf2.mp4,581,9.683333,fced2386af5c8ce943cd30a32f12a93c9e7611ccea2e7e4db2189edd74d85066
sim2_cropped/Wolf2/Wolf2_061.png,Wolf2,wolf2,61,61,61,False,verified_source_pixels,source_video_counter,0,/home/fwromano/Documents/Code/experiments/VectorManifold/data/raw/video/sim2/Wolf2.mp4,592,9.866666,c91b82465e628ddca93b2e6d81ed4362a295d44a03167b644649c5f737eb514d
sim2_cropped/Wolf2/Wolf2_062.png,Wolf2,wolf2,62,62,62,False,verified_source_pixels,source_video_counter,0,/home/fwromano/Documents/Code/experiments/VectorManifold/data/raw/video/sim2/Wolf2.mp4,602,10.033333,9959ceab04dfa411e8f7c553f254ea380d5952b4afdf89aa9e9e84c461a6768b
sim2_cropped/Wolf2/Wolf2_064.png,Wolf2,wolf2,64,64,64,False,verified_source_pixels,source_video_counter,0,/home/fwromano/Documents/Code/experiments/VectorManifold/data/raw/video/sim2/Wolf2.mp4,626,10.433333,b5bbd4d99966ec38a2e834aa6cc81cd85b2fb5909b812de720405bc09a595168
sim2_cropped/Wolf2/Wolf2_065.png,Wolf2,wolf2,65,65,65,False,verified_source_pixels,source_video_counter,0,/home/fwromano/Documents/Code/experiments/VectorManifold/data/raw/video/sim2/Wolf2.mp4,643,10.716666,2eac83c189b8f69422d7b1685842f4d4e152ebdbcc4e06a0dbe95277bb9c5388
sim2_cropped/Wolf2/Wolf2_066.png,Wolf2,wolf2,66,66,66,False,verified_source_pixels,source_video_counter,0,/home/fwromano/Documents/Code/experiments/VectorManifold/data/raw/video/sim2/Wolf2.mp4,649,10.816666,07c816ecbad59cfbf3cc4a3c3cfa0f94ef106874c92699e089f920e0ac4f8758
sim2_cropped/Wolf2/Wolf2_067.png,Wolf2,wolf2,67,67,67,False,verified_source_pixels,source_video_counter,0,/home/fwromano/Documents/Code/experiments/VectorManifold/data/raw/video/sim2/Wolf2.mp4,663,11.05,6882cc7cdecb43e553098033f2d8cb0154e4000659999f8e73e99c48fc472ff6
sim2_cropped/Wolf2/Wolf2_068.png,Wolf2,wolf2,63,63,68,True,verified_source_pixels,source_video_counter,0,/home/fwromano/Documents/Code/experiments/VectorManifold/data/raw/video/sim2/Wolf2.mp4,619,10.316666,c53f029fb3a6cd594d0eb87b1121ef7e4c2fe984d05bedfc246c25976703ab21
sim2_cropped/Wolf2/Wolf2_069.png,Wolf2,wolf2,69,69,69,False,verified_source_pixels,source_video_counter,0,/home/fwromano/Documents/Code/experiments/VectorManifold/data/raw/video/sim2/Wolf2.mp4,685,11.416666,fc69deb08483a8f27d81c965c6d43f9c4e1a1db9d50d36e2e1249a6b227a4669
sim2_cropped/Wolf2/Wolf2_070.png,Wolf2,wolf2,70,70,70,False,verified_source_pixels,source_video_counter,0,/home/fwromano/Documents/Code/experiments/VectorManifold/data/raw/video/sim2/Wolf2.mp4,702,11.7,625b4cab153a3d76c7471cc61c9c28a1296e1822b78d7bca176d59f76e6cecac
sim2_cropped/Wolf2/Wolf2_071.png,Wolf2,wolf2,71,71,71,False,verified_source_pixels,source_video_counter,0,/home/fwromano/Documents/Code/experiments/VectorManifold/data/raw/video/sim2/Wolf2.mp4,715,11.916666,6975e47c84525eb64654a089ee5f74bd419b95da19c761468783bc9b9341e471
sim2_cropped/Wolf2/Wolf2_072.png,Wolf2,wolf2,72,72,72,False,verified_source_pixels,source_video_counter,0,/home/fwromano/Documents/Code/experiments/VectorManifold/data/raw/video/sim2/Wolf2.mp4,726,12.1,e46cda5c4137e671deee6e4e6dcdcdb960bce0b46f625227a1c49cf34c99741d
sim2_cropped/Wolf2/Wolf2_074.png,Wolf2,wolf2,74,74,74,False,verified_source_pixels,source_video_counter,0,/home/fwromano/Documents/Code/experiments/VectorManifold/data/raw/video/sim2/Wolf2.mp4,755,12.583333,8b32810ec16a83ad02df052283c52af1b864f29cdfb53e5fff751d2092d3841e
sim2_cropped/Wolf2/Wolf2_075.png,Wolf2,wolf2,75,75,75,False,verified_source_pixels,source_video_counter,0,/home/fwromano/Documents/Code/experiments/VectorManifold/data/raw/video/sim2/Wolf2.mp4,760,12.666666,5c60562b2ec27367a5c82f933442ce707d609f660a3f84a40c43aab2298ca6f7
sim2_cropped/Wolf2/Wolf2_076.png,Wolf2,wolf2,76,76,76,False,verified_source_pixels,source_video_counter,0,/home/fwromano/Documents/Code/experiments/VectorManifold/data/raw/video/sim2/Wolf2.mp4,777,12.95,fb041b03e128785f330e809f2306c55e185dfd743970358d884ff1c5aec6bc70
sim2_cropped/Wolf2/Wolf2_077.png,Wolf2,wolf2,77,77,77,False,verified_source_pixels,source_video_counter,0,/home/fwromano/Documents/Code/experiments/VectorManifold/data/raw/video/sim2/Wolf2.mp4,788,13.133333,e095c40c2513e9ad966000b69bb501eff3c2efd3caac459a16e2d9d3d9d1d5dd
sim2_cropped/Wolf2/Wolf2_078.png,Wolf2,wolf2,73,73,78,True,verified_source_pixels,source_video_counter,0,/home/fwromano/Documents/Code/experiments/VectorManifold/data/raw/video/sim2/Wolf2.mp4,732,12.199999,158d7176585c496bea835e303b8dc84f4a02692b7430a6b8c8095bdea1d31316
sim2_cropped/Wolf2/Wolf2_079.png,Wolf2,wolf2,79,79,79,False,verified_source_pixels,source_video_counter,0,/home/fwromano/Documents/Code/experiments/VectorManifold/data/raw/video/sim2/Wolf2.mp4,814,13.566667,73e1842f0271503f016abf31c0017a471ad08bd4074fa3dffb028a0c5ed9d1de
sim2_cropped/Wolf2/Wolf2_080.png,Wolf2,wolf2,30,30,80,True,verified_source_pixels,source_video_counter,0,/home/fwromano/Documents/Code/experiments/VectorManifold/data/raw/video/sim2/Wolf2.mp4,214,3.566667,8aa84978388c9928ea1be6597943e63a9ec0f1d3af6c54d6016ca82e211cba94
sim2_cropped/Wolf2/Wolf2_081.png,Wolf2,wolf2,31,31,81,True,verified_source_pixels,source_video_counter,0,/home/fwromano/Documents/Code/experiments/VectorManifold/data/raw/video/sim2/Wolf2.mp4,236,3.933333,9d512a7f515e3a643d7965a9d3ccfcbea8503a25637bc53a3ffa534c34778203
sim2_cropped/Wolf2/Wolf2_082.png,Wolf2,wolf2,82,82,82,False,verified_source_pixels,source_video_counter,0,/home/fwromano/Documents/Code/experiments/VectorManifold/data/raw/video/sim2/Wolf2.mp4,848,14.133333,f3fe2b997f9a8e2ff624f18577318f828666c63a1bb8ba04fbe52cf3c060122b
sim2_cropped/Wolf2/Wolf2_084.png,Wolf2,wolf2,34,34,84,True,verified_source_pixels,source_video_counter,0,/home/fwromano/Documents/Code/experiments/VectorManifold/data/raw/video/sim2/Wolf2.mp4,264,4.399999,9524c2d486b67ba1bd239119cf1a9ef78920e09fafc636556dcc332e4df2bd75
sim2_cropped/Wolf2/Wolf2_085.png,Wolf2,wolf2,35,35,85,True,verified_source_pixels,source_video_counter,0,/home/fwromano/Documents/Code/experiments/VectorManifold/data/raw/video/sim2/Wolf2.mp4,279,4.65,6826be49557671e7f2be78a63f85951b051e0c2155779bed6a7d683e626ebf1b
sim2_cropped/Wolf2/Wolf2_086.png,Wolf2,wolf2,36,36,86,True,verified_source_pixels,source_video_counter,0,/home/fwromano/Documents/Code/experiments/VectorManifold/data/raw/video/sim2/Wolf2.mp4,291,4.85,9363d56aed7846169b53a6dc6dc498bd3f392bdb230c724288672e0463d13037
sim2_cropped/Wolf2/Wolf2_087.png,Wolf2,wolf2,37,37,87,True,verified_source_pixels,source_video_counter,0,/home/fwromano/Documents/Code/experiments/VectorManifold/data/raw/video/sim2/Wolf2.mp4,303,5.05,6ae6a9e11832c1d2d7e9f233e4aa77d24c840a61cb4a562b288c68f08b8074e1
sim2_cropped/Wolf2/Wolf2_088.png,Wolf2,wolf2,33,33,88,True,verified_source_pixels,source_video_counter,0,/home/fwromano/Documents/Code/experiments/VectorManifold/data/raw/video/sim2/Wolf2.mp4,252,4.199999,e7cacf5446085575ad7df1c3f9122fe851221d968aba0443e3b937889a0a8441
sim2_cropped/Wolf2/Wolf2_089.png,Wolf2,wolf2,39,39,89,True,verified_source_pixels,source_video_counter,0,/home/fwromano/Documents/Code/experiments/VectorManifold/data/raw/video/sim2/Wolf2.mp4,331,5.516666,b4e6aca683572906573ebc3fa8b86031d9cb41fb525ffe10bb225a0ca2d3bdc2
sim2_cropped/Wolf2/Wolf2_090.png,Wolf2,wolf2,90,90,90,False,verified_source_pixels,source_video_counter,0,/home/fwromano/Documents/Code/experiments/VectorManifold/data/raw/video/sim2/Wolf2.mp4,937,15.616666,9fab8e9c82b3ab187c8225f860c63eda412f1460e05c11099b6c00aebb6ff7ae
sim2_cropped/Wolf2/Wolf2_091.png,Wolf2,wolf2,91,91,91,False,verified_source_pixels,source_video_counter,0,/home/fwromano/Documents/Code/experiments/VectorManifold/data/raw/video/sim2/Wolf2.mp4,953,15.883333,88410ed9ded352b0fb941a08b74cf142f38a07a47c31d1b1edc5e7afc014bfac
sim2_cropped/Wolf2/Wolf2_092.png,Wolf2,wolf2,92,92,92,False,verified_source_pixels,source_video_counter,0,/home/fwromano/Documents/Code/experiments/VectorManifold/data/raw/video/sim2/Wolf2.mp4,965,16.083333,bb8eca7e23c289465fd21805298cf50734784b74d6763c1244625b2331683558
sim2_cropped/Wolf2/Wolf2_094.png,Wolf2,wolf2,94,94,94,False,verified_source_pixels,source_video_counter,0,/home/fwromano/Documents/Code/experiments/VectorManifold/data/raw/video/sim2/Wolf2.mp4,990,16.499999,b03fff849b408e653b8bcecb8d14190b15319dd1e9c429170fadce4fcc70fff8
sim2_cropped/Wolf2/Wolf2_095.png,Wolf2,wolf2,95,95,95,False,verified_source_pixels,source_video_counter,0,/home/fwromano/Documents/Code/experiments/VectorManifold/data/raw/video/sim2/Wolf2.mp4,1001,16.683333,e460754b590e9abfab6aa6c7c0a897bf09824cb4b22019b6a6ede1a57b0f49e4
sim2_cropped/Wolf2/Wolf2_096.png,Wolf2,wolf2,96,96,96,False,verified_source_pixels,source_video_counter,0,/home/fwromano/Documents/Code/experiments/VectorManifold/data/raw/video/sim2/Wolf2.mp4,1012,16.866667,3e4cfe4fca4da79d5f477f92036d5f139517158a96382081eb4559406e1d8956
sim2_cropped/Wolf2/Wolf2_097.png,Wolf2,wolf2,97,97,97,False,verified_source_pixels,source_video_counter,0,/home/fwromano/Documents/Code/experiments/VectorManifold/data/raw/video/sim2/Wolf2.mp4,1024,17.066667,e1e6c8239f27f87e8bf321908f294e20faa486dfe1b62c36749bdfbb56db8696
sim2_cropped/Wolf2/Wolf2_098.png,Wolf2,wolf2,93,93,98,True,verified_source_pixels,source_video_counter,0,/home/fwromano/Documents/Code/experiments/VectorManifold/data/raw/video/sim2/Wolf2.mp4,975,16.25,48ccbfd49aafd72135e1362ccdf932bb4c1fdf5adfe2115ad35eeda781c1b617
sim2_cropped/Wolf2/Wolf2_099.png,Wolf2,wolf2,99,99,99,False,verified_source_pixels,source_video_counter,0,/home/fwromano/Documents/Code/experiments/VectorManifold/data/raw/video/sim2/Wolf2.mp4,1052,17.533333,af0d35b928057cfb664bde048f1005ea6b10f3dca56cec134d2ef22aad49a957
sim2_cropped/Wolf2/Wolf2_100.png,Wolf2,wolf2,100,100,100,False,verified_source_pixels,source_video_counter,0,/home/fwromano/Documents/Code/experiments/VectorManifold/data/raw/video/sim2/Wolf2.mp4,1058,17.633333,4d551367ef06bc0ac6a4d150db3a96afd38329edfaff2b3bf6e335365c9a0451
sim2_cropped/Wolf2/Wolf2_101.png,Wolf2,wolf2,101,101,101,False,verified_source_pixels,source_video_counter,0,/home/fwromano/Documents/Code/experiments/VectorManifold/data/raw/video/sim2/Wolf2.mp4,1069,17.816666,cefb7c05ea2c1f11a6ed24c6827f6bcc4996df7a6a8a64e282bbf82c00f33dbb
sim2_cropped/Wolf2/Wolf2_102.png,Wolf2,wolf2,102,102,102,False,verified_source_pixels,source_video_counter,0,/home/fwromano/Documents/Code/experiments/VectorManifold/data/raw/video/sim2/Wolf2.mp4,1080,18.0,9d82e09ba9d9095cbe81a2d97a2736b6f12b1936ff05318d0adaf8d83a03e750
sim2_cropped/Wolf2/Wolf2_104.png,Wolf2,wolf2,104,104,104,False,verified_source_pixels,source_video_counter,0,/home/fwromano/Documents/Code/experiments/VectorManifold/data/raw/video/sim2/Wolf2.mp4,1112,18.533333,ace0a9659952ddee5e50bd6ea9cf152a25481bc28cc0cb82279b10f2a0d42b11
sim2_cropped/Wolf2/Wolf2_105.png,Wolf2,wolf2,105,105,105,False,verified_source_pixels,source_video_counter,0,/home/fwromano/Documents/Code/experiments/VectorManifold/data/raw/video/sim2/Wolf2.mp4,1118,18.633333,467aa49f4f8776e742ab38dd174d4349991ebafa62158a824a7672761fe06fee
sim2_cropped/Wolf2/Wolf2_106.png,Wolf2,wolf2,106,106,106,False,verified_source_pixels,source_video_counter,0,/home/fwromano/Documents/Code/experiments/VectorManifold/data/raw/video/sim2/Wolf2.mp4,1133,18.883333,4f15daf231770253f7b392ecb2147a631a53837352011fc750c034e76ea899fc
sim2_cropped/Wolf2/Wolf2_107.png,Wolf2,wolf2,107,107,107,False,verified_source_pixels,source_video_counter,0,/home/fwromano/Documents/Code/experiments/VectorManifold/data/raw/video/sim2/Wolf2.mp4,1144,19.066666,6b152e664298c78929c074b16ea0a68882a6ffac0e5fd8972e08d390b3ef0f3d
sim2_cropped/Wolf2/Wolf2_108.png,Wolf2,wolf2,103,103,108,True,verified_source_pixels,source_video_counter,0,/home/fwromano/Documents/Code/experiments/VectorManifold/data/raw/video/sim2/Wolf2.mp4,1097,18.283333,2322e6b43dbc3d87f82721dff0aa8369315af232f5010fc3d9334d0d0368b2ce
sim2_cropped/Wolf2/Wolf2_109.png,Wolf2,wolf2,109,109,109,False,verified_source_pixels,source_video_counter,0,/home/fwromano/Documents/Code/experiments/VectorManifold/data/raw/video/sim2/Wolf2.mp4,1167,19.45,b450540c73acccd236c71c146cd125b1969f1d88af74d6c8ec03748f1cc7deda
sim2_cropped/Wolf2/Wolf2_110.png,Wolf2,wolf2,110,110,110,False,verified_source_pixels,source_video_counter,0,/home/fwromano/Documents/Code/experiments/VectorManifold/data/raw/video/sim2/Wolf2.mp4,1178,19.633333,eed72605d9440464cd9a064d2868a6cdee3536c04b1ef90f2f73d38913ed1484
sim2_cropped/Wolf2/Wolf2_111.png,Wolf2,wolf2,111,111,111,False,verified_source_pixels,source_video_counter,0,/home/fwromano/Documents/Code/experiments/VectorManifold/data/raw/video/sim2/Wolf2.mp4,1189,19.816666,79107d59b4c95e64569ab1e43f210f1ac9d969672aec4119f3c58ee112ec81fe
sim2_cropped/Wolf2/Wolf2_112.png,Wolf2,wolf2,112,112,112,False,verified_source_pixels,source_video_counter,0,/home/fwromano/Documents/Code/experiments/VectorManifold/data/raw/video/sim2/Wolf2.mp4,1211,20.183333,9b4612f78acc3197a1dbc99d6c4b690e3943ee849a61cbd79f7bf7e9d1b7c497
sim2_cropped/Wolf2/Wolf2_114.png,Wolf2,wolf2,114,114,114,False,verified_source_pixels,source_video_counter,0,/home/fwromano/Documents/Code/experiments/VectorManifold/data/raw/video/sim2/Wolf2.mp4,1232,20.533333,1a6ea0de01957669f091876c61735133c580f056b897a7f83ed393db72b4a3e5
sim2_cropped/Wolf2/Wolf2_115.png,Wolf2,wolf2,115,115,115,False,verified_source_pixels,source_video_counter,0,/home/fwromano/Documents/Code/experiments/VectorManifold/data/raw/video/sim2/Wolf2.mp4,1243,20.716666,c00ce9b72533bfba97a2df79df74a8aee8d4dced5cd575fcdc0b681ab692ac31
sim2_cropped/Wolf2/Wolf2_116.png,Wolf2,wolf2,116,116,116,False,verified_source_pixels,source_video_counter,0,/home/fwromano/Documents/Code/experiments/VectorManifold/data/raw/video/sim2/Wolf2.mp4,1249,20.816666,e2c2beeb07eb3e94b275261c431993f75d6897ad5142a0394c8703c245a6255f
sim2_cropped/Wolf2/Wolf2_117.png,Wolf2,wolf2,117,117,117,False,verified_source_pixels,source_video_counter,0,/home/fwromano/Documents/Code/experiments/VectorManifold/data/raw/video/sim2/Wolf2.mp4,1259,20.983333,e92132809ba64f6bd228a33116299a4a40bef4064374b357afd3ddbf76c113ce
sim2_cropped/Wolf2/Wolf2_118.png,Wolf2,wolf2,113,113,118,True,verified_source_pixels,source_video_counter,0,/home/fwromano/Documents/Code/experiments/VectorManifold/data/raw/video/sim2/Wolf2.mp4,1215,20.25,e8ec5c962cbe002921c850bcdd6eb732b50852bd872700246796e0bea2cb266c
sim2_cropped/Wolf2/Wolf2_119.png,Wolf2,wolf2,119,119,119,False,verified_source_pixels,source_video_counter,0,/home/fwromano/Documents/Code/experiments/VectorManifold/data/raw/video/sim2/Wolf2.mp4,1286,21.433333,433d8ff37347fe1238b3817ead76413ea55e4e84c6ce28faafa857fb6098d266
sim2_cropped/Wolf2/Wolf2_120.png,Wolf2,wolf2,120,120,120,False,verified_source_pixels,source_video_counter,0,/home/fwromano/Documents/Code/experiments/VectorManifold/data/raw/video/sim2/Wolf2.mp4,1302,21.7,5d0b20e0b6eee23320e5f9bfe028895bee8c2ef44b7215aecfc71da15e9fbf52
sim2_cropped/Wolf2/Wolf2_121.png,Wolf2,wolf2,121,121,121,False,verified_source_pixels,source_video_counter,0,/home/fwromano/Documents/Code/experiments/VectorManifold/data/raw/video/sim2/Wolf2.mp4,1314,21.9,1946cb2d7fa35651b9c66c69d0912bb0a9f2ce5280b32b0e6a3e8bef928e6f8d
sim2_cropped/Wolf2/Wolf2_122.png,Wolf2,wolf2,122,122,122,False,verified_source_pixels,source_video_counter,0,/home/fwromano/Documents/Code/experiments/VectorManifold/data/raw/video/sim2/Wolf2.mp4,1319,21.983333,6c5e93b33a2873498055ff83746db82c3a327de34f07574b40331150c8bf7ace
sim2_cropped/Wolf2/Wolf2_124.png,Wolf2,wolf2,124,124,124,False,verified_source_pixels,source_video_counter,0,/home/fwromano/Documents/Code/experiments/VectorManifold/data/raw/video/sim2/Wolf2.mp4,1351,22.516666,ca40788bbafa51f991e3f1c914482ede516d13cc5e4db67f070fcb3198d9434b
sim2_cropped/Wolf2/Wolf2_125.png,Wolf2,wolf2,125,125,125,False,verified_source_pixels,source_video_counter,0,/home/fwromano/Documents/Code/experiments/VectorManifold/data/raw/video/sim2/Wolf2.mp4,1373,22.883333,c82f24d7f8ff501880d6e069dd4fbb559f14be2531b43ca4af6458b5b3228d19
sim2_cropped/Wolf2/Wolf2_126.png,Wolf2,wolf2,126,126,126,False,verified_source_pixels,source_video_counter,0,/home/fwromano/Documents/Code/experiments/VectorManifold/data/raw/video/sim2/Wolf2.mp4,1380,23.0,54bcf705724f927e0ee9cb00a030159925ed197cba51573fb4cb12a0c8f2dcf4
sim2_cropped/Wolf2/Wolf2_127.png,Wolf2,wolf2,127,127,127,False,verified_source_pixels,source_video_counter,0,/home/fwromano/Documents/Code/experiments/VectorManifold/data/raw/video/sim2/Wolf2.mp4,1387,23.116666,2377f17cffffefa7ac12399f6f5fe1bf9c0654f24279ef8782c2cac483b5b6ef
sim2_cropped/Wolf2/Wolf2_128.png,Wolf2,wolf2,123,123,128,True,verified_source_pixels,source_video_counter,0,/home/fwromano/Documents/Code/experiments/VectorManifold/data/raw/video/sim2/Wolf2.mp4,1336,22.266666,0d97ba94f36ec54d5ba0abab21a5caed35a49e6902affc1f24335a2262b67cc1
sim2_cropped/Wolf2/Wolf2_129.png,Wolf2,wolf2,129,129,129,False,verified_source_pixels,source_video_counter,0,/home/fwromano/Documents/Code/experiments/VectorManifold/data/raw/video/sim2/Wolf2.mp4,1407,23.45,5bf6840e37d7ecb100b563ffc50c36573f76b37c6da7745ec2014ba16139113f
sim2_cropped/Wolf2/Wolf2_140.png,Wolf2,wolf2,140,140,140,False,verified_source_pixels,source_video_counter,0,/home/fwromano/Documents/Code/experiments/VectorManifold/data/raw/video/sim2/Wolf2.mp4,1546,25.766666,b64cc71a40dc424c9d305a9d00aca4f93e22b5cf8227ff4bc0d4f00749843582
sim2_cropped/Wolf2/Wolf2_141.png,Wolf2,wolf2,141,141,141,False,verified_source_pixels,source_video_counter,0,/home/fwromano/Documents/Code/experiments/VectorManifold/data/raw/video/sim2/Wolf2.mp4,1556,25.933333,413764f9216f4f038c8d88e5c29f38590e25c107f633d38af8988bcfa33c00d5
sim2_cropped/Wolf2/Wolf2_142.png,Wolf2,wolf2,142,142,142,False,verified_source_pixels,source_video_counter,0,/home/fwromano/Documents/Code/experiments/VectorManifold/data/raw/video/sim2/Wolf2.mp4,1562,26.033333,8e8995e00de5374cce00081a828748217917b5e786885c2baf52db16a4d08c59
sim2_cropped/Wolf2/Wolf2_144.png,Wolf2,wolf2,144,144,144,False,verified_source_pixels,source_video_counter,0,/home/fwromano/Documents/Code/experiments/VectorManifold/data/raw/video/sim2/Wolf2.mp4,1585,26.416666,354b6d7f3af0ebea6dc8ae2e048ab55a912e884abc883eb0a4b3fc39446cb566
sim2_cropped/Wolf2/Wolf2_145.png,Wolf2,wolf2,145,145,145,False,verified_source_pixels,source_video_counter,0,/home/fwromano/Documents/Code/experiments/VectorManifold/data/raw/video/sim2/Wolf2.mp4,1602,26.7,a049c1d1e82e905af8e64011d9c3516447d87dbd33c5e769cbc830c0ae71ed5b
sim2_cropped/Wolf2/Wolf2_146.png,Wolf2,wolf2,146,146,146,False,verified_source_pixels,source_video_counter,0,/home/fwromano/Documents/Code/experiments/VectorManifold/data/raw/video/sim2/Wolf2.mp4,1618,26.966667,dda2b958c695ab01c4c751173ae0b8c9204a5e1ee079ffe9bcf207707a54fb6d
sim2_cropped/Wolf2/Wolf2_147.png,Wolf2,wolf2,147,147,147,False,verified_source_pixels,source_video_counter,0,/home/fwromano/Documents/Code/experiments/VectorManifold/data/raw/video/sim2/Wolf2.mp4,1623,27.05,5c36b571452cabdd09b35c740a25bab320f129bdb031a0b6ccc236ea63307cfd
sim2_cropped/Wolf2/Wolf2_148.png,Wolf2,wolf2,143,143,148,True,verified_source_pixels,source_video_counter,0,/home/fwromano/Documents/Code/experiments/VectorManifold/data/raw/video/sim2/Wolf2.mp4,1574,26.233333,7a983bf352557e709ddc6c99633f888868d3e9b0827f64e3beabe756e7469224
sim2_cropped/Wolf2/Wolf2_149.png,Wolf2,wolf2,149,149,149,False,verified_source_pixels,source_video_counter,0,/home/fwromano/Documents/Code/experiments/VectorManifold/data/raw/video/sim2/Wolf2.mp4,1646,27.433333,4aea08dfaacedf20e00d7647d252dd75e90fbe6a473da1e8bb8762052474421d
sim2_cropped/Wolf2/Wolf2_150.png,Wolf2,wolf2,150,150,150,False,verified_source_pixels,source_video_counter,0,/home/fwromano/Documents/Code/experiments/VectorManifold/data/raw/video/sim2/Wolf2.mp4,1662,27.7,ff49be169eaa4d0986aec022b4e99d1f3b60de631d42a33cca56b569b155ff2e
sim2_cropped/Wolf2/Wolf2_151.png,Wolf2,wolf2,151,151,151,False,verified_source_pixels,source_video_counter,0,/home/fwromano/Documents/Code/experiments/VectorManifold/data/raw/video/sim2/Wolf2.mp4,1678,27.966667,39194daf4bd272e477581308f28e546594552223b5d1c4930231e66e21b2f3d6
sim2_cropped/Wolf2/Wolf2_152.png,Wolf2,wolf2,152,152,152,False,verified_source_pixels,source_video_counter,0,/home/fwromano/Documents/Code/experiments/VectorManifold/data/raw/video/sim2/Wolf2.mp4,1688,28.133333,e66db08bf7edea49604ad35a756fc3d49dd0795c7b4f3ccfe1e5186ed4fc1353
sim2_cropped/Wolf2/Wolf2_154.png,Wolf2,wolf2,154,154,154,False,verified_source_pixels,source_video_counter,0,/home/fwromano/Documents/Code/experiments/VectorManifold/data/raw/video/sim2/Wolf2.mp4,1708,28.466666,d37cb2cee1e8bd52c576b60f243ca502b8f514cd418699ea049bc66f0711c83f
sim2_cropped/Wolf2/Wolf2_155.png,Wolf2,wolf2,155,155,155,False,verified_source_pixels,source_video_counter,0,/home/fwromano/Documents/Code/experiments/VectorManifold/data/raw/video/sim2/Wolf2.mp4,1725,28.75,d22dccb30f8f7577cbd01473829c406053c25867ee410002247991cd325d86db
sim2_cropped/Wolf2/Wolf2_156.png,Wolf2,wolf2,156,156,156,False,verified_source_pixels,source_video_counter,0,/home/fwromano/Documents/Code/experiments/VectorManifold/data/raw/video/sim2/Wolf2.mp4,1736,28.933333,e14abbe9a9d6f2ed71f6c50b6895b189b2ec7a0103cc823528a973b0ebdcbafe
sim2_cropped/Wolf2/Wolf2_157.png,Wolf2,wolf2,157,157,157,False,verified_source_pixels,source_video_counter,0,/home/fwromano/Documents/Code/experiments/VectorManifold/data/raw/video/sim2/Wolf2.mp4,1748,29.133333,fa001675e84ac3ce2849c74d77c2466a8523a60bb2e62d13f882620116b312f2
sim2_cropped/Wolf2/Wolf2_158.png,Wolf2,wolf2,153,153,158,True,verified_source_pixels,source_video_counter,0,/home/fwromano/Documents/Code/experiments/VectorManifold/data/raw/video/sim2/Wolf2.mp4,1698,28.3,bc24157ddf0aac56e68d1e1f2d544cd6773a1900516541d50038f733aace974c
sim2_cropped/Wolf2/Wolf2_159.png,Wolf2,wolf2,159,159,159,False,verified_source_pixels,source_video_counter,0,/home/fwromano/Documents/Code/experiments/VectorManifold/data/raw/video/sim2/Wolf2.mp4,1773,29.55,e6b8acdd0d286593b98badda2c29316739c39588c617749bbd500aa6de327269
sim2_cropped/Wolf2/Wolf2_160.png,Wolf2,wolf2,160,160,160,False,verified_source_pixels,source_video_counter,0,/home/fwromano/Documents/Code/experiments/VectorManifold/data/raw/video/sim2/Wolf2.mp4,1778,29.633333,cfcd8052c9b9f33ec689a122acc9df817fe38b98a66c5ecee84fb5d648cc27a9
sim2_cropped/Wolf2/Wolf2_161.png,Wolf2,wolf2,161,161,161,False,verified_source_pixels,source_video_counter,0,/home/fwromano/Documents/Code/experiments/VectorManifold/data/raw/video/sim2/Wolf2.mp4,1795,29.916666,24f64bc14b09eb874d7302e7f4fcd8a59595d8a09ae72f390e06e629950dd5c8
sim2_cropped/Wolf2/Wolf2_162.png,Wolf2,wolf2,162,162,162,False,verified_source_pixels,source_video_counter,0,/home/fwromano/Documents/Code/experiments/VectorManifold/data/raw/video/sim2/Wolf2.mp4,1807,30.116666,57007f8379c067855e32ea58c18b8345811caccfab96137e41aca540db5c9144
sim2_cropped/Wolf2/Wolf2_164.png,Wolf2,wolf2,164,164,164,False,verified_source_pixels,source_video_counter,0,/home/fwromano/Documents/Code/experiments/VectorManifold/data/raw/video/sim2/Wolf2.mp4,1834,30.566667,4184cba12303ed61aa826bfe942128172f74155a42c88c79c147945e52d6fe1f
sim2_cropped/Wolf2/Wolf2_165.png,Wolf2,wolf2,165,165,165,False,verified_source_pixels,source_video_counter,0,/home/fwromano/Documents/Code/experiments/VectorManifold/data/raw/video/sim2/Wolf2.mp4,1839,30.65,a5fe98beabf82dafd1122a660b911489de36dc4b82af3b4cea51afff080dd1b6
sim2_cropped/Wolf2/Wolf2_166.png,Wolf2,wolf2,166,166,166,False,verified_source_pixels,source_video_counter,0,/home/fwromano/Documents/Code/experiments/VectorManifold/data/raw/video/sim2/Wolf2.mp4,1851,30.85,1dadc936281d633ab8da8ed28c9d62cc68e82c5422adb0ee3c3893abb4fe3468
sim2_cropped/Wolf2/Wolf2_167.png,Wolf2,wolf2,167,167,167,False,verified_source_pixels,source_video_counter,0,/home/fwromano/Documents/Code/experiments/VectorManifold/data/raw/video/sim2/Wolf2.mp4,1870,31.166666,0f3f4c77e187ea82d8f9b9786da0632aa69be5ebceaa3c503baeb35dc363cd9b
sim2_cropped/Wolf2/Wolf2_168.png,Wolf2,wolf2,168,168,168,False,verified_source_pixels,source_video_counter,0,/home/fwromano/Documents/Code/experiments/VectorManifold/data/raw/video/sim2/Wolf2.mp4,1885,31.416666,2ddd99009c54a97b7e3d39343a9dc1e7a65de5ce412b660301dabfb2c60af6b3
sim2_cropped/Wolf2/Wolf2_169.png,Wolf2,wolf2,169,169,169,False,verified_source_pixels,source_video_counter,0,/home/fwromano/Documents/Code/experiments/VectorManifold/data/raw/video/sim2/Wolf2.mp4,1891,31.516666,ccd029b7f2c4785f4246778d4485419f00ad0cd866a763180f91abc3d89b98da
sim2_cropped/Wolf2/Wolf2_170.png,Wolf2,wolf2,170,170,170,False,verified_source_pixels,source_video_counter,0,/home/fwromano/Documents/Code/experiments/VectorManifold/data/raw/video/sim2/Wolf2.mp4,1897,31.616666,b03cdfb35869daed0515ddaea6fce8fbc3ade6243eb60525d1b256a850609eae
sim2_cropped/Wolf2/Wolf2_171.png,Wolf2,wolf2,171,171,171,False,verified_source_pixels,source_video_counter,0,/home/fwromano/Documents/Code/experiments/VectorManifold/data/raw/video/sim2/Wolf2.mp4,1908,31.8,e33da2edb2fb7a2e5ef021f4937a57d4e990aef9d0de0755d567e8275dad4c54
sim2_cropped/Wolf2/Wolf2_172.png,Wolf2,wolf2,172,172,172,False,verified_source_pixels,source_video_counter,0,/home/fwromano/Documents/Code/experiments/VectorManifold/data/raw/video/sim2/Wolf2.mp4,1924,32.066667,cd9c412e927caedd4c163b32f469a14e89499749eb94ba8c2b9e9858d4503626
sim2_cropped/Wolf2/Wolf2_174.png,Wolf2,wolf2,174,174,174,False,verified_source_pixels,source_video_counter,0,/home/fwromano/Documents/Code/experiments/VectorManifold/data/raw/video/sim2/Wolf2.mp4,1949,32.483333,5ecf8f4548a6f701795a8d965ac83dd9d6ab500b998766ead1e73903c910d005
sim2_cropped/Wolf2/Wolf2_175.png,Wolf2,wolf2,175,175,175,False,verified_source_pixels,source_video_counter,0,/home/fwromano/Documents/Code/experiments/VectorManifold/data/raw/video/sim2/Wolf2.mp4,1969,32.816666,a08f8d73810e69250be0bb38b09500623d14039644858a02e19002fd0c1e5386
sim2_cropped/Wolf2/Wolf2_177.png,Wolf2,wolf2,177,177,177,False,verified_source_pixels,source_video_counter,0,/home/fwromano/Documents/Code/experiments/VectorManifold/data/raw/video/sim2/Wolf2.mp4,1981,33.016666,27d01ecd9060c894f143bb8eb3c58d0c2a065d75155d3c14b45882d9cf728d1d
sim2_cropped/Wolf2/Wolf2_178.png,Wolf2,wolf2,173,173,178,True,verified_source_pixels,source_video_counter,0,/home/fwromano/Documents/Code/experiments/VectorManifold/data/raw/video/sim2/Wolf2.mp4,1936,32.266667,2e6d782529ce413c1b26b9e1af47662f3326915de4459f5120cffe0bf58212fa
sim2_cropped/Wolf2/Wolf2_179.png,Wolf2,wolf2,179,179,179,False,verified_source_pixels,source_video_counter,0,/home/fwromano/Documents/Code/experiments/VectorManifold/data/raw/video/sim2/Wolf2.mp4,2012,33.533333,738f5bc129285d80faf0f2c9f8a6057b024c01015557f2cbf4623ec9074244d6
sim2_cropped/Wolf2/Wolf2_180.png,Wolf2,wolf2,130,130,180,True,verified_source_pixels,source_video_counter,0,/home/fwromano/Documents/Code/experiments/VectorManifold/data/raw/video/sim2/Wolf2.mp4,1423,23.716666,1b6839b4af1e739250d795745b3c851d5f22e026ca674c98bb98e2a394a1ecd4
sim2_cropped/Wolf2/Wolf2_181.png,Wolf2,wolf2,131,131,181,True,verified_source_pixels,source_video_counter,0,/home/fwromano/Documents/Code/experiments/VectorManifold/data/raw/video/sim2/Wolf2.mp4,1433,23.883333,7dee2e2d8d1af1c9495b5a5d94a3d790687ac47ea958b4a8df4edfe1a6eaa0a3
sim2_cropped/Wolf2/Wolf2_182.png,Wolf2,wolf2,132,132,182,True,verified_source_pixels,source_video_counter,0,/home/fwromano/Documents/Code/experiments/VectorManifold/data/raw/video/sim2/Wolf2.mp4,1439,23.983333,66bbbf64409dc748a7ab87b4cb6fc779fce159eddb0e75dde10366c18459a91e
sim2_cropped/Wolf2/Wolf2_184.png,Wolf2,wolf2,134,134,184,True,verified_source_pixels,source_video_counter,0,/home/fwromano/Documents/Code/experiments/VectorManifold/data/raw/video/sim2/Wolf2.mp4,1467,24.45,0ed810cc1361bea29a55d0567e0f1e7212514c973a20c4c7ad2f425ca933ceb3
sim2_cropped/Wolf2/Wolf2_185.png,Wolf2,wolf2,135,135,185,True,verified_source_pixels,source_video_counter,0,/home/fwromano/Documents/Code/experiments/VectorManifold/data/raw/video/sim2/Wolf2.mp4,1482,24.699999,c2429086e9121393211b73c755f6274b4f748979924f904d23678a55dfbb0c33
sim2_cropped/Wolf2/Wolf2_186.png,Wolf2,wolf2,136,136,186,True,verified_source_pixels,source_video_counter,0,/home/fwromano/Documents/Code/experiments/VectorManifold/data/raw/video/sim2/Wolf2.mp4,1498,24.966666,dc8efa31ce96ee85f5f31859eec6ab852c382b471ec1a1d579543de189514350
sim2_cropped/Wolf2/Wolf2_187.png,Wolf2,wolf2,137,137,187,True,verified_source_pixels,source_video_counter,0,/home/fwromano/Documents/Code/experiments/VectorManifold/data/raw/video/sim2/Wolf2.mp4,1504,25.066667,b3970bc3114c4e393cf4c28852efe5e417b91717ce0c8aeef958210c2b95d293
sim2_cropped/Wolf2/Wolf2_188.png,Wolf2,wolf2,133,133,188,True,verified_source_pixels,source_video_counter,0,/home/fwromano/Documents/Code/experiments/VectorManifold/data/raw/video/sim2/Wolf2.mp4,1455,24.25,65d64abf0841d207d8ebcf80f8630e20f3ea4f44b3adcdf2655fd091b6145710
sim2_cropped/Wolf2/Wolf2_189.png,Wolf2,wolf2,139,139,189,True,verified_source_pixels,source_video_counter,0,/home/fwromano/Documents/Code/experiments/VectorManifold/data/raw/video/sim2/Wolf2.mp4,1526,25.433333,ceb5ae019899b121a2c2bd579d6abb6f21f20a7aa92d86cf8bf72d74ab83512b
sim2_cropped/Wolf2/Wolf2_190.png,Wolf2,wolf2,190,190,190,False,verified_source_pixels,source_video_counter,0,/home/fwromano/Documents/Code/experiments/VectorManifold/data/raw/video/sim2/Wolf2.mp4,2144,35.733333,11af0190ef0c7f5371dfe7a93475c1b2ba9dbbd1069259c461f82a000d4ad15a
sim2_cropped/Wolf2/Wolf2_191.png,Wolf2,wolf2,191,191,191,False,verified_source_pixels,source_video_counter,0,/home/fwromano/Documents/Code/experiments/VectorManifold/data/raw/video/sim2/Wolf2.mp4,2150,35.833333,02d8e1d21bfe5f168dd7d90dfa7a76174063bc1a3287dcdd76c474ba60abd649
sim2_cropped/Wolf2/Wolf2_192.png,Wolf2,wolf2,192,192,192,False,verified_source_pixels,source_video_counter,0,/home/fwromano/Documents/Code/experiments/VectorManifold/data/raw/video/sim2/Wolf2.mp4,2172,36.199999,429388b138b499c084a1874f99981a268096e74fb67ff4725388e2bce6f71e67
sim2_cropped/Wolf2/Wolf2_194.png,Wolf2,wolf2,194,194,194,False,verified_source_pixels,source_video_counter,0,/home/fwromano/Documents/Code/experiments/VectorManifold/data/raw/video/sim2/Wolf2.mp4,2187,36.45,7c5c5e421dd2bb71b3aab5ba7bed4bf569dae3f718e95142af2c8795aac79289
sim2_cropped/Wolf2/Wolf2_195.png,Wolf2,wolf2,195,195,195,False,verified_source_pixels,source_video_counter,0,/home/fwromano/Documents/Code/experiments/VectorManifold/data/raw/video/sim2/Wolf2.mp4,2198,36.633333,a96db5273551422f6f117cf713d0d934327a098cfb8cd2496f5ca6ba256c744b
sim2_cropped/Wolf2/Wolf2_196.png,Wolf2,wolf2,196,196,196,False,verified_source_pixels,source_video_counter,0,/home/fwromano/Documents/Code/experiments/VectorManifold/data/raw/video/sim2/Wolf2.mp4,2215,36.916666,4ce28bcb5ea84eef9f780751bfcc865d7388f3a7f4834eff179c79256dad8daa
sim2_cropped/Wolf2/Wolf2_197.png,Wolf2,wolf2,197,197,197,False,verified_source_pixels,source_video_counter,0,/home/fwromano/Documents/Code/experiments/VectorManifold/data/raw/video/sim2/Wolf2.mp4,2229,37.15,d4ca90e8af4ad3f21a4fec3910a5cba62fc94e56093d889a32ba1e6360992b84
sim2_cropped/Wolf2/Wolf2_198.png,Wolf2,wolf2,198,198,198,False,verified_source_pixels,source_video_counter,0,/home/fwromano/Documents/Code/experiments/VectorManifold/data/raw/video/sim2/Wolf2.mp4,2246,37.433333,847822e35d8bc86998aac79096bc474d7806a6358e709d41249c437c3c79891c
sim2_cropped/Wolf2/Wolf2_199.png,Wolf2,wolf2,199,199,199,False,verified_source_pixels,source_video_counter,0,/home/fwromano/Documents/Code/experiments/VectorManifold/data/raw/video/sim2/Wolf2.mp4,2251,37.516666,fad0db848d10fe9cc6dd6aee1e5f3ce50ef590d30417d25b57e6b3206fbe8a19
sim2_cropped/Wolf2/Wolf2_200.png,Wolf2,wolf2,200,200,200,False,verified_source_pixels,source_video_counter,0,/home/fwromano/Documents/Code/experiments/VectorManifold/data/raw/video/sim2/Wolf2.mp4,2262,37.7,68fb8967dcace90213e6c0937481c0c70a09a9502335d4e8dd39a0efe2660046
sim2_cropped/Wolf2/Wolf2_201.png,Wolf2,wolf2,201,201,201,False,verified_source_pixels,source_video_counter,0,/home/fwromano/Documents/Code/experiments/VectorManifold/data/raw/video/sim2/Wolf2.mp4,2273,37.883333,f3443d6e4657278c8c9e41650a3240254e7b6f638a93c53ea6104bbfdd45043c
sim2_cropped/Wolf2/Wolf2_202.png,Wolf2,wolf2,202,202,202,False,verified_source_pixels,source_video_counter,0,/home/fwromano/Documents/Code/experiments/VectorManifold/data/raw/video/sim2/Wolf2.mp4,2282,38.033333,61a5af52896d753c96dbf1b86bfad2ab5d32d3ab690b16fb4e04e8f6b9a94e93
sim2_cropped/Wolf2/Wolf2_204.png,Wolf2,wolf2,204,204,204,False,verified_source_pixels,source_video_counter,0,/home/fwromano/Documents/Code/experiments/VectorManifold/data/raw/video/sim2/Wolf2.mp4,2304,38.399999,67fef14e8c0a08979067c8ea35f7880c13e0be21b2c4adaed6eeac55dbbd9fea
sim2_cropped/Wolf2/Wolf2_205.png,Wolf2,wolf2,205,205,205,False,verified_source_pixels,source_video_counter,0,/home/fwromano/Documents/Code/experiments/VectorManifold/data/raw/video/sim2/Wolf2.mp4,2318,38.633333,ce1f6e315bf09c87a16ebdb9930cf22efe2886549e359e1cc912b695db71c55e
sim2_cropped/Wolf2/Wolf2_206.png,Wolf2,wolf2,206,206,206,False,verified_source_pixels,source_video_counter,0,/home/fwromano/Documents/Code/experiments/VectorManifold/data/raw/video/sim2/Wolf2.mp4,2339,38.983333,c263d2b1fe52d74d2c6ec340dbf0d17d228b5bfd27f101d8a943567ca183340e
sim2_cropped/Wolf2/Wolf2_207.png,Wolf2,wolf2,207,207,207,False,verified_source_pixels,source_video_counter,0,/home/fwromano/Documents/Code/experiments/VectorManifold/data/raw/video/sim2/Wolf2.mp4,2345,39.083333,82a1578a6e3727a3418d81f7814c03d311ef0f3bd20aa3619d351250ae79bb22
sim2_cropped/Wolf2/Wolf2_208.png,Wolf2,wolf2,203,203,208,True,verified_source_pixels,source_video_counter,0,/home/fwromano/Documents/Code/experiments/VectorManifold/data/raw/video/sim2/Wolf2.mp4,2298,38.3,03a70f84eedb76f1cd22b0ebb9771f89acf0fb5e833ce8eb5e19e91baf116d88
sim2_cropped/Wolf2/Wolf2_209.png,Wolf2,wolf2,209,209,209,False,verified_source_pixels,source_video_counter,0,/home/fwromano/Documents/Code/experiments/VectorManifold/data/raw/video/sim2/Wolf2.mp4,2369,39.483333,0f515cae5968fff380a0665aa9ac49e05264dd248fddcb9db5d71dd9de83ddfc
sim2_cropped/Wolf2/Wolf2_210.png,Wolf2,wolf2,210,210,210,False,verified_source_pixels,source_video_counter,0,/home/fwromano/Documents/Code/experiments/VectorManifold/data/raw/video/sim2/Wolf2.mp4,2390,39.833333,b3fbd819a81f3891ae527058663fafd63a242724a56ffa28fd54f4eb6b954cb0
sim2_cropped/Wolf2/Wolf2_211.png,Wolf2,wolf2,211,211,211,False,verified_source_pixels,source_video_counter,0,/home/fwromano/Documents/Code/experiments/VectorManifold/data/raw/video/sim2/Wolf2.mp4,2395,39.916666,ef5cd99ed97b7f1c05aa69e10155e751dc98f7872bbb62cef6e75a31fd283232
sim2_cropped/Wolf2/Wolf2_212.png,Wolf2,wolf2,212,212,212,False,verified_source_pixels,source_video_counter,0,/home/fwromano/Documents/Code/experiments/VectorManifold/data/raw/video/sim2/Wolf2.mp4,2401,40.016666,360d408e18ba3d0b88af48166fa86358e74aff87959c651dfe81b683ed59d8f6
sim2_cropped/Wolf2/Wolf2_214.png,Wolf2,wolf2,214,214,214,False,verified_source_pixels,source_video_counter,0,/home/fwromano/Documents/Code/experiments/VectorManifold/data/raw/video/sim2/Wolf2.mp4,2429,40.483333,831399e76d4fdaef4a7c3b824d36dcf982a1094087db82cbb39edcc44349229a
sim2_cropped/Wolf2/Wolf2_215.png,Wolf2,wolf2,215,215,215,False,verified_source_pixels,source_video_counter,0,/home/fwromano/Documents/Code/experiments/VectorManifold/data/raw/video/sim2/Wolf2.mp4,2445,40.75,48c04c8779c3935ad504e0560f13f9fcbc71ab532883e4368b5157daec2ef364
sim2_cropped/Wolf2/Wolf2_216.png,Wolf2,wolf2,216,216,216,False,verified_source_pixels,source_video_counter,0,/home/fwromano/Documents/Code/experiments/VectorManifold/data/raw/video/sim2/Wolf2.mp4,2461,41.016666,2ebdd0609786c76314cecf12844138ff6740d86e61fd8271f15b584285fe88cd
sim2_cropped/Wolf2/Wolf2_217.png,Wolf2,wolf2,217,217,217,False,verified_source_pixels,source_video_counter,0,/home/fwromano/Documents/Code/experiments/VectorManifold/data/raw/video/sim2/Wolf2.mp4,2467,41.116666,22c4500fde49ce33ada9af869b4fdfb4e372bfb77232adb70c648e7391967104
sim2_cropped/Wolf2/Wolf2_218.png,Wolf2,wolf2,213,213,218,True,verified_source_pixels,source_video_counter,0,/home/fwromano/Documents/Code/experiments/VectorManifold/data/raw/video/sim2/Wolf2.mp4,2412,40.2,953b8ffbba462772e195371aa1ef4a4341eaf1ad24196e358f73c15fb86d85ab
sim2_cropped/Wolf2/Wolf2_219.png,Wolf2,wolf2,219,219,219,False,verified_source_pixels,source_video_counter,0,/home/fwromano/Documents/Code/experiments/VectorManifold/data/raw/video/sim2/Wolf2.mp4,2483,41.383333,283d56e008608a403480f19fb796db669a7faec8ec9710574fb3341d885b6cd5
sim2_cropped/Wolf2/Wolf2_220.png,Wolf2,wolf2,220,220,220,False,verified_source_pixels,source_video_counter,0,/home/fwromano/Documents/Code/experiments/VectorManifold/data/raw/video/sim2/Wolf2.mp4,2509,41.816666,e0659b6aac8489f9bf6707465854365a49a1ce80f4190ce1053b4b198ab87d53
sim2_cropped/Wolf2/Wolf2_221.png,Wolf2,wolf2,221,221,221,False,verified_source_pixels,source_video_counter,0,/home/fwromano/Documents/Code/experiments/VectorManifold/data/raw/video/sim2/Wolf2.mp4,2514,41.899999,4ad2ec333ee9718e2f2a0c7dffbf619928a2ccd61dbbdf3e027dd3fca8adf44d
sim2_cropped/Wolf2/Wolf2_222.png,Wolf2,wolf2,222,222,222,False,verified_source_pixels,source_video_counter,0,/home/fwromano/Documents/Code/experiments/VectorManifold/data/raw/video/sim2/Wolf2.mp4,2520,42.0,77cb04bd1bc3680df8e840ed03aac7a8646b1fd046df4203c3f856d0d3ed9c4a
sim2_cropped/Wolf2/Wolf2_224.png,Wolf2,wolf2,224,224,224,False,verified_source_pixels,source_video_counter,0,/home/fwromano/Documents/Code/experiments/VectorManifold/data/raw/video/sim2/Wolf2.mp4,2547,42.45,95d8a2d1da34f07dae6e2f9b68c94941e1c75ef9bcecfd74138b45a4c2232d9f
sim2_cropped/Wolf2/Wolf2_225.png,Wolf2,wolf2,225,225,225,False,verified_source_pixels,source_video_counter,0,/home/fwromano/Documents/Code/experiments/VectorManifold/data/raw/video/sim2/Wolf2.mp4,2563,42.716666,6016bfd092b742b9d36a2a9f1fe12d2c4cd4646cf30b1afcaf2d3f5071b2e033
sim2_cropped/Wolf2/Wolf2_226.png,Wolf2,wolf2,226,226,226,False,verified_source_pixels,source_video_counter,0,/home/fwromano/Documents/Code/experiments/VectorManifold/data/raw/video/sim2/Wolf2.mp4,2569,42.816666,af7c3b988570a9f1c65370cd536e54e72f534574da0f66ca4da93ff75d0b0856
sim2_cropped/Wolf2/Wolf2_227.png,Wolf2,wolf2,227,227,227,False,verified_source_pixels,source_video_counter,0,/home/fwromano/Documents/Code/experiments/VectorManifold/data/raw/video/sim2/Wolf2.mp4,2591,43.183333,0eb12a2c2fd1d5e4a0d9c4b60addd7484cc82a846153f4b15babc6ed69e112ca
sim2_cropped/Wolf2/Wolf2_228.png,Wolf2,wolf2,223,223,228,True,verified_source_pixels,source_video_counter,0,/home/fwromano/Documents/Code/experiments/VectorManifold/data/raw/video/sim2/Wolf2.mp4,2536,42.266667,65cfa6375bb09cf6793cfbb726c8339cfa3271e6afe81419c9c2befff808e533
sim2_cropped/Wolf2/Wolf2_229.png,Wolf2,wolf2,229,229,229,False,verified_source_pixels,source_video_counter,0,/home/fwromano/Documents/Code/experiments/VectorManifold/data/raw/video/sim2/Wolf2.mp4,2613,43.55,3c27a42a0997263687124fdce8c011e23ee4493fc3520306becbb759af871c8c
sim2_cropped/Wolf2/Wolf2_240.png,Wolf2,wolf2,240,240,240,False,verified_source_pixels,source_video_counter,0,/home/fwromano/Documents/Code/experiments/VectorManifold/data/raw/video/sim2/Wolf2.mp4,2747,45.783333,fd596e954f2e2c62a7e40a2a4d3d1baba0afb44ca5268375b4a025f2306dd0a7
sim2_cropped/Wolf2/Wolf2_241.png,Wolf2,wolf2,241,241,241,False,verified_source_pixels,source_video_counter,0,/home/fwromano/Documents/Code/experiments/VectorManifold/data/raw/video/sim2/Wolf2.mp4,2758,45.966667,b11b68ae0c32144db296b14bbdb8425c12ff669d9e83f781df2b0213d6b9967d
sim2_cropped/Wolf2/Wolf2_242.png,Wolf2,wolf2,242,242,242,False,verified_source_pixels,source_video_counter,0,/home/fwromano/Documents/Code/experiments/VectorManifold/data/raw/video/sim2/Wolf2.mp4,2763,46.05,196f79f4e828703a3a26a44e66faac449ac2d29cb89f77cf50cd604941ef3daa
sim2_cropped/Wolf2/Wolf2_244.png,Wolf2,wolf2,244,244,244,False,verified_source_pixels,source_video_counter,0,/home/fwromano/Documents/Code/experiments/VectorManifold/data/raw/video/sim2/Wolf2.mp4,2789,46.483333,711f37942678a74805ede308b78ee4280f927f0396da67a5adf74c85814d50d6
sim2_cropped/Wolf2/Wolf2_245.png,Wolf2,wolf2,245,245,245,False,verified_source_pixels,source_video_counter,0,/home/fwromano/Documents/Code/experiments/VectorManifold/data/raw/video/sim2/Wolf2.mp4,2806,46.766667,0874cb369be1db06317036c77be2158f8712432c3a1c2fcd65145158c97d3cc4
sim2_cropped/Wolf2/Wolf2_246.png,Wolf2,wolf2,246,246,246,False,verified_source_pixels,source_video_counter,0,/home/fwromano/Documents/Code/experiments/VectorManifold/data/raw/video/sim2/Wolf2.mp4,2813,46.883333,df9c13b7a36f8b3139277f99473167eab1f26589ada2e42c03822b3b8687fd36
sim2_cropped/Wolf2/Wolf2_247.png,Wolf2,wolf2,247,247,247,False,verified_source_pixels,source_video_counter,0,/home/fwromano/Documents/Code/experiments/VectorManifold/data/raw/video/sim2/Wolf2.mp4,2825,47.083333,5af421f5dd54e3f48c2d456e977de6c4ffb6eae23170ca1a398198935921dedd
sim2_cropped/Wolf2/Wolf2_248.png,Wolf2,wolf2,243,243,248,True,verified_source_pixels,source_video_counter,0,/home/fwromano/Documents/Code/experiments/VectorManifold/data/raw/video/sim2/Wolf2.mp4,2769,46.15,387d2167a8bfddc50f06b666029a4b4ea9a5f6b587ff51a194a89710b4b9d483
sim2_cropped/Wolf2/Wolf2_249.png,Wolf2,wolf2,249,249,249,False,verified_source_pixels,source_video_counter,0,/home/fwromano/Documents/Code/experiments/VectorManifold/data/raw/video/sim2/Wolf2.mp4,2851,47.516666,6ac92008414adc44ba6fb509ce601ee42f8e9a28d21e153d2fee24499f56a5e4
sim2_cropped/Wolf2/Wolf2_250.png,Wolf2,wolf2,250,250,250,False,verified_source_pixels,source_video_counter,0,/home/fwromano/Documents/Code/experiments/VectorManifold/data/raw/video/sim2/Wolf2.mp4,2861,47.683333,ed52aa58673d8c0c6bfcee689af3d6037754dd99476e5af3ce54c77994646f9e
sim2_cropped/Wolf2/Wolf2_251.png,Wolf2,wolf2,251,251,251,False,verified_source_pixels,source_video_counter,0,/home/fwromano/Documents/Code/experiments/VectorManifold/data/raw/video/sim2/Wolf2.mp4,2867,47.783333,c33449bc384081fe3112176b0e1f706c319b17abdd4a7a5cb3a57cd0b7772213
sim2_cropped/Wolf2/Wolf2_252.png,Wolf2,wolf2,252,252,252,False,verified_source_pixels,source_video_counter,0,/home/fwromano/Documents/Code/experiments/VectorManifold/data/raw/video/sim2/Wolf2.mp4,2884,48.066667,9a4cb8b8a970a3adf631cb0613bf8b550ef62de450716f7c69f180153e603dd3
sim2_cropped/Wolf2/Wolf2_254.png,Wolf2,wolf2,254,254,254,False,verified_source_pixels,source_video_counter,0,/home/fwromano/Documents/Code/experiments/VectorManifold/data/raw/video/sim2/Wolf2.mp4,2911,48.516666,38de03df19a64b21a362f4d411e9587c416ca51db4d3ab1150c6b1bfae8178ff
sim2_cropped/Wolf2/Wolf2_255.png,Wolf2,wolf2,255,255,255,False,verified_source_pixels,source_video_counter,0,/home/fwromano/Documents/Code/experiments/VectorManifold/data/raw/video/sim2/Wolf2.mp4,2923,48.716666,7efd78e3b618d3b53ec1a66bc51cfcc6195837c1823073723778c3e8380daa4d
sim2_cropped/Wolf2/Wolf2_256.png,Wolf2,wolf2,256,256,256,False,verified_source_pixels,source_video_counter,0,/home/fwromano/Documents/Code/experiments/VectorManifold/data/raw/video/sim2/Wolf2.mp4,2929,48.816666,c9ff33a3a19cecb19a20cbe3452b7b6c6815fd7bb7310a8ef686d42d2d1e3253
sim2_cropped/Wolf2/Wolf2_257.png,Wolf2,wolf2,257,257,257,False,verified_source_pixels,source_video_counter,0,/home/fwromano/Documents/Code/experiments/VectorManifold/data/raw/video/sim2/Wolf2.mp4,2945,49.083333,0610aea6822d9a69331e3e6974d12c75f377960d06fa9c1e5794d694117a8325
sim2_cropped/Wolf2/Wolf2_258.png,Wolf2,wolf2,253,253,258,True,verified_source_pixels,source_video_counter,0,/home/fwromano/Documents/Code/experiments/VectorManifold/data/raw/video/sim2/Wolf2.mp4,2900,48.333333,25388ddc6a6b09fda0b009b7fc2bf83f68094779da30018fae04fa5384fc998a
sim2_cropped/Wolf2/Wolf2_259.png,Wolf2,wolf2,259,259,259,False,verified_source_pixels,source_video_counter,0,/home/fwromano/Documents/Code/experiments/VectorManifold/data/raw/video/sim2/Wolf2.mp4,2973,49.55,3ee600ffaa9ee1ecb70d63d9bd0e6df7b461c3bb1740e56ae62a18de1099aa16
sim2_cropped/Wolf2/Wolf2_260.png,Wolf2,wolf2,260,260,260,False,verified_source_pixels,source_video_counter,0,/home/fwromano/Documents/Code/experiments/VectorManifold/data/raw/video/sim2/Wolf2.mp4,2978,49.633333,e4196b85b4dc7997b2110ee84ce61e9ce74db075d43564aaafa1b96b2997fe53
sim2_cropped/Wolf2/Wolf2_261.png,Wolf2,wolf2,261,261,261,False,verified_source_pixels,source_video_counter,0,/home/fwromano/Documents/Code/experiments/VectorManifold/data/raw/video/sim2/Wolf2.mp4,2989,49.816666,5548dfb67a0a698ca45c9a7d34bf7963628d70df7d71a0e9e59da16c991d279a
sim2_cropped/Wolf2/Wolf2_262.png,Wolf2,wolf2,262,262,262,False,verified_source_pixels,source_video_counter,0,/home/fwromano/Documents/Code/experiments/VectorManifold/data/raw/video/sim2/Wolf2.mp4,3000,50.0,b030b89c5cf0b2d95b5bbeb2c9376fc1d61ae4ec47f90afd39ab425cb7dc8720
sim2_cropped/Wolf2/Wolf2_264.png,Wolf2,wolf2,264,264,264,False,verified_source_pixels,source_video_counter,0,/home/fwromano/Documents/Code/experiments/VectorManifold/data/raw/video/sim2/Wolf2.mp4,3026,50.433333,c178f98bcef560420e1ce5d050d604340897ee43023ba06e3121b881c28f8861
sim2_cropped/Wolf2/Wolf2_265.png,Wolf2,wolf2,265,265,265,False,verified_source_pixels,source_video_counter,0,/home/fwromano/Documents/Code/experiments/VectorManifold/data/raw/video/sim2/Wolf2.mp4,3042,50.699999,426f376d8afd31c0b92e78acf691ea6c51afe54476926966ba8fd4ae56e00f27
sim2_cropped/Wolf2/Wolf2_266.png,Wolf2,wolf2,266,266,266,False,verified_source_pixels,source_video_counter,0,/home/fwromano/Documents/Code/experiments/VectorManifold/data/raw/video/sim2/Wolf2.mp4,3052,50.866667,60001ea4fd0ee45afe37f7b6f8788c6c49c93c9d4b922d550f35611f7eec9233
sim2_cropped/Wolf2/Wolf2_267.png,Wolf2,wolf2,267,267,267,False,verified_source_pixels,source_video_counter,0,/home/fwromano/Documents/Code/experiments/VectorManifold/data/raw/video/sim2/Wolf2.mp4,3058,50.966666,2c08d3b50c5ec242a854e41ba4fa1bd21f00b17a7d4517883d51c97d2a08e0dd
sim2_cropped/Wolf2/Wolf2_268.png,Wolf2,wolf2,263,263,268,True,verified_source_pixels,source_video_counter,0,/home/fwromano/Documents/Code/experiments/VectorManifold/data/raw/video/sim2/Wolf2.mp4,3016,50.266667,cdbf1648bf5178cefff375adc088847103b82658d76789ecad23a35d6d91b876
sim2_cropped/Wolf2/Wolf2_269.png,Wolf2,wolf2,269,269,269,False,verified_source_pixels,source_video_counter,0,/home/fwromano/Documents/Code/experiments/VectorManifold/data/raw/video/sim2/Wolf2.mp4,3084,51.4,0bc38dcf30265b798e930f2e763b9bddac6c4670be79a5346d2de32978ecad25
sim2_cropped/Wolf2/Wolf2_270.png,Wolf2,wolf2,270,270,270,False,verified_source_pixels,source_video_counter,0,/home/fwromano/Documents/Code/experiments/VectorManifold/data/raw/video/sim2/Wolf2.mp4,3100,51.666666,85e10352c23355ad84865c2d9b1356292e2acca923bb1ada8cda5a093d5091b0
sim2_cropped/Wolf2/Wolf2_271.png,Wolf2,wolf2,271,271,271,False,verified_source_pixels,source_video_counter,0,/home/fwromano/Documents/Code/experiments/VectorManifold/data/raw/video/sim2/Wolf2.mp4,3110,51.833333,3246018ef47f990bfbdac9ea54a23c76e90379373843508a40482f2376a2a41a
sim2_cropped/Wolf2/Wolf2_272.png,Wolf2,wolf2,272,272,272,False,verified_source_pixels,source_video_counter,0,/home/fwromano/Documents/Code/experiments/VectorManifold/data/raw/video/sim2/Wolf2.mp4,3126,52.1,c98354302d2c118f62569c91bdd689ee382a3bf6be6785e7b54e2956d0acd1df
sim2_cropped/Wolf2/Wolf2_274.png,Wolf2,wolf2,274,274,274,False,verified_source_pixels,source_video_counter,0,/home/fwromano/Documents/Code/experiments/VectorManifold/data/raw/video/sim2/Wolf2.mp4,3148,52.466666,3db7b6a13dfb3a9e2b051c7140efd1a130e7a631bb7ca476d04d77a5352e4b88
sim2_cropped/Wolf2/Wolf2_275.png,Wolf2,wolf2,275,275,275,False,verified_source_pixels,source_video_counter,0,/home/fwromano/Documents/Code/experiments/VectorManifold/data/raw/video/sim2/Wolf2.mp4,3158,52.633333,c7d45322fda16c7e4f5011d370f0c509b7d9b2c0c0add93acd8d1c4b972ec92d
sim2_cropped/Wolf2/Wolf2_276.png,Wolf2,wolf2,276,276,276,False,verified_source_pixels,source_video_counter,0,/home/fwromano/Documents/Code/experiments/VectorManifold/data/raw/video/sim2/Wolf2.mp4,3173,52.883333,a0b23c56f7d74e0348646cbf366fbcbb3db4a9b314ad7899ba1976964da63fc5
sim2_cropped/Wolf2/Wolf2_277.png,Wolf2,wolf2,277,277,277,False,verified_source_pixels,source_video_counter,0,/home/fwromano/Documents/Code/experiments/VectorManifold/data/raw/video/sim2/Wolf2.mp4,3183,53.05,ade0fd96c33d63b38cd0263d5ed59cc4d2c71857e9c390f218840a89077e72bb
sim2_cropped/Wolf2/Wolf2_278.png,Wolf2,wolf2,273,273,278,True,verified_source_pixels,source_video_counter,0,/home/fwromano/Documents/Code/experiments/VectorManifold/data/raw/video/sim2/Wolf2.mp4,3131,52.183333,d219e6c53edd87994f4c674e1b83c1ddff25926e39937913d7436916761ea741
sim2_cropped/Wolf2/Wolf2_279.png,Wolf2,wolf2,279,279,279,False,verified_source_pixels,source_video_counter,0,/home/fwromano/Documents/Code/experiments/VectorManifold/data/raw/video/sim2/Wolf2.mp4,3205,53.416666,88317c102b8d6ceecac4fa8e6ce7892ec096086bcab80bb69286fe8072759825
sim2_cropped/Wolf2/Wolf2_280.png,Wolf2,wolf2,230,230,280,True,verified_source_pixels,source_video_counter,0,/home/fwromano/Documents/Code/experiments/VectorManifold/data/raw/video/sim2/Wolf2.mp4,2618,43.633333,c733620e73fb9d6bd164ef1a0afeeaac227bb68f057f90ffedc9a210d812fe92
sim2_cropped/Wolf2/Wolf2_281.png,Wolf2,wolf2,231,231,281,True,verified_source_pixels,source_video_counter,0,/home/fwromano/Documents/Code/experiments/VectorManifold/data/raw/video/sim2/Wolf2.mp4,2630,43.833333,2b7f0d13353f0a6b9914f4ec813b701eafa9439f473327dfd576874978477d68
sim2_cropped/Wolf2/Wolf2_282.png,Wolf2,wolf2,232,232,282,True,verified_source_pixels,source_video_counter,0,/home/fwromano/Documents/Code/experiments/VectorManifold/data/raw/video/sim2/Wolf2.mp4,2648,44.133333,5833520de9ebd55f642de295d10d8d7404808e294193443638e46264bf6184d2
sim2_cropped/Wolf2/Wolf2_284.png,Wolf2,wolf2,234,234,284,True,verified_source_pixels,source_video_counter,0,/home/fwromano/Documents/Code/experiments/VectorManifold/data/raw/video/sim2/Wolf2.mp4,2665,44.416666,6ba0dab3fbc019fed214a1601d41446d7e6d50f58ea246f7c57460e656324846
sim2_cropped/Wolf2/Wolf2_285.png,Wolf2,wolf2,235,235,285,True,verified_source_pixels,source_video_counter,0,/home/fwromano/Documents/Code/experiments/VectorManifold/data/raw/video/sim2/Wolf2.mp4,2682,44.7,3c56e2c3d99b3bc4f9d78c9d7f95997c2d425c0aebf320753e3277754a1c26e5
sim2_cropped/Wolf2/Wolf2_286.png,Wolf2,wolf2,236,236,286,True,verified_source_pixels,source_video_counter,0,/home/fwromano/Documents/Code/experiments/VectorManifold/data/raw/video/sim2/Wolf2.mp4,2698,44.966667,e278fcd2528ceae039c6aa0515f3b458726d23b09a60a7f7c9295354c0e1c336
sim2_cropped/Wolf2/Wolf2_287.png,Wolf2,wolf2,237,237,287,True,verified_source_pixels,source_video_counter,0,/home/fwromano/Documents/Code/experiments/VectorManifold/data/raw/video/sim2/Wolf2.mp4,2708,45.133333,3a4c7a83d092e854ce2736667edc5b4b4f7dba19496f398dabea3cf825a7cdd6
sim2_cropped/Wolf2/Wolf2_288.png,Wolf2,wolf2,233,233,288,True,verified_source_pixels,source_video_counter,0,/home/fwromano/Documents/Code/experiments/VectorManifold/data/raw/video/sim2/Wolf2.mp4,2658,44.3,dc467b0a652bcc543697f943bc7d5b1884c7b6436d4d6ff848132ce2114ea8bd
sim2_cropped/Wolf2/Wolf2_289.png,Wolf2,wolf2,239,239,289,True,verified_source_pixels,source_video_counter,0,/home/fwromano/Documents/Code/experiments/VectorManifold/data/raw/video/sim2/Wolf2.mp4,2726,45.433333,8fb093b900372513ae0d9f555d02932c694a138cbbeb81af732b0ae3effe8544
sim2_cropped/Wolf2/Wolf2_290.png,Wolf2,wolf2,290,290,290,False,verified_source_pixels,source_video_counter,0,/home/fwromano/Documents/Code/experiments/VectorManifold/data/raw/video/sim2/Wolf2.mp4,3336,55.599999,dd748ee2a19e8836e3e30e62a8542f0a12aa0a577af0d06d13664e87386f6403
sim2_cropped/Wolf2/Wolf2_291.png,Wolf2,wolf2,291,291,291,False,verified_source_pixels,source_video_counter,0,/home/fwromano/Documents/Code/experiments/VectorManifold/data/raw/video/sim2/Wolf2.mp4,3348,55.8,65267a0384c66d000c609d267ffde8fadbe8d7f50ebf8e9aa93fdf2c4a245a61
sim2_cropped/Wolf2/Wolf2_292.png,Wolf2,wolf2,292,292,292,False,verified_source_pixels,source_video_counter,0,/home/fwromano/Documents/Code/experiments/VectorManifold/data/raw/video/sim2/Wolf2.mp4,3363,56.05,76507c352d86294727dc36619d4efa026c993e44e819241ce644ea06ec588dca
sim2_cropped/Wolf2/Wolf2_294.png,Wolf2,wolf2,294,294,294,False,verified_source_pixels,source_video_counter,0,/home/fwromano/Documents/Code/experiments/VectorManifold/data/raw/video/sim2/Wolf2.mp4,3388,56.466667,7453cfc548afd010e6ac340a7fc0dc4dad294beda121536c20f78d0077421e64
sim2_cropped/Wolf2/Wolf2_295.png,Wolf2,wolf2,295,295,295,False,verified_source_pixels,source_video_counter,0,/home/fwromano/Documents/Code/experiments/VectorManifold/data/raw/video/sim2/Wolf2.mp4,3399,56.65,6e31348c4f8c481df466231bd6cbf1e26b029c2a257546b74b1cbcd052cd927b
sim2_cropped/Wolf2/Wolf2_296.png,Wolf2,wolf2,296,296,296,False,verified_source_pixels,source_video_counter,0,/home/fwromano/Documents/Code/experiments/VectorManifold/data/raw/video/sim2/Wolf2.mp4,3409,56.816666,223326b63c8c5894957429f6de0d532e9fd3d5d2c53fff67253077d5f1f1ab07
sim2_cropped/Wolf2/Wolf2_297.png,Wolf2,wolf2,297,297,297,False,verified_source_pixels,source_video_counter,0,/home/fwromano/Documents/Code/experiments/VectorManifold/data/raw/video/sim2/Wolf2.mp4,3420,57.0,db2e726110e7576f3b5c28d3d60de72092e6d63d77d9182b7da9a0eba0cfed7c
sim2_cropped/Wolf2/Wolf2_298.png,Wolf2,wolf2,293,293,298,True,verified_source_pixels,source_video_counter,0,/home/fwromano/Documents/Code/experiments/VectorManifold/data/raw/video/sim2/Wolf2.mp4,3378,56.299999,d66e8071b47d191b1f4b06d1bccd7736bcddb6b0ac5fd63aecb9e997dacdeabd
sim2_cropped/Wolf2/Wolf2_299.png,Wolf2,wolf2,299,299,299,False,verified_source_pixels,source_video_counter,0,/home/fwromano/Documents/Code/experiments/VectorManifold/data/raw/video/sim2/Wolf2.mp4,3446,57.433333,6a6499170bcdabb4d298fcef7ce86204fc5dc6abec2518f718cd4bf30de1c569
sim2_cropped/Wolf2/Wolf2_800.png,Wolf2,wolf2,300,300,800,True,verified_source_pixels,source_video_counter,0,/home/fwromano/Documents/Code/experiments/VectorManifold/data/raw/video/sim2/Wolf2.mp4,3461,57.683333,cff12b369ba91ef4c874d72250787aef8d71cd4a0b62f4734cd18151b2f36e16
sim2_cropped/Wolf2/Wolf2_801.png,Wolf2,wolf2,301,301,801,True,verified_source_pixels,source_video_counter,0,/home/fwromano/Documents/Code/experiments/VectorManifold/data/raw/video/sim2/Wolf2.mp4,3472,57.866667,5da14f6d59cc3b0a44d480d01e2298124a6c5419568e8a6e2374ac3fc3da8380
sim2_cropped/Wolf2/Wolf2_802.png,Wolf2,wolf2,302,302,802,True,verified_source_pixels,source_video_counter,0,/home/fwromano/Documents/Code/experiments/VectorManifold/data/raw/video/sim2/Wolf2.mp4,3483,58.05,5849a330e89227e2b843df5a5db4d39c6b93c27ddcb4bab10b5f284578140cef
sim2_cropped/Wolf2/Wolf2_804.png,Wolf2,wolf2,304,304,804,True,verified_source_pixels,source_video_counter,0,/home/fwromano/Documents/Code/experiments/VectorManifold/data/raw/video/sim2/Wolf2.mp4,3505,58.416666,13d2a9ede05b5010c16d0af653e3d2806dd68b2f67cc2a62740b2befa2bc551f
sim2_cropped/Wolf2/Wolf2_805.png,Wolf2,wolf2,305,305,805,True,verified_source_pixels,source_video_counter,0,/home/fwromano/Documents/Code/experiments/VectorManifold/data/raw/video/sim2/Wolf2.mp4,3519,58.65,5f3d4bb95d5228bf07bfe3510c3f4cca43fe95481d0418b676aed54f0e3b862c
sim2_cropped/Wolf2/Wolf2_806.png,Wolf2,wolf2,306,306,806,True,verified_source_pixels,source_video_counter,0,/home/fwromano/Documents/Code/experiments/VectorManifold/data/raw/video/sim2/Wolf2.mp4,3531,58.85,027847d9b468d6b8d6fabfda51c8e8bfe648161c075bf5e6d6d9de3ccb00b590
sim2_cropped/Wolf2/Wolf2_807.png,Wolf2,wolf2,307,307,807,True,verified_source_pixels,source_video_counter,0,/home/fwromano/Documents/Code/experiments/VectorManifold/data/raw/video/sim2/Wolf2.mp4,3541,59.016666,93139e9f4b35afa870b35e60cb840672114c0f4f3e645c632f5d273c9497d750
sim2_cropped/Wolf2/Wolf2_808.png,Wolf2,wolf2,303,303,808,True,verified_source_pixels,source_video_counter,0,/home/fwromano/Documents/Code/experiments/VectorManifold/data/raw/video/sim2/Wolf2.mp4,3494,58.233333,748c2cf66ac34208bc15981891be03d991cce3489d8f9db6c7f0017c3ce13a4a
sim2_cropped/Wolf2/Wolf2_809.png,Wolf2,wolf2,309,309,809,True,verified_source_pixels,source_video_counter,0,/home/fwromano/Documents/Code/experiments/VectorManifold/data/raw/video/sim2/Wolf2.mp4,3566,59.433333,25bede9bdc3cdb109c71f1f315d3466e7d27ffaf345902c25320b5dc222c3bc3
sim2_cropped/Wolf2/Wolf2_810.png,Wolf2,wolf2,310,310,810,True,verified_source_pixels,source_video_counter,0,/home/fwromano/Documents/Code/experiments/VectorManifold/data/raw/video/sim2/Wolf2.mp4,3578,59.633333,e8e552ed52caa5d9f6d3591170acd99d8d8d4de090c1f747ae3bf246ea72dfd6
sim2_cropped/Wolf2/Wolf2_811.png,Wolf2,wolf2,311,311,811,True,verified_source_pixels,source_video_counter,0,/home/fwromano/Documents/Code/experiments/VectorManifold/data/raw/video/sim2/Wolf2.mp4,3588,59.8,3efd032642150f6213b19fe6f1d56dc66708f44bc48f8ecfd564feec353faa47
sim2_cropped/Wolf2/Wolf2_812.png,Wolf2,wolf2,312,312,812,True,verified_source_pixels,source_video_counter,0,/home/fwromano/Documents/Code/experiments/VectorManifold/data/raw/video/sim2/Wolf2.mp4,3609,60.15,b16963b948ecc7ea9a07775fba199c07f24475906e7ac73a9ed25d40f602392a
sim2_cropped/Wolf2/Wolf2_814.png,Wolf2,wolf2,314,314,814,True,verified_source_pixels,source_video_counter,0,/home/fwromano/Documents/Code/experiments/VectorManifold/data/raw/video/sim2/Wolf2.mp4,3631,60.516666,610d4af9b15d060287d637fd6c4cbd2970daf285441f9562e03b50d5c1b3d415
sim2_cropped/Wolf2/Wolf2_815.png,Wolf2,wolf2,315,315,815,True,verified_source_pixels,source_video_counter,0,/home/fwromano/Documents/Code/experiments/VectorManifold/data/raw/video/sim2/Wolf2.mp4,3636,60.599999,83e89ea74f73c5db0555407a2c784000dc4c247353d1ec84b076acc99d7a75f4
sim2_cropped/Wolf2/Wolf2_816.png,Wolf2,wolf2,316,316,816,True,verified_source_pixels,source_video_counter,0,/home/fwromano/Documents/Code/experiments/VectorManifold/data/raw/video/sim2/Wolf2.mp4,3651,60.85,4bcad00013d9901b25187626d2a53a6c8de40abec491a717b56708977c9c36fa
sim2_cropped/Wolf2/Wolf2_817.png,Wolf2,wolf2,317,317,817,True,verified_source_pixels,source_video_counter,0,/home/fwromano/Documents/Code/experiments/VectorManifold/data/raw/video/sim2/Wolf2.mp4,3661,61.016666,0cf27e696f5a3e5fc5a5405515337bbe7ef97ce00e28c01d86e5555d32eb1844
sim2_cropped/Wolf2/Wolf2_818.png,Wolf2,wolf2,313,313,818,True,verified_source_pixels,source_video_counter,0,/home/fwromano/Documents/Code/experiments/VectorManifold/data/raw/video/sim2/Wolf2.mp4,3619,60.316666,00ca92d38cb284e4c05e97c2adac242837904c95360c99a7f27869d1256cca87
sim2_cropped/Wolf2/Wolf2_819.png,Wolf2,wolf2,319,319,819,True,verified_source_pixels,source_video_counter,0,/home/fwromano/Documents/Code/experiments/VectorManifold/data/raw/video/sim2/Wolf2.mp4,3687,61.45,40849a52863a7f4b9920782132a84797609c1bd7aebecb9584d8a4e6ff671e3f
sim2_cropped/Wolf2/Wolf2_820.png,Wolf2,wolf2,320,320,820,True,verified_source_pixels,source_video_counter,0,/home/fwromano/Documents/Code/experiments/VectorManifold/data/raw/video/sim2/Wolf2.mp4,3698,61.633333,cee1ca41e40436c537a7c6fce514e73222d6305296a8bc36cb7f05cf2631f4c3
sim2_cropped/Wolf2/Wolf2_821.png,Wolf2,wolf2,321,321,821,True,verified_source_pixels,source_video_counter,0,/home/fwromano/Documents/Code/experiments/VectorManifold/data/raw/video/sim2/Wolf2.mp4,3708,61.799999,99f2409982736206de4aea3656c249c05e9c881a2036143d658c0ded54fc8e0f
sim2_cropped/Wolf2/Wolf2_822.png,Wolf2,wolf2,322,322,822,True,verified_source_pixels,source_video_counter,0,/home/fwromano/Documents/Code/experiments/VectorManifold/data/raw/video/sim2/Wolf2.mp4,3729,62.15,3e656564a786bbfea381f83d1beca89ab78217b5644c435f03878b87f122119c
sim2_cropped/Wolf2/Wolf2_824.png,Wolf2,wolf2,324,324,824,True,verified_source_pixels,source_video_counter,0,/home/fwromano/Documents/Code/experiments/VectorManifold/data/raw/video/sim2/Wolf2.mp4,3750,62.5,c26e718135b01bf31c140d39b10c1697c3c5c240ed9d2cf5a88cdde43c6aa7af
sim2_cropped/Wolf2/Wolf2_825.png,Wolf2,wolf2,325,325,825,True,verified_source_pixels,source_video_counter,0,/home/fwromano/Documents/Code/experiments/VectorManifold/data/raw/video/sim2/Wolf2.mp4,3755,62.583333,543f282e77856b64d67286cce6bd9eca9556aa56414d302111990c292e7a5bc5
sim2_cropped/Wolf2/Wolf2_826.png,Wolf2,wolf2,326,326,826,True,verified_source_pixels,source_video_counter,0,/home/fwromano/Documents/Code/experiments/VectorManifold/data/raw/video/sim2/Wolf2.mp4,3771,62.85,5d40b1eb606fd96ee8de584dc7c9378b5b683349b82130e1a1902a0e75ed9a2d
sim2_cropped/Wolf2/Wolf2_827.png,Wolf2,wolf2,327,327,827,True,verified_source_pixels,source_video_counter,0,/home/fwromano/Documents/Code/experiments/VectorManifold/data/raw/video/sim2/Wolf2.mp4,3786,63.1,14b1df1e5857465743215104b796eb8f8ebc3cbcd380f42a550674805d65a111
sim2_cropped/Wolf2/Wolf2_828.png,Wolf2,wolf2,323,323,828,True,verified_source_pixels,source_video_counter,0,/home/fwromano/Documents/Code/experiments/VectorManifold/data/raw/video/sim2/Wolf2.mp4,3739,62.316666,4722a5815549e8889aa8daa9d16f48fcb45c8965fb3424fcaf13d3bde7299cb9
sim2_cropped/Wolf2/Wolf2_829.png,Wolf2,wolf2,329,329,829,True,verified_source_pixels,source_video_counter,0,/home/fwromano/Documents/Code/experiments/VectorManifold/data/raw/video/sim2/Wolf2.mp4,3807,63.45,ce929f6804cce1c4ee5d485267476a8276815c36030019fa0b7220c3b32cebfd
sim2_cropped/Wolf2/Wolf2_840.png,Wolf2,wolf2,340,340,840,True,verified_source_pixels,source_video_counter,0,/home/fwromano/Documents/Code/experiments/VectorManifold/data/raw/video/sim2/Wolf2.mp4,3943,65.716666,673833cf2b6b342308c35c4c40864a0116f675ff3d945318fd4515059ca4f16c
sim2_cropped/Wolf2/Wolf2_841.png,Wolf2,wolf2,341,341,841,True,verified_source_pixels,source_video_counter,0,/home/fwromano/Documents/Code/experiments/VectorManifold/data/raw/video/sim2/Wolf2.mp4,3948,65.8,e0af0ead32211701a1cea52e064de4916f0bcd642485e2bfd1fcdaf0294b91d0
sim2_cropped/Wolf2/Wolf2_842.png,Wolf2,wolf2,342,342,842,True,verified_source_pixels,source_video_counter,0,/home/fwromano/Documents/Code/experiments/VectorManifold/data/raw/video/sim2/Wolf2.mp4,3964,66.066667,dc3e5227fc333bfbc3303cce6bdd777f9f71694644fe16baa55ecfa23092c983
sim2_cropped/Wolf2/Wolf2_844.png,Wolf2,wolf2,344,344,844,True,verified_source_pixels,source_video_counter,0,/home/fwromano/Documents/Code/experiments/VectorManifold/data/raw/video/sim2/Wolf2.mp4,3988,66.466667,0c52bd6f82f334325f886aec7283218de1c3e7f11075437051ab3082f2266ca9
sim2_cropped/Wolf2/Wolf2_845.png,Wolf2,wolf2,345,345,845,True,verified_source_pixels,source_video_counter,0,/home/fwromano/Documents/Code/experiments/VectorManifold/data/raw/video/sim2/Wolf2.mp4,3998,66.633333,6a5ecf49baeaf9db41b2c9e7ee369b0798839574e517aefac85acb3a889857df
sim2_cropped/Wolf2/Wolf2_846.png,Wolf2,wolf2,346,346,846,True,verified_source_pixels,source_video_counter,0,/home/fwromano/Documents/Code/experiments/VectorManifold/data/raw/video/sim2/Wolf2.mp4,4010,66.833333,71b046144ca05ad99cafbe0b949ac1f57ca542e1bbd0e0a28efcc18f694a6318
sim2_cropped/Wolf2/Wolf2_847.png,Wolf2,wolf2,347,347,847,True,verified_source_pixels,source_video_counter,0,/home/fwromano/Documents/Code/experiments/VectorManifold/data/raw/video/sim2/Wolf2.mp4,4019,66.983333,53466281d11bec7d1326e225a04eada28256faedbb469b10fb578ce0b9e959c9
sim2_cropped/Wolf2/Wolf2_848.png,Wolf2,wolf2,343,343,848,True,verified_source_pixels,source_video_counter,0,/home/fwromano/Documents/Code/experiments/VectorManifold/data/raw/video/sim2/Wolf2.mp4,3978,66.299999,386a4c6e2466398e56bf30ea23c9204a333efbff4782cfd4552acc197633dec8
sim2_cropped/Wolf2/Wolf2_850.png,Wolf2,wolf2,350,350,850,True,verified_source_pixels,source_video_counter,0,/home/fwromano/Documents/Code/experiments/VectorManifold/data/raw/video/sim2/Wolf2.mp4,4053,67.55,e2c559e7b5ac4e4c30bc885efdfcc1c07ff6084600804fc02e9db8cbc3b9f1ee
sim2_cropped/Wolf2/Wolf2_852.png,Wolf2,wolf2,352,352,852,True,verified_source_pixels,source_video_counter,0,/home/fwromano/Documents/Code/experiments/VectorManifold/data/raw/video/sim2/Wolf2.mp4,4087,68.116666,8ec024d61d9e683b17787c42ef6d5980f4ce2ad7795a56f548472ab644186688
sim2_cropped/Wolf2/Wolf2_858.png,Wolf2,wolf2,353,353,858,True,verified_source_pixels,source_video_counter,0,/home/fwromano/Documents/Code/experiments/VectorManifold/data/raw/video/sim2/Wolf2.mp4,4094,68.233333,a00d31b2e2265e90d2e14ba8207eb8d80df76c4e5a85183826fce00b9a8ac467
sim2_cropped/Wolf2/Wolf2_880.png,Wolf2,wolf2,330,330,880,True,verified_source_pixels,source_video_counter,0,/home/fwromano/Documents/Code/experiments/VectorManifold/data/raw/video/sim2/Wolf2.mp4,3817,63.616666,4fc81e026707fcd2f28fb6b3aa43f13c03bf1ffad34a21d12e4a90359f9a6cb6
sim2_cropped/Wolf2/Wolf2_881.png,Wolf2,wolf2,331,331,881,True,verified_source_pixels,source_video_counter,0,/home/fwromano/Documents/Code/experiments/VectorManifold/data/raw/video/sim2/Wolf2.mp4,3832,63.866666,a77318729090ffb17bcbb76cc2117e187422972b222df7aa9508ed1ddc82d4d3
sim2_cropped/Wolf2/Wolf2_882.png,Wolf2,wolf2,332,332,882,True,verified_source_pixels,source_video_counter,0,/home/fwromano/Documents/Code/experiments/VectorManifold/data/raw/video/sim2/Wolf2.mp4,3843,64.05,88a8c6ec09cc83f2992bcce05bacfaa459388121416553a46a6fba0fd86e2d98
sim2_cropped/Wolf2/Wolf2_884.png,Wolf2,wolf2,334,334,884,True,verified_source_pixels,source_video_counter,0,/home/fwromano/Documents/Code/experiments/VectorManifold/data/raw/video/sim2/Wolf2.mp4,3864,64.4,5f92bc9f4c39126a2b7b9c4742778b0e839db9dab72feedf1edcebaf933af6c3
sim2_cropped/Wolf2/Wolf2_885.png,Wolf2,wolf2,335,335,885,True,verified_source_pixels,source_video_counter,0,/home/fwromano/Documents/Code/experiments/VectorManifold/data/raw/video/sim2/Wolf2.mp4,3879,64.65,22a2bca58267609e6659a64cc446b88ab2ed049d6f81bfaf081508226f4e7c9c
sim2_cropped/Wolf2/Wolf2_886.png,Wolf2,wolf2,336,336,886,True,verified_source_pixels,source_video_counter,0,/home/fwromano/Documents/Code/experiments/VectorManifold/data/raw/video/sim2/Wolf2.mp4,3890,64.833333,d076f690ed09578dbe835d4fdd99aef776afcb75b1cd91073353f100b124c30d
sim2_cropped/Wolf2/Wolf2_887.png,Wolf2,wolf2,337,337,887,True,verified_source_pixels,source_video_counter,0,/home/fwromano/Documents/Code/experiments/VectorManifold/data/raw/video/sim2/Wolf2.mp4,3901,65.016666,29499c1dab68086e77383f789a47907d98719df77bf0cb2c68a6e16355d8de41
sim2_cropped/Wolf2/Wolf2_888.png,Wolf2,wolf2,333,333,888,True,verified_source_pixels,source_video_counter,0,/home/fwromano/Documents/Code/experiments/VectorManifold/data/raw/video/sim2/Wolf2.mp4,3854,64.233333,66060eb3bef67e3921dadb436c702f4c2574f9db28e4795935df896434be4a32
sim2_cropped/Wolf2/Wolf2_889.png,Wolf2,wolf2,339,339,889,True,verified_source_pixels,source_video_counter,0,/home/fwromano/Documents/Code/experiments/VectorManifold/data/raw/video/sim2/Wolf2.mp4,3931,65.516666,88079b88b93418d94154da0e58ddb3eb1d36ee7d717e7fff91ab74bff67526de
sim2_cropped/Yellow/Yellow_011.png,Yellow,jeep,11,11,11,False,verified_source_pixels,source_video_counter,0,/home/fwromano/Documents/Code/experiments/VectorManifold/data/raw/video/sim2/Yellow.mp4,0,0.0,c5970587b33ce1813435b8f363dd426521c08c901b375bbdb131c0f6fea84a6f
sim2_cropped/Yellow/Yellow_012.png,Yellow,jeep,12,12,12,False,verified_source_pixels,source_video_counter,0,/home/fwromano/Documents/Code/experiments/VectorManifold/data/raw/video/sim2/Yellow.mp4,4,0.066667,ab97787d3f63ec146c39f29ca14ccb3c72af615637d9759f9f2c6359c2f906db
sim2_cropped/Yellow/Yellow_013.png,Yellow,jeep,13,13,13,False,verified_source_pixels,source_video_counter,0,/home/fwromano/Documents/Code/experiments/VectorManifold/data/raw/video/sim2/Yellow.mp4,17,0.283333,ce509ac3b8b59a50940b3450ff831004c3f873699b9d8b6a6278435d9809e4bf
sim2_cropped/Yellow/Yellow_014.png,Yellow,jeep,14,14,14,False,verified_source_pixels,source_video_counter,0,/home/fwromano/Documents/Code/experiments/VectorManifold/data/raw/video/sim2/Yellow.mp4,28,0.466667,484a71d573353dc612da4fb73be176213a88f11b01c1d82a66acb2e3a82fdd3b
sim2_cropped/Yellow/Yellow_015.png,Yellow,jeep,15,15,15,False,verified_source_pixels,source_video_counter,0,/home/fwromano/Documents/Code/experiments/VectorManifold/data/raw/video/sim2/Yellow.mp4,39,0.65,dc8af15565009f305f9a366248426b9ffd7ef3f5616883046ad8ab222d10f321
sim2_cropped/Yellow/Yellow_016.png,Yellow,jeep,16,16,16,False,verified_source_pixels,source_video_counter,0,/home/fwromano/Documents/Code/experiments/VectorManifold/data/raw/video/sim2/Yellow.mp4,50,0.833333,4a69028f7d7308cc79eded9a94a31c62b54b81d2227389403ca8c91e815c9667
sim2_cropped/Yellow/Yellow_017.png,Yellow,jeep,17,17,17,False,verified_source_pixels,source_video_counter,0,/home/fwromano/Documents/Code/experiments/VectorManifold/data/raw/video/sim2/Yellow.mp4,62,1.033333,4c0e66b0c9a40f32c2201e7b394e2b243d5da42354fef581a217bee4f544ffad
sim2_cropped/Yellow/Yellow_018.png,Yellow,jeep,13,13,18,True,verified_source_pixels,source_video_counter,0,/home/fwromano/Documents/Code/experiments/VectorManifold/data/raw/video/sim2/Yellow.mp4,22,0.366667,daf3f93f7c8217e691a874f2712583f2726321396668261e71ef4357766d5165
sim2_cropped/Yellow/Yellow_019.png,Yellow,jeep,19,19,19,False,verified_source_pixels,source_video_counter,0,/home/fwromano/Documents/Code/experiments/VectorManifold/data/raw/video/sim2/Yellow.mp4,90,1.5,b4c05d47f3e4be25105fe15cd581d8bec9933a384fe141088a11cfb284add4a6
sim2_cropped/Yellow/Yellow_020.png,Yellow,jeep,20,20,20,False,verified_source_pixels,source_video_counter,0,/home/fwromano/Documents/Code/experiments/VectorManifold/data/raw/video/sim2/Yellow.mp4,101,1.683333,605d607c6ff73b6459ab69cea0ec68c199a8637881edf8e0250a81a1ad522927
sim2_cropped/Yellow/Yellow_021.png,Yellow,jeep,21,21,21,False,verified_source_pixels,source_video_counter,0,/home/fwromano/Documents/Code/experiments/VectorManifold/data/raw/video/sim2/Yellow.mp4,113,1.883334,15a322746e5a258e01348b62cfe3668ad8421cd1658869d06576bd559c1562f1
sim2_cropped/Yellow/Yellow_022.png,Yellow,jeep,22,22,22,False,verified_source_pixels,source_video_counter,0,/home/fwromano/Documents/Code/experiments/VectorManifold/data/raw/video/sim2/Yellow.mp4,123,2.05,16be2216543e3b82a555645828d94a08129c0dbecc9b8b335e9e9382ffc95161
sim2_cropped/Yellow/Yellow_023.png,Yellow,jeep,23,23,23,False,verified_source_pixels,source_video_counter,0,/home/fwromano/Documents/Code/experiments/VectorManifold/data/raw/video/sim2/Yellow.mp4,136,2.266667,da1cb9ac61cff762413fdd9ca1c36a1156ed5a8a0ce5ad40116ad885b048a4bf
sim2_cropped/Yellow/Yellow_024.png,Yellow,jeep,24,24,24,False,verified_source_pixels,source_video_counter,0,/home/fwromano/Documents/Code/experiments/VectorManifold/data/raw/video/sim2/Yellow.mp4,147,2.45,b77aa8349e3a16258dd9e9ec861bfaed46e185799b77ac6b74708ad3c1a46483
sim2_cropped/Yellow/Yellow_025.png,Yellow,jeep,25,25,25,False,verified_source_pixels,source_video_counter,0,/home/fwromano/Documents/Code/experiments/VectorManifold/data/raw/video/sim2/Yellow.mp4,158,2.633333,e7896a6a30eb0f18c880b6a42513780cffde8e26959aa112492c1a08d20cb395
sim2_cropped/Yellow/Yellow_026.png,Yellow,jeep,26,26,26,False,verified_source_pixels,source_video_counter,0,/home/fwromano/Documents/Code/experiments/VectorManifold/data/raw/video/sim2/Yellow.mp4,175,2.916666,5c9c74bd9ce0340bd87d2c78db4ae3957c9b79dd75324f91688e3346401db089
sim2_cropped/Yellow/Yellow_027.png,Yellow,jeep,27,27,27,False,verified_source_pixels,source_video_counter,0,/home/fwromano/Documents/Code/experiments/VectorManifold/data/raw/video/sim2/Yellow.mp4,186,3.1,3a269b8252ac5700c4781fd656657ca7be4633d4fc833b4f74c2eb441cee4b89
sim2_cropped/Yellow/Yellow_028.png,Yellow,jeep,28,28,28,False,verified_source_pixels,source_video_counter,0,/home/fwromano/Documents/Code/experiments/VectorManifold/data/raw/video/sim2/Yellow.mp4,197,3.283334,32cbddb5b6f9e3a5d17c8d64d4bab88e86926218ccbc56ae2beda6aefffa70b3
sim2_cropped/Yellow/Yellow_029.png,Yellow,jeep,29,29,29,False,verified_source_pixels,source_video_counter,0,/home/fwromano/Documents/Code/experiments/VectorManifold/data/raw/video/sim2/Yellow.mp4,209,3.483334,6c131eaae5dd4b394b8170663de381bd86b82f863d12a293fab5ed51aeb928e3
sim2_cropped/Yellow/Yellow_030.png,Yellow,jeep,30,30,30,False,verified_source_pixels,source_video_counter,0,/home/fwromano/Documents/Code/experiments/VectorManifold/data/raw/video/sim2/Yellow.mp4,221,3.683334,5f13caf75256a15e1b1cbd7f0070e3a9e881f4d7a3f43730a55e853bcff3d8d8
sim2_cropped/Yellow/Yellow_031.png,Yellow,jeep,31,31,31,False,verified_source_pixels,source_video_counter,0,/home/fwromano/Documents/Code/experiments/VectorManifold/data/raw/video/sim2/Yellow.mp4,232,3.866667,398759c85eb01aeda4ccf1bcc29fc82d7cfc909e37696b58c5d745cb1c498a87
sim2_cropped/Yellow/Yellow_036.png,Yellow,jeep,36,36,36,False,verified_source_pixels,source_video_counter,0,/home/fwromano/Documents/Code/experiments/VectorManifold/data/raw/video/sim2/Yellow.mp4,294,4.9,9ea802acf9158aec25e140e377934718f11af40a34028ea809cdaaaf61196c9d
sim2_cropped/Yellow/Yellow_037.png,Yellow,jeep,37,37,37,False,verified_source_pixels,source_video_counter,0,/home/fwromano/Documents/Code/experiments/VectorManifold/data/raw/video/sim2/Yellow.mp4,305,5.083334,7c0364d96d80315be24246a2aba1dde107cd6617dbc7a3b6f76812bae1d7c209
sim2_cropped/Yellow/Yellow_038.png,Yellow,jeep,38,38,38,False,verified_source_pixels,source_video_counter,0,/home/fwromano/Documents/Code/experiments/VectorManifold/data/raw/video/sim2/Yellow.mp4,311,5.183333,714af1db0006134af59101e080779296a2f4b3dfb2d1f1d893cf1445e8ad0b06
sim2_cropped/Yellow/Yellow_039.png,Yellow,jeep,39,39,39,False,verified_source_pixels,source_video_counter,0,/home/fwromano/Documents/Code/experiments/VectorManifold/data/raw/video/sim2/Yellow.mp4,323,5.383333,a206a4517f439a507a4209c370ea8b4e6762362eae575448b74f597e48871409
sim2_cropped/Yellow/Yellow_040.png,Yellow,jeep,40,40,40,False,verified_source_pixels,source_video_counter,0,/home/fwromano/Documents/Code/experiments/VectorManifold/data/raw/video/sim2/Yellow.mp4,340,5.666667,74e3a88a611e44e0015b0e217b7292a166dbd966780ae1d12ffa4111eff4fbf2
sim2_cropped/Yellow/Yellow_041.png,Yellow,jeep,41,41,41,False,verified_source_pixels,source_video_counter,0,/home/fwromano/Documents/Code/experiments/VectorManifold/data/raw/video/sim2/Yellow.mp4,351,5.85,e37ad28f9098336e13e5c1d8d6b9326211f256eeb90275c4d17e970a08c6e0b5
sim2_cropped/Yellow/Yellow_042.png,Yellow,jeep,42,42,42,False,verified_source_pixels,source_video_counter,0,/home/fwromano/Documents/Code/experiments/VectorManifold/data/raw/video/sim2/Yellow.mp4,363,6.05,86b49d8c0a8b197f6fe204907f3c4b83e1b3d782f2315229dcef3ffcf0d22d6a
sim2_cropped/Yellow/Yellow_043.png,Yellow,jeep,43,43,43,False,verified_source_pixels,source_video_counter,0,/home/fwromano/Documents/Code/experiments/VectorManifold/data/raw/video/sim2/Yellow.mp4,374,6.233333,5e9940b375c033814ee5b190f24f61cc24bdab982a398edb97708257998ae3dc
sim2_cropped/Yellow/Yellow_044.png,Yellow,jeep,44,44,44,False,verified_source_pixels,source_video_counter,0,/home/fwromano/Documents/Code/experiments/VectorManifold/data/raw/video/sim2/Yellow.mp4,391,6.516667,73c31364660dd928a08440e594f920db82f2de7e2b0a0a1d63e821b99c3f700e
sim2_cropped/Yellow/Yellow_045.png,Yellow,jeep,45,45,45,False,verified_source_pixels,source_video_counter,0,/home/fwromano/Documents/Code/experiments/VectorManifold/data/raw/video/sim2/Yellow.mp4,402,6.7,e34c4fd3e132ff40ccbeb0627377a191e1fe06f603ced847749283819fa5bed1
sim2_cropped/Yellow/Yellow_046.png,Yellow,jeep,46,46,46,False,verified_source_pixels,source_video_counter,0,/home/fwromano/Documents/Code/experiments/VectorManifold/data/raw/video/sim2/Yellow.mp4,414,6.9,6eec8402342c7f332c1a28ebd69311b55945dee63c93b2b25964785027117127
sim2_cropped/Yellow/Yellow_047.png,Yellow,jeep,47,47,47,False,verified_source_pixels,source_video_counter,0,/home/fwromano/Documents/Code/experiments/VectorManifold/data/raw/video/sim2/Yellow.mp4,424,7.066667,8b2171c9f9c5fdb69de9ca183697b7a75ad6a8b85afd5aeded7a334779300d4b
sim2_cropped/Yellow/Yellow_048.png,Yellow,jeep,43,43,48,True,verified_source_pixels,source_video_counter,0,/home/fwromano/Documents/Code/experiments/VectorManifold/data/raw/video/sim2/Yellow.mp4,386,6.433333,5397f96e710e255fc138253b3f7ca0495850f355d5b56f4cbed30cb5ca30e1b3
sim2_cropped/Yellow/Yellow_049.png,Yellow,jeep,49,49,49,False,verified_source_pixels,source_video_counter,0,/home/fwromano/Documents/Code/experiments/VectorManifold/data/raw/video/sim2/Yellow.mp4,447,7.45,9bd8459a3d5b63d9044839c12dab4618558693572d303512d21355e028e65ae0
sim2_cropped/Yellow/Yellow_050.png,Yellow,jeep,50,50,50,False,verified_source_pixels,source_video_counter,0,/home/fwromano/Documents/Code/experiments/VectorManifold/data/raw/video/sim2/Yellow.mp4,459,7.65,721a9119bdc9867ef222663c5b978c2d6eb830e06a342b77ce8b171542340c22
sim2_cropped/Yellow/Yellow_051.png,Yellow,jeep,51,51,51,False,verified_source_pixels,source_video_counter,0,/home/fwromano/Documents/Code/experiments/VectorManifold/data/raw/video/sim2/Yellow.mp4,470,7.833333,9dced0b9d67353ffcd80ba95f26030a632d8895b9d0eca354dff028ccc921b0a
sim2_cropped/Yellow/Yellow_052.png,Yellow,jeep,52,52,52,False,verified_source_pixels,source_video_counter,0,/home/fwromano/Documents/Code/experiments/VectorManifold/data/raw/video/sim2/Yellow.mp4,487,8.116667,eedaea411a8d0a535ee078043a323cf16b88b974bdfd58e57b38fe06b6171f46
sim2_cropped/Yellow/Yellow_053.png,Yellow,jeep,53,53,53,False,verified_source_pixels,source_video_counter,0,/home/fwromano/Documents/Code/experiments/VectorManifold/data/raw/video/sim2/Yellow.mp4,498,8.3,fdd0c623f0fc46afcbb86168f282ae95854e1e669782c612754c3b63eef6ac37
sim2_cropped/Yellow/Yellow_054.png,Yellow,jeep,54,54,54,False,verified_source_pixels,source_video_counter,0,/home/fwromano/Documents/Code/experiments/VectorManifold/data/raw/video/sim2/Yellow.mp4,510,8.5,fc707edcd57f4eaa123eec001e52c0b17915c9e28e2dc2ecebc5830105a4da25
sim2_cropped/Yellow/Yellow_055.png,Yellow,jeep,55,55,55,False,verified_source_pixels,source_video_counter,0,/home/fwromano/Documents/Code/experiments/VectorManifold/data/raw/video/sim2/Yellow.mp4,521,8.683333,2329723d24bcc7cb72234e0e2812f16b47da0be20ab4ae444027e0bf6f33ff28
sim2_cropped/Yellow/Yellow_056.png,Yellow,jeep,56,56,56,False,verified_source_pixels,source_video_counter,0,/home/fwromano/Documents/Code/experiments/VectorManifold/data/raw/video/sim2/Yellow.mp4,533,8.883333,77cc314ca724255f27d29710db3e4edd54a75966b3ca92d668c7b73fe7592acf
sim2_cropped/Yellow/Yellow_057.png,Yellow,jeep,57,57,57,False,verified_source_pixels,source_video_counter,0,/home/fwromano/Documents/Code/experiments/VectorManifold/data/raw/video/sim2/Yellow.mp4,543,9.05,68ae41df79b66a2c87bfeca9bd05c067253ce52bf8720a3a73ade6f1c051387a
sim2_cropped/Yellow/Yellow_058.png,Yellow,jeep,53,53,58,True,verified_source_pixels,source_video_counter,0,/home/fwromano/Documents/Code/experiments/VectorManifold/data/raw/video/sim2/Yellow.mp4,504,8.4,e733e2ad849aa4459d75bf1bed1c86f41306e18413708275611b7f5f10666c8f
sim2_cropped/Yellow/Yellow_059.png,Yellow,jeep,59,59,59,False,verified_source_pixels,source_video_counter,0,/home/fwromano/Documents/Code/experiments/VectorManifold/data/raw/video/sim2/Yellow.mp4,566,9.433333,a8c7fdfc7a79ceed9a7cfaed9e2e26ea649f50344ae34efb310323d2d483f8a3
sim2_cropped/Yellow/Yellow_060.png,Yellow,jeep,60,60,60,False,verified_source_pixels,source_video_counter,0,/home/fwromano/Documents/Code/experiments/VectorManifold/data/raw/video/sim2/Yellow.mp4,578,9.633333,f56edcbb8a530abc9d9b0ffaea27cb33cc31ba253134c778416050ceba132fe9
sim2_cropped/Yellow/Yellow_061.png,Yellow,jeep,61,61,61,False,verified_source_pixels,source_video_counter,0,/home/fwromano/Documents/Code/experiments/VectorManifold/data/raw/video/sim2/Yellow.mp4,595,9.916667,99f69ce769b24b9677537070661f21ff62597c6a5ef1bfeb1dc46111b6c548a6
sim2_cropped/Yellow/Yellow_062.png,Yellow,jeep,62,62,62,False,verified_source_pixels,source_video_counter,0,/home/fwromano/Documents/Code/experiments/VectorManifold/data/raw/video/sim2/Yellow.mp4,606,10.1,fc3e4bd1e46b112d4e637ea0d89bc3568a927dd1495e03ca05dfe1b101fd959f
sim2_cropped/Yellow/Yellow_063.png,Yellow,jeep,63,63,63,False,verified_source_pixels,source_video_counter,0,/home/fwromano/Documents/Code/experiments/VectorManifold/data/raw/video/sim2/Yellow.mp4,619,10.316666,262dddfc86f8762d81fc002ee2f5742a67b219f5828f98c3b36195bfcd2c9a72
sim2_cropped/Yellow/Yellow_064.png,Yellow,jeep,64,64,64,False,verified_source_pixels,source_video_counter,0,/home/fwromano/Documents/Code/experiments/VectorManifold/data/raw/video/sim2/Yellow.mp4,629,10.483334,449856b47867dda216257e62223c1841c337eedaac00d7357e64e1be123a14b3
sim2_cropped/Yellow/Yellow_065.png,Yellow,jeep,65,65,65,False,verified_source_pixels,source_video_counter,0,/home/fwromano/Documents/Code/experiments/VectorManifold/data/raw/video/sim2/Yellow.mp4,642,10.7,514beb725a9d3c574774ed2572b038aee85e471e573fa808e974ac1db9f8dda0
sim2_cropped/Yellow/Yellow_066.png,Yellow,jeep,66,66,66,False,verified_source_pixels,source_video_counter,0,/home/fwromano/Documents/Code/experiments/VectorManifold/data/raw/video/sim2/Yellow.mp4,653,10.883334,f911b433c7380847b7d8cb3eaa58297992c21af0f1e91fedbffbc26b08f6277c
sim2_cropped/Yellow/Yellow_067.png,Yellow,jeep,67,67,67,False,verified_source_pixels,source_video_counter,0,/home/fwromano/Documents/Code/experiments/VectorManifold/data/raw/video/sim2/Yellow.mp4,664,11.066667,b3b88ea40cbb9ed04a59d1e408a343ba6d3dfb11f472bc3c695eb7d87806c537
sim2_cropped/Yellow/Yellow_068.png,Yellow,jeep,63,63,68,True,verified_source_pixels,source_video_counter,0,/home/fwromano/Documents/Code/experiments/VectorManifold/data/raw/video/sim2/Yellow.mp4,624,10.4,0d0b683b8569a1f1b96122bd2c30b1b83f0af6ab0d471694c57d5d1541173895
sim2_cropped/Yellow/Yellow_069.png,Yellow,jeep,69,69,69,False,verified_source_pixels,source_video_counter,0,/home/fwromano/Documents/Code/experiments/VectorManifold/data/raw/video/sim2/Yellow.mp4,687,11.45,ecfc33e3cfedadf3f46d890e5561f7aad51177b00b5d83193440521522cb3483
sim2_cropped/Yellow/Yellow_070.png,Yellow,jeep,70,70,70,False,verified_source_pixels,source_video_counter,0,/home/fwromano/Documents/Code/experiments/VectorManifold/data/raw/video/sim2/Yellow.mp4,698,11.633333,85edb16a87f509073431e4d22333c7640df7aaeea17d1320bc385788e026323e
sim2_cropped/Yellow/Yellow_071.png,Yellow,jeep,71,71,71,False,verified_source_pixels,source_video_counter,0,/home/fwromano/Documents/Code/experiments/VectorManifold/data/raw/video/sim2/Yellow.mp4,715,11.916666,ad24300822b00bc1d46d07d45a728b0a1e7aefd7e9b002b579d7051aa67aee36
sim2_cropped/Yellow/Yellow_072.png,Yellow,jeep,72,72,72,False,verified_source_pixels,source_video_counter,0,/home/fwromano/Documents/Code/experiments/VectorManifold/data/raw/video/sim2/Yellow.mp4,726,12.1,79d0ab45f934c5e11a69ea8ca7da8693efe6fe9d2244cad16ab9e1ac672d0734
sim2_cropped/Yellow/Yellow_073.png,Yellow,jeep,73,73,73,False,verified_source_pixels,source_video_counter,0,/home/fwromano/Documents/Code/experiments/VectorManifold/data/raw/video/sim2/Yellow.mp4,738,12.3,3b46cad9662d95664777125cafcbe7a9233586524ad14054d91b6fde5c767993
sim2_cropped/Yellow/Yellow_074.png,Yellow,jeep,74,74,74,False,verified_source_pixels,source_video_counter,0,/home/fwromano/Documents/Code/experiments/VectorManifold/data/raw/video/sim2/Yellow.mp4,749,12.483334,548b11c3767f07ee7b423951e5f1d3b36038eb2e236fa02f4fd8d659f7aa95af
sim2_cropped/Yellow/Yellow_075.png,Yellow,jeep,75,75,75,False,verified_source_pixels,source_video_counter,0,/home/fwromano/Documents/Code/experiments/VectorManifold/data/raw/video/sim2/Yellow.mp4,761,12.683334,96dc842596899e0d8df7f621daa31fd13224c6c6661a890139e514fdba94c1ae
sim2_cropped/Yellow/Yellow_076.png,Yellow,jeep,76,76,76,False,verified_source_pixels,source_video_counter,0,/home/fwromano/Documents/Code/experiments/VectorManifold/data/raw/video/sim2/Yellow.mp4,772,12.866667,884840c0269099e72a1dec5652d98f4c3c5fc4a3ceb8e4386d87e1daf33befb6
sim2_cropped/Yellow/Yellow_077.png,Yellow,jeep,77,77,77,False,verified_source_pixels,source_video_counter,0,/home/fwromano/Documents/Code/experiments/VectorManifold/data/raw/video/sim2/Yellow.mp4,783,13.05,77d3c4c00250ec023040c67c90f79beef9523afe980e2485afe1fb7462c2c88e
sim2_cropped/Yellow/Yellow_078.png,Yellow,jeep,73,73,78,True,verified_source_pixels,source_video_counter,0,/home/fwromano/Documents/Code/experiments/VectorManifold/data/raw/video/sim2/Yellow.mp4,743,12.383333,4b905971ef503d329248012195f2a14f8031e8b557029f766390df26afabc678
sim2_cropped/Yellow/Yellow_079.png,Yellow,jeep,79,79,79,False,verified_source_pixels,source_video_counter,0,/home/fwromano/Documents/Code/experiments/VectorManifold/data/raw/video/sim2/Yellow.mp4,806,13.433333,c4d949abf8e8f41d9eca503391a039a9c269d4f3c96797e7e0cd33afa7693939
sim2_cropped/Yellow/Yellow_080.png,Yellow,jeep,80,80,80,False,verified_source_pixels,source_video_counter,0,/home/fwromano/Documents/Code/experiments/VectorManifold/data/raw/video/sim2/Yellow.mp4,822,13.7,abf2fe3558325aef4b3b9e897de98d142dbabf06170c86d81692a9047c9fa512
sim2_cropped/Yellow/Yellow_081.png,Yellow,jeep,81,81,81,False,verified_source_pixels,source_video_counter,0,/home/fwromano/Documents/Code/experiments/VectorManifold/data/raw/video/sim2/Yellow.mp4,834,13.9,e219af56ec9211d3b98ca928e596be113781be012cf4da182427ba424669da10
sim2_cropped/Yellow/Yellow_082.png,Yellow,jeep,32,32,82,True,verified_source_pixels,source_video_counter,0,/home/fwromano/Documents/Code/experiments/VectorManifold/data/raw/video/sim2/Yellow.mp4,242,4.033333,3b0c62f037f00545170deb71dea3b2389c5e7bdb52bf9457d5abf128b79fc961
sim2_cropped/Yellow/Yellow_083.png,Yellow,jeep,33,33,83,True,verified_source_pixels,source_video_counter,0,/home/fwromano/Documents/Code/experiments/VectorManifold/data/raw/video/sim2/Yellow.mp4,254,4.233333,9befe7d4285b22bbe2060a69a29e85914494e3adc97f8bde185642a709a103a7
sim2_cropped/Yellow/Yellow_084.png,Yellow,jeep,34,34,84,True,verified_source_pixels,source_video_counter,0,/home/fwromano/Documents/Code/experiments/VectorManifold/data/raw/video/sim2/Yellow.mp4,272,4.533333,8e85f1142f9cf971148eb2aee7d1865e4dabb27b182b94d324bd30603da2f760
sim2_cropped/Yellow/Yellow_085.png,Yellow,jeep,35,35,85,True,verified_source_pixels,source_video_counter,0,/home/fwromano/Documents/Code/experiments/VectorManifold/data/raw/video/sim2/Yellow.mp4,283,4.716666,88d6d80176c006cafff562dd52663c0ffcb8035a5a40f143478ae4897b4b2239
sim2_cropped/Yellow/Yellow_086.png,Yellow,jeep,36,36,86,True,verified_source_pixels,source_video_counter,0,/home/fwromano/Documents/Code/experiments/VectorManifold/data/raw/video/sim2/Yellow.mp4,296,4.933333,521f1fceac4b16d9da2a464f17ceedeacab35f185a396ea7780d1ce68a91c656
sim2_cropped/Yellow/Yellow_087.png,Yellow,jeep,87,87,87,False,verified_source_pixels,source_video_counter,0,/home/fwromano/Documents/Code/experiments/VectorManifold/data/raw/video/sim2/Yellow.mp4,903,15.05,22f26d77ed9e93b57195df46331ffb8e8726d46824e2e0edb56f7668e60fa4dc
sim2_cropped/Yellow/Yellow_088.png,Yellow,jeep,33,33,88,True,verified_source_pixels,source_video_counter,0,/home/fwromano/Documents/Code/experiments/VectorManifold/data/raw/video/sim2/Yellow.mp4,266,4.433333,d9a72731421ed31317199ade513f35703408d7bfe58fb2888d64f60d5054cabf
sim2_cropped/Yellow/Yellow_089.png,Yellow,jeep,39,39,89,True,verified_source_pixels,source_video_counter,0,/home/fwromano/Documents/Code/experiments/VectorManifold/data/raw/video/sim2/Yellow.mp4,329,5.483334,abee3bd89702efa93944584ba12b1932a8f569d837721d01444482cf629e0d4b
sim2_cropped/Yellow/Yellow_090.png,Yellow,jeep,90,90,90,False,verified_source_pixels,source_video_counter,0,/home/fwromano/Documents/Code/experiments/VectorManifold/data/raw/video/sim2/Yellow.mp4,943,15.716667,e7f2c730b22a4fef8f8b4d731fed4eaccb4da754289c8b2b050fb77af3067e6a
sim2_cropped/Yellow/Yellow_091.png,Yellow,jeep,91,91,91,False,verified_source_pixels,source_video_counter,0,/home/fwromano/Documents/Code/experiments/VectorManifold/data/raw/video/sim2/Yellow.mp4,954,15.9,88b227b9122451f16a3501b7d647d47ef03f048ac6c9996cf81fecc9639bc2c0
sim2_cropped/Yellow/Yellow_092.png,Yellow,jeep,92,92,92,False,verified_source_pixels,source_video_counter,0,/home/fwromano/Documents/Code/experiments/VectorManifold/data/raw/video/sim2/Yellow.mp4,965,16.083333,1b68ff9bc51a5be9a4607a48152568f8161ed3fe60bb4d4a46d10ea24fe3915a
sim2_cropped/Yellow/Yellow_093.png,Yellow,jeep,93,93,93,False,verified_source_pixels,source_video_counter,0,/home/fwromano/Documents/Code/experiments/VectorManifold/data/raw/video/sim2/Yellow.mp4,977,16.283333,98f9de0bb42e437bc5481dfc97591dab6c4bf9d750976a243bd52c541af6bcfa
sim2_cropped/Yellow/Yellow_094.png,Yellow,jeep,94,94,94,False,verified_source_pixels,source_video_counter,0,/home/fwromano/Documents/Code/experiments/VectorManifold/data/raw/video/sim2/Yellow.mp4,989,16.483333,e96bc3d88770483867c25c92decd0922f42f1532b7bdf095da13d22d6c416593
sim2_cropped/Yellow/Yellow_095.png,Yellow,jeep,95,95,95,False,verified_source_pixels,source_video_counter,0,/home/fwromano/Documents/Code/experiments/VectorManifold/data/raw/video/sim2/Yellow.mp4,994,16.566667,e2e7b95d72070d49b810dd7d63af65c27ad43067e026534508ca12afb0da7ff9
sim2_cropped/Yellow/Yellow_096.png,Yellow,jeep,96,96,96,False,verified_source_pixels,source_video_counter,0,/home/fwromano/Documents/Code/experiments/VectorManifold/data/raw/video/sim2/Yellow.mp4,1001,16.683333,69078856032da56d289dde9bd0daa3574c9ce337ee51f2dd979eaa747ce9863c
sim2_cropped/Yellow/Yellow_097.png,Yellow,jeep,97,97,97,False,verified_source_pixels,source_video_counter,0,/home/fwromano/Documents/Code/experiments/VectorManifold/data/raw/video/sim2/Yellow.mp4,1008,16.8,3d6bc0c1ed302a381d89e5bb64f896653ea9581722c65f8c0e2b55329b3883a4
sim2_cropped/Yellow/Yellow_098.png,Yellow,jeep,93,93,98,True,verified_source_pixels,source_video_counter,0,/home/fwromano/Documents/Code/experiments/VectorManifold/data/raw/video/sim2/Yellow.mp4,982,16.366667,c23e7fb56fa819f71b943c86ba4b8bd9292910ed18534d49f8407042f982b471
sim2_cropped/Yellow/Yellow_099.png,Yellow,jeep,99,99,99,False,verified_source_pixels,source_video_counter,0,/home/fwromano/Documents/Code/experiments/VectorManifold/data/raw/video/sim2/Yellow.mp4,1048,17.466667,8cc9fbe126a74ade2c3725c77ab95451c5fe5eeb968f4bbb97d3f12145871c3f
sim2_cropped/Yellow/Yellow_100.png,Yellow,jeep,100,100,100,False,verified_source_pixels,source_video_counter,0,/home/fwromano/Documents/Code/experiments/VectorManifold/data/raw/video/sim2/Yellow.mp4,1059,17.65,493296b1a773700e472cbdd2bc8a0875cbb6df300190b832b7f258c801caebbe
sim2_cropped/Yellow/Yellow_101.png,Yellow,jeep,101,101,101,False,verified_source_pixels,source_video_counter,0,/home/fwromano/Documents/Code/experiments/VectorManifold/data/raw/video/sim2/Yellow.mp4,1071,17.85,ba8dd99a005416106102d5b3e0408ad4f2d6423a867ae30434606f1253b389fe
sim2_cropped/Yellow/Yellow_102.png,Yellow,jeep,102,102,102,False,verified_source_pixels,source_video_counter,0,/home/fwromano/Documents/Code/experiments/VectorManifold/data/raw/video/sim2/Yellow.mp4,1082,18.033333,ced29a5486989c53376089bf00679dd2b7eded7b1fc88b6c9e9bb332e893edd7
sim2_cropped/Yellow/Yellow_103.png,Yellow,jeep,103,103,103,False,verified_source_pixels,source_video_counter,0,/home/fwromano/Documents/Code/experiments/VectorManifold/data/raw/video/sim2/Yellow.mp4,1093,18.216666,f37495438021131127b874d65fdacfc2716a122b93240824319ca81f90e0e956
sim2_cropped/Yellow/Yellow_104.png,Yellow,jeep,104,104,104,False,verified_source_pixels,source_video_counter,0,/home/fwromano/Documents/Code/experiments/VectorManifold/data/raw/video/sim2/Yellow.mp4,1110,18.5,767223d66678aab9a34c1ad62933e60deaf15a6a3e679cfbce7546c73c0b576d
sim2_cropped/Yellow/Yellow_105.png,Yellow,jeep,105,105,105,False,verified_source_pixels,source_video_counter,0,/home/fwromano/Documents/Code/experiments/VectorManifold/data/raw/video/sim2/Yellow.mp4,1122,18.7,4402c34726ef38a34ca54d18a92b562262d28f3fee9517f88402db5452c11bc3
sim2_cropped/Yellow/Yellow_106.png,Yellow,jeep,106,106,106,False,verified_source_pixels,source_video_counter,0,/home/fwromano/Documents/Code/experiments/VectorManifold/data/raw/video/sim2/Yellow.mp4,1132,18.866667,dd07d39c3e7bf85037d885e62a189d766c0b2340c6f5d9b9467eec361658e3e6
sim2_cropped/Yellow/Yellow_107.png,Yellow,jeep,107,107,107,False,verified_source_pixels,source_video_counter,0,/home/fwromano/Documents/Code/experiments/VectorManifold/data/raw/video/sim2/Yellow.mp4,1144,19.066667,68e885b98b216bde5c4f5b0abcb106d3846d5ded0cf610db8e2ec3d4284ea1d3
sim2_cropped/Yellow/Yellow_108.png,Yellow,jeep,103,103,108,True,verified_source_pixels,source_video_counter,0,/home/fwromano/Documents/Code/experiments/VectorManifold/data/raw/video/sim2/Yellow.mp4,1104,18.4,e19bdec92f29d0fa00f987ef851a0ba875b210036642bc5381f9323cbc79e9f7
sim2_cropped/Yellow/Yellow_109.png,Yellow,jeep,109,109,109,False,verified_source_pixels,source_video_counter,0,/home/fwromano/Documents/Code/experiments/VectorManifold/data/raw/video/sim2/Yellow.mp4,1167,19.45,f28a5a71557118d0e8f5ccfa45afe99e63a3337a861fdff1ed97363b7ef452e9
sim2_cropped/Yellow/Yellow_110.png,Yellow,jeep,110,110,110,False,verified_source_pixels,source_video_counter,0,/home/fwromano/Documents/Code/experiments/VectorManifold/data/raw/video/sim2/Yellow.mp4,1177,19.616667,933bd02ccbb395caa5b4383d0611ea10444b0a41aa52caa14ff3c67b788adf60
sim2_cropped/Yellow/Yellow_111.png,Yellow,jeep,111,111,111,False,verified_source_pixels,source_video_counter,0,/home/fwromano/Documents/Code/experiments/VectorManifold/data/raw/video/sim2/Yellow.mp4,1194,19.9,757d9c80c84c84bdb151a134d6c0a50d9bab6bef1b29ee913a33b4375988fb56
sim2_cropped/Yellow/Yellow_112.png,Yellow,jeep,112,112,112,False,verified_source_pixels,source_video_counter,0,/home/fwromano/Documents/Code/experiments/VectorManifold/data/raw/video/sim2/Yellow.mp4,1205,20.083334,3fa08646d7303a3d6dfbc3c6a99194eca0e2c45fb81685bd76ce889335f7bae3
sim2_cropped/Yellow/Yellow_113.png,Yellow,jeep,113,113,113,False,verified_source_pixels,source_video_counter,0,/home/fwromano/Documents/Code/experiments/VectorManifold/data/raw/video/sim2/Yellow.mp4,1218,20.3,1a402b46552107a3296de90ebdda6d89c9a5ff5158f4dc237b62b6995544789f
sim2_cropped/Yellow/Yellow_114.png,Yellow,jeep,114,114,114,False,verified_source_pixels,source_video_counter,0,/home/fwromano/Documents/Code/experiments/VectorManifold/data/raw/video/sim2/Yellow.mp4,1228,20.466667,138bb0c8d70f5888d4f0da168bbe350f880bbbd842fae919c47e735ddbd51acb
sim2_cropped/Yellow/Yellow_115.png,Yellow,jeep,115,115,115,False,verified_source_pixels,source_video_counter,0,/home/fwromano/Documents/Code/experiments/VectorManifold/data/raw/video/sim2/Yellow.mp4,1240,20.666667,dd7cb145f316f5af756ec25af06d52b9ab52773733e3acdd8f9c2ed347a5b34e
sim2_cropped/Yellow/Yellow_116.png,Yellow,jeep,116,116,116,False,verified_source_pixels,source_video_counter,0,/home/fwromano/Documents/Code/experiments/VectorManifold/data/raw/video/sim2/Yellow.mp4,1251,20.85,69c031e6c950198ac8ddded984c19ce9b55869b067215fe55d13311f85028900
sim2_cropped/Yellow/Yellow_117.png,Yellow,jeep,117,117,117,False,verified_source_pixels,source_video_counter,0,/home/fwromano/Documents/Code/experiments/VectorManifold/data/raw/video/sim2/Yellow.mp4,1263,21.05,d2e0ddef7abf70c5716169085eb4e0b635ad8fa37086c203686d2bc391a8216d
sim2_cropped/Yellow/Yellow_118.png,Yellow,jeep,113,113,118,True,verified_source_pixels,source_video_counter,0,/home/fwromano/Documents/Code/experiments/VectorManifold/data/raw/video/sim2/Yellow.mp4,1223,20.383333,965067e09482c0d31b3ef069e8b95d1540b9a9feec9133e3dff82e0c27942808
sim2_cropped/Yellow/Yellow_119.png,Yellow,jeep,119,119,119,False,verified_source_pixels,source_video_counter,0,/home/fwromano/Documents/Code/experiments/VectorManifold/data/raw/video/sim2/Yellow.mp4,1291,21.516666,b4f7915a7e66d84d48eaaea31fb70bbf26ea37c1e8cb5f01511796202f18fafb
sim2_cropped/Yellow/Yellow_120.png,Yellow,jeep,120,120,120,False,verified_source_pixels,source_video_counter,0,/home/fwromano/Documents/Code/experiments/VectorManifold/data/raw/video/sim2/Yellow.mp4,1302,21.7,61433f0c744a89d67632fb4aec717225ec68880a952e1f83e002d9a5601204a3
sim2_cropped/Yellow/Yellow_121.png,Yellow,jeep,121,121,121,False,verified_source_pixels,source_video_counter,0,/home/fwromano/Documents/Code/experiments/VectorManifold/data/raw/video/sim2/Yellow.mp4,1313,21.883334,2969f5524492b7559c90d64565bd72a8f5a08ca83975b0112a0a69c88694c2cc
sim2_cropped/Yellow/Yellow_122.png,Yellow,jeep,122,122,122,False,verified_source_pixels,source_video_counter,0,/home/fwromano/Documents/Code/experiments/VectorManifold/data/raw/video/sim2/Yellow.mp4,1324,22.066667,d272ee8a1d1215884d920b20b0e7c59bc7cd2ee36c0ac15bc6066807b8ffb574
sim2_cropped/Yellow/Yellow_123.png,Yellow,jeep,123,123,123,False,verified_source_pixels,source_video_counter,0,/home/fwromano/Documents/Code/experiments/VectorManifold/data/raw/video/sim2/Yellow.mp4,1336,22.266667,a8b17caaeb3592fd88d00df65b7fb60041afa9004d57c831be7b2b679663608f
sim2_cropped/Yellow/Yellow_124.png,Yellow,jeep,124,124,124,False,verified_source_pixels,source_video_counter,0,/home/fwromano/Documents/Code/experiments/VectorManifold/data/raw/video/sim2/Yellow.mp4,1347,22.45,cac3675d6a32a4537e693512934194cfd7b7ea17baa887e780933b3120706c2a
sim2_cropped/Yellow/Yellow_125.png,Yellow,jeep,125,125,125,False,verified_source_pixels,source_video_counter,0,/home/fwromano/Documents/Code/experiments/VectorManifold/data/raw/video/sim2/Yellow.mp4,1359,22.65,c4d2ecc9f09c268f9106acdc2858ad88db784a5da0563b416cc43616432c2bdc
sim2_cropped/Yellow/Yellow_126.png,Yellow,jeep,126,126,126,False,verified_source_pixels,source_video_counter,0,/home/fwromano/Documents/Code/experiments/VectorManifold/data/raw/video/sim2/Yellow.mp4,1370,22.833333,b05dd987c4fa28074b2dc726e424d55a4fdb785343c606d1d1b6a43871d493d1
sim2_cropped/Yellow/Yellow_127.png,Yellow,jeep,127,127,127,False,verified_source_pixels,source_video_counter,0,/home/fwromano/Documents/Code/experiments/VectorManifold/data/raw/video/sim2/Yellow.mp4,1381,23.016666,1ea4b84bfb0c8b386bd3f99c9e6a29118cbac729d5e8b2ddfaa81c73746b61f2
sim2_cropped/Yellow/Yellow_128.png,Yellow,jeep,123,123,128,True,verified_source_pixels,source_video_counter,0,/home/fwromano/Documents/Code/experiments/VectorManifold/data/raw/video/sim2/Yellow.mp4,1342,22.366667,c75c034833003c04ca559b8336840e3ae9b49842b65052203a9984c8e85a9e1a
sim2_cropped/Yellow/Yellow_129.png,Yellow,jeep,129,129,129,False,verified_source_pixels,source_video_counter,0,/home/fwromano/Documents/Code/experiments/VectorManifold/data/raw/video/sim2/Yellow.mp4,1410,23.5,cc85189ab1580b0f99f9eaff02e1ce9ebb8e1a6fb7c4edb4886c090f6e42e08a
sim2_cropped/Yellow/Yellow_130.png,Yellow,jeep,130,130,130,False,verified_source_pixels,source_video_counter,0,/home/fwromano/Documents/Code/experiments/VectorManifold/data/raw/video/sim2/Yellow.mp4,1421,23.683333,7602e756d8ed4166b8416dedfec518f986fd93f192f284cf0caac1bcef6f530b
sim2_cropped/Yellow/Yellow_131.png,Yellow,jeep,131,131,131,False,verified_source_pixels,source_video_counter,0,/home/fwromano/Documents/Code/experiments/VectorManifold/data/raw/video/sim2/Yellow.mp4,1432,23.866667,2766f44f1b9c44c6bc674d6c437acde3737ed6a0e4c9dcf9590df637da948d65
sim2_cropped/Yellow/Yellow_132.png,Yellow,jeep,132,132,132,False,verified_source_pixels,source_video_counter,0,/home/fwromano/Documents/Code/experiments/VectorManifold/data/raw/video/sim2/Yellow.mp4,1443,24.05,8ba9efcd6930a57c8d1fd81d59243cec16d3a491c557f6d9652952d095509c13
sim2_cropped/Yellow/Yellow_133.png,Yellow,jeep,133,133,133,False,verified_source_pixels,source_video_counter,0,/home/fwromano/Documents/Code/experiments/VectorManifold/data/raw/video/sim2/Yellow.mp4,1455,24.25,b22a84814da0024f23f8b8ffab176666367e522ee51b3a304b01c302ee3edabf
sim2_cropped/Yellow/Yellow_134.png,Yellow,jeep,134,134,134,False,verified_source_pixels,source_video_counter,0,/home/fwromano/Documents/Code/experiments/VectorManifold/data/raw/video/sim2/Yellow.mp4,1465,24.416666,870cdb4587c202dd73a80eb60fba1be0d4e9a5c3542de2b5bf63cec6478aa750
sim2_cropped/Yellow/Yellow_135.png,Yellow,jeep,135,135,135,False,verified_source_pixels,source_video_counter,0,/home/fwromano/Documents/Code/experiments/VectorManifold/data/raw/video/sim2/Yellow.mp4,1477,24.616666,d2f93176ff5864a95d563f4f5d28fcce06e433c30e03c43e15525f46fb86d824
sim2_cropped/Yellow/Yellow_136.png,Yellow,jeep,136,136,136,False,verified_source_pixels,source_video_counter,0,/home/fwromano/Documents/Code/experiments/VectorManifold/data/raw/video/sim2/Yellow.mp4,1493,24.883333,245d10f72b6adf097fbd191a410d79dd625e4264231378ac848e6c3979c68444
sim2_cropped/Yellow/Yellow_137.png,Yellow,jeep,137,137,137,False,verified_source_pixels,source_video_counter,0,/home/fwromano/Documents/Code/experiments/VectorManifold/data/raw/video/sim2/Yellow.mp4,1505,25.083333,8f737961d46e592971ef569143e3322eea3d7c8e249e5ce8b3f98096a8a5f5a4
sim2_cropped/Yellow/Yellow_138.png,Yellow,jeep,138,138,138,False,verified_source_pixels,source_video_counter,0,/home/fwromano/Documents/Code/experiments/VectorManifold/data/raw/video/sim2/Yellow.mp4,1516,25.266667,67f79f2cd22735ec0ce8fd988fe28fd5a4e8c74e9dc11548f441db29813a2148
sim2_cropped/Yellow/Yellow_139.png,Yellow,jeep,139,139,139,False,verified_source_pixels,source_video_counter,0,/home/fwromano/Documents/Code/experiments/VectorManifold/data/raw/video/sim2/Yellow.mp4,1528,25.466667,aacf46e98a40715370e2650dd3f81b38cf7df65c43b6571aacbf4482bc521970
sim2_cropped/Yellow/Yellow_140.png,Yellow,jeep,140,140,140,False,verified_source_pixels,source_video_counter,0,/home/fwromano/Documents/Code/experiments/VectorManifold/data/raw/video/sim2/Yellow.mp4,1539,25.65,c6e627edd697fd9f3319ae4b12e5acf6182878f332b49cdb378f2eca9775338a
sim2_cropped/Yellow/Yellow_141.png,Yellow,jeep,141,141,141,False,verified_source_pixels,source_video_counter,0,/home/fwromano/Documents/Code/experiments/VectorManifold/data/raw/video/sim2/Yellow.mp4,1550,25.833333,4294e21acf38a29022fb9714d6787552fb566336cf5a3a40f6de27531597c8e8
sim2_cropped/Yellow/Yellow_142.png,Yellow,jeep,142,142,142,False,verified_source_pixels,source_video_counter,0,/home/fwromano/Documents/Code/experiments/VectorManifold/data/raw/video/sim2/Yellow.mp4,1566,26.1,b18dfc638ee155aba2438e7b10a2ccf4962a6047a9a28b95a5807335cdc3fa2c
sim2_cropped/Yellow/Yellow_143.png,Yellow,jeep,143,143,143,False,verified_source_pixels,source_video_counter,0,/home/fwromano/Documents/Code/experiments/VectorManifold/data/raw/video/sim2/Yellow.mp4,1575,26.25,babbe00093f0149a9caf438dcf96bd28ae723b18aebbb3afe29d33f025e42011
sim2_cropped/Yellow/Yellow_144.png,Yellow,jeep,144,144,144,False,verified_source_pixels,source_video_counter,0,/home/fwromano/Documents/Code/experiments/VectorManifold/data/raw/video/sim2/Yellow.mp4,1589,26.483333,1b2f5a97767546adec82bd007caf864c5ecd4b819fd0456a9a57ea98a5c8afd1
sim2_cropped/Yellow/Yellow_145.png,Yellow,jeep,145,145,145,False,verified_source_pixels,source_video_counter,0,/home/fwromano/Documents/Code/experiments/VectorManifold/data/raw/video/sim2/Yellow.mp4,1605,26.75,6a0693bbf2f498bd95ca53180ba9763ea1bee8acbfe6c8afdd9b4af4e484fe20
sim2_cropped/Yellow/Yellow_146.png,Yellow,jeep,146,146,146,False,verified_source_pixels,source_video_counter,0,/home/fwromano/Documents/Code/experiments/VectorManifold/data/raw/video/sim2/Yellow.mp4,1612,26.866667,05668aa6420f64ba70cc718cccfbe1a1da43ba1e00600563d710c58efaa48b4c
sim2_cropped/Yellow/Yellow_147.png,Yellow,jeep,147,147,147,False,verified_source_pixels,source_video_counter,0,/home/fwromano/Documents/Code/experiments/VectorManifold/data/raw/video/sim2/Yellow.mp4,1623,27.05,6dc240cfaf55f624d5153db65c4b7d27b983a01d455604ed4cf38eb891f1ce39
sim2_cropped/Yellow/Yellow_148.png,Yellow,jeep,143,143,148,True,verified_source_pixels,source_video_counter,0,/home/fwromano/Documents/Code/experiments/VectorManifold/data/raw/video/sim2/Yellow.mp4,1583,26.383334,f2ddc9d7a5db7167ebb6707987d15cbe91f0cfed5657f4179810a3356aab15a7
sim2_cropped/Yellow/Yellow_149.png,Yellow,jeep,149,149,149,False,verified_source_pixels,source_video_counter,0,/home/fwromano/Documents/Code/experiments/VectorManifold/data/raw/video/sim2/Yellow.mp4,1646,27.433333,f481ec3d782dd25d0e071ea95afdc6c02a3baf0b2a69a468b78405788c5c9061
sim2_cropped/Yellow/Yellow_150.png,Yellow,jeep,150,150,150,False,verified_source_pixels,source_video_counter,0,/home/fwromano/Documents/Code/experiments/VectorManifold/data/raw/video/sim2/Yellow.mp4,1662,27.7,e9d976e8e96551c5141cfd52e40333749050d483a3cfb984450591afbe359225
sim2_cropped/Yellow/Yellow_151.png,Yellow,jeep,151,151,151,False,verified_source_pixels,source_video_counter,0,/home/fwromano/Documents/Code/experiments/VectorManifold/data/raw/video/sim2/Yellow.mp4,1674,27.9,8dffd94f377aec0efee059fe9f9a9b2fa22656f0a7f0e7b86ec79e595069ed69
sim2_cropped/Yellow/Yellow_154.png,Yellow,jeep,154,154,154,False,verified_source_pixels,source_video_counter,0,/home/fwromano/Documents/Code/experiments/VectorManifold/data/raw/video/sim2/Yellow.mp4,1707,28.45,8271449a71afcf0636b30b25749a8671e9b1216ab982801507bf280e6a2d42e7
sim2_cropped/Yellow/Yellow_157.png,Yellow,jeep,157,157,157,False,verified_source_pixels,source_video_counter,0,/home/fwromano/Documents/Code/experiments/VectorManifold/data/raw/video/sim2/Yellow.mp4,1753,29.216667,8db3aeb50fc09c2f8d38379b420ae5cb16140ed9ffd4021d4a0884f4ea29d998
sim2_cropped/Yellow/Yellow_158.png,Yellow,jeep,153,153,158,True,verified_source_pixels,source_video_counter,0,/home/fwromano/Documents/Code/experiments/VectorManifold/data/raw/video/sim2/Yellow.mp4,1703,28.383333,b9c4446df98ecf8db532f304bf9ee7790bb51a6be2d55c1a1842e38537354f07
sim2_cropped/Yellow/Yellow_159.png,Yellow,jeep,159,159,159,False,verified_source_pixels,source_video_counter,0,/home/fwromano/Documents/Code/experiments/VectorManifold/data/raw/video/sim2/Yellow.mp4,1770,29.5,905136d80b7c04e5bd827b7b4e005f571148f522b8577370d96bc92b894d696a
sim2_cropped/Yellow/Yellow_160.png,Yellow,jeep,160,160,160,False,verified_source_pixels,source_video_counter,0,/home/fwromano/Documents/Code/experiments/VectorManifold/data/raw/video/sim2/Yellow.mp4,1781,29.683334,21006720fa9f450893e6a54f0513e5b7559ef3514e4c9545bfdabe02635a2a13
sim2_cropped/Yellow/Yellow_161.png,Yellow,jeep,161,161,161,False,verified_source_pixels,source_video_counter,0,/home/fwromano/Documents/Code/experiments/VectorManifold/data/raw/video/sim2/Yellow.mp4,1792,29.866667,81eb6eaaf7974d5507539b077b825165f33626e31a5431883ae7a3872779c4ab
sim2_cropped/Yellow/Yellow_162.png,Yellow,jeep,162,162,162,False,verified_source_pixels,source_video_counter,0,/home/fwromano/Documents/Code/experiments/VectorManifold/data/raw/video/sim2/Yellow.mp4,1803,30.05,6a7d0cb201cdcc416b9ed6569052fd4b944858f4ed87aae5d0618270d041ae54
sim2_cropped/Yellow/Yellow_163.png,Yellow,jeep,163,163,163,False,verified_source_pixels,source_video_counter,0,/home/fwromano/Documents/Code/experiments/VectorManifold/data/raw/video/sim2/Yellow.mp4,1815,30.25,18d09d3f78d162dbecfbb173b746d5a638aad8aeb06ac09b23e9d8f79fa81a77
sim2_cropped/Yellow/Yellow_164.png,Yellow,jeep,164,164,164,False,verified_source_pixels,source_video_counter,0,/home/fwromano/Documents/Code/experiments/VectorManifold/data/raw/video/sim2/Yellow.mp4,1826,30.433333,4abad549dc749430108069804b0f3b0329b4a7b60964548cac631343fb14ca57
sim2_cropped/Yellow/Yellow_165.png,Yellow,jeep,165,165,165,False,verified_source_pixels,source_video_counter,0,/home/fwromano/Documents/Code/experiments/VectorManifold/data/raw/video/sim2/Yellow.mp4,1838,30.633333,c49bc04d6755702d124e83bef6a4159b5de46dc10fc8664975ff9dd741cd233e
sim2_cropped/Yellow/Yellow_166.png,Yellow,jeep,166,166,166,False,verified_source_pixels,source_video_counter,0,/home/fwromano/Documents/Code/experiments/VectorManifold/data/raw/video/sim2/Yellow.mp4,1855,30.916666,d7b22ce7b400026d95b177955b6a74dc6dd1acf31fa26dcafbe641286bcb06a7
sim2_cropped/Yellow/Yellow_167.png,Yellow,jeep,167,167,167,False,verified_source_pixels,source_video_counter,0,/home/fwromano/Documents/Code/experiments/VectorManifold/data/raw/video/sim2/Yellow.mp4,1866,31.1,e5bfeb9242ffc19130b8e57d0ed77f596a0bb964e20152faab862606c9467478
sim2_cropped/Yellow/Yellow_168.png,Yellow,jeep,163,163,168,True,verified_source_pixels,source_video_counter,0,/home/fwromano/Documents/Code/experiments/VectorManifold/data/raw/video/sim2/Yellow.mp4,1821,30.35,32901f0329baf9a67b455d482b6887aa32e47d305aa53468de3857633d901a51
sim2_cropped/Yellow/Yellow_169.png,Yellow,jeep,169,169,169,False,verified_source_pixels,source_video_counter,0,/home/fwromano/Documents/Code/experiments/VectorManifold/data/raw/video/sim2/Yellow.mp4,1889,31.483333,f853ac2c9c5acf2d1258b7ea2eabe356e5bda58107b42867884fbda9805c4d22
sim2_cropped/Yellow/Yellow_170.png,Yellow,jeep,170,170,170,False,verified_source_pixels,source_video_counter,0,/home/fwromano/Documents/Code/experiments/VectorManifold/data/raw/video/sim2/Yellow.mp4,1900,31.666667,ee46817d1a3a1970b0c07da6dcaeea18a3198f00aa73fbafdd1e4b7dfdab8c2d
sim2_cropped/Yellow/Yellow_171.png,Yellow,jeep,171,171,171,False,verified_source_pixels,source_video_counter,0,/home/fwromano/Documents/Code/experiments/VectorManifold/data/raw/video/sim2/Yellow.mp4,1912,31.866667,a57ae79b867a54e161f23fa21611ec9db5205b93d0aea19679b77e38a07b3880
sim2_cropped/Yellow/Yellow_172.png,Yellow,jeep,172,172,172,False,verified_source_pixels,source_video_counter,0,/home/fwromano/Documents/Code/experiments/VectorManifold/data/raw/video/sim2/Yellow.mp4,1923,32.05,50728a255d64d61db2b032bc93ba23409710b124046abd7fc4152179415a69db
sim2_cropped/Yellow/Yellow_173.png,Yellow,jeep,173,173,173,False,verified_source_pixels,source_video_counter,0,/home/fwromano/Documents/Code/experiments/VectorManifold/data/raw/video/sim2/Yellow.mp4,1935,32.25,7c20f067c5dcf2f22ebfbea30e2e23a8331b45d5d1dd4d765a5e13cea7427d85
sim2_cropped/Yellow/Yellow_174.png,Yellow,jeep,174,174,174,False,verified_source_pixels,source_video_counter,0,/home/fwromano/Documents/Code/experiments/VectorManifold/data/raw/video/sim2/Yellow.mp4,1952,32.533333,f3c24a6a779d4fb2615b1460d2137d2e97a591a75c6eab8f0b94af1b1a733260
sim2_cropped/Yellow/Yellow_175.png,Yellow,jeep,175,175,175,False,verified_source_pixels,source_video_counter,0,/home/fwromano/Documents/Code/experiments/VectorManifold/data/raw/video/sim2/Yellow.mp4,1962,32.7,eb1ba012fa5a7a3e2f1d36114542762765ee9f62a11c828400d0442def353cdc
sim2_cropped/Yellow/Yellow_176.png,Yellow,jeep,176,176,176,False,verified_source_pixels,source_video_counter,0,/home/fwromano/Documents/Code/experiments/VectorManifold/data/raw/video/sim2/Yellow.mp4,1974,32.9,777fecaaaa77063256b12f728c2ca462286f967143c7e9138e0d6cacb2470813
sim2_cropped/Yellow/Yellow_177.png,Yellow,jeep,177,177,177,False,verified_source_pixels,source_video_counter,0,/home/fwromano/Documents/Code/experiments/VectorManifold/data/raw/video/sim2/Yellow.mp4,1986,33.1,3a53f0aad074419a1613e5ba8a6173b1cac274f840a5fde3db6e4518cf2106b5
sim2_cropped/Yellow/Yellow_178.png,Yellow,jeep,173,173,178,True,verified_source_pixels,source_video_counter,0,/home/fwromano/Documents/Code/experiments/VectorManifold/data/raw/video/sim2/Yellow.mp4,1945,32.416666,da5b919b5daabb98c2441c1ca84d9d0d409bf470a0d02d45d4962120709a45d4
sim2_cropped/Yellow/Yellow_179.png,Yellow,jeep,179,179,179,False,verified_source_pixels,source_video_counter,0,/home/fwromano/Documents/Code/experiments/VectorManifold/data/raw/video/sim2/Yellow.mp4,2008,33.466667,157af6f437d3f1dbed2336835e8cb07f07c986f132f6ea04947ed472a27e6980
sim2_cropped/Yellow/Yellow_180.png,Yellow,jeep,180,180,180,False,verified_source_pixels,source_video_counter,0,/home/fwromano/Documents/Code/experiments/VectorManifold/data/raw/video/sim2/Yellow.mp4,2020,33.666667,e71dd9a28e8a0eb4af752f8f1c1a446ff0660801115cd2de88f0cfdc277e8ada
sim2_cropped/Yellow/Yellow_181.png,Yellow,jeep,181,181,181,False,verified_source_pixels,source_video_counter,0,/home/fwromano/Documents/Code/experiments/VectorManifold/data/raw/video/sim2/Yellow.mp4,2031,33.85,c14a7540a6f44d6ce472b03e98872fb0f5bba801b60f0e87a04de8c7f1f2a64e
sim2_cropped/Yellow/Yellow_182.png,Yellow,jeep,182,182,182,False,verified_source_pixels,source_video_counter,0,/home/fwromano/Documents/Code/experiments/VectorManifold/data/raw/video/sim2/Yellow.mp4,2048,34.133333,fe7f24f673d2b8012fc14dd85880995a774f09677eddcf4fd873dc1219f017d7
sim2_cropped/Yellow/Yellow_183.png,Yellow,jeep,183,183,183,False,verified_source_pixels,source_video_counter,0,/home/fwromano/Documents/Code/experiments/VectorManifold/data/raw/video/sim2/Yellow.mp4,2054,34.233333,8829a04f1161416988cc954860158e7339f240d51ca691a38b05438d36f5ae3e
sim2_cropped/Yellow/Yellow_184.png,Yellow,jeep,184,184,184,False,verified_source_pixels,source_video_counter,0,/home/fwromano/Documents/Code/experiments/VectorManifold/data/raw/video/sim2/Yellow.mp4,2064,34.4,09bf101baadd6f5ec9623b3771bde9423a0dd5c25cdbbec36c5172eebfa5da59
sim2_cropped/Yellow/Yellow_185.png,Yellow,jeep,185,185,185,False,verified_source_pixels,source_video_counter,0,/home/fwromano/Documents/Code/experiments/VectorManifold/data/raw/video/sim2/Yellow.mp4,2081,34.683333,b902f257e97dcc5faa660b44eb063c6a0de983296b6ac0400ea8e11dc7e9534f
sim2_cropped/Yellow/Yellow_186.png,Yellow,jeep,186,186,186,False,verified_source_pixels,source_video_counter,0,/home/fwromano/Documents/Code/experiments/VectorManifold/data/raw/video/sim2/Yellow.mp4,2093,34.883333,12e15c8384116fd2281d197a98b9931e2d124cc91f262b86fc63c2ef0ceef9f3
sim2_cropped/Yellow/Yellow_187.png,Yellow,jeep,187,187,187,False,verified_source_pixels,source_video_counter,0,/home/fwromano/Documents/Code/experiments/VectorManifold/data/raw/video/sim2/Yellow.mp4,2104,35.066667,ab0bf649806bbcc755b572611a8fbd20695fed91214229d24ef8c03fdc7d185e
sim2_cropped/Yellow/Yellow_188.png,Yellow,jeep,188,188,188,False,verified_source_pixels,source_video_counter,0,/home/fwromano/Documents/Code/experiments/VectorManifold/data/raw/video/sim2/Yellow.mp4,2116,35.266667,6faa51494fe13f23b54ee790a79e0b8f404f788459a9b40b287b49e68a9799d8
sim2_cropped/Yellow/Yellow_189.png,Yellow,jeep,139,139,189,True,verified_source_pixels,source_video_counter,0,/home/fwromano/Documents/Code/experiments/VectorManifold/data/raw/video/sim2/Yellow.mp4,1533,25.55,4c10fd778306c0f42a8b93fb2249c5a1f34a2cd60cfa694dc28d68c9f48d5a44
sim2_cropped/Yellow/Yellow_190.png,Yellow,jeep,190,190,190,False,verified_source_pixels,source_video_counter,0,/home/fwromano/Documents/Code/experiments/VectorManifold/data/raw/video/sim2/Yellow.mp4,2139,35.65,1807496ceb905fe09b549e0835aa1e5a16312477667210a1baf7d34a1843bc8d
sim2_cropped/Yellow/Yellow_191.png,Yellow,jeep,191,191,191,False,verified_source_pixels,source_video_counter,0,/home/fwromano/Documents/Code/experiments/VectorManifold/data/raw/video/sim2/Yellow.mp4,2149,35.816667,37505391b7b233c8fd620c7ab4ffea0a5df550e8749ffe1cfe2c1e9c07718486
sim2_cropped/Yellow/Yellow_192.png,Yellow,jeep,192,192,192,False,verified_source_pixels,source_video_counter,0,/home/fwromano/Documents/Code/experiments/VectorManifold/data/raw/video/sim2/Yellow.mp4,2167,36.116666,db050e0bf1cd0ba985c8f2ab8ea7b7c6f015138839b72a81a8758266f843e2de
sim2_cropped/Yellow/Yellow_193.png,Yellow,jeep,193,193,193,False,verified_source_pixels,source_video_counter,0,/home/fwromano/Documents/Code/experiments/VectorManifold/data/raw/video/sim2/Yellow.mp4,2178,36.3,cd8631234223ce7f27d3912704b58af26565261f3283914a202e1c4d0b4a118f
sim2_cropped/Yellow/Yellow_194.png,Yellow,jeep,194,194,194,False,verified_source_pixels,source_video_counter,0,/home/fwromano/Documents/Code/experiments/VectorManifold/data/raw/video/sim2/Yellow.mp4,2195,36.583333,742a5e170f4c3425257651750074b62102d7fcaf3995e6c02b08eb70dd6f1748
sim2_cropped/Yellow/Yellow_195.png,Yellow,jeep,195,195,195,False,verified_source_pixels,source_video_counter,0,/home/fwromano/Documents/Code/experiments/VectorManifold/data/raw/video/sim2/Yellow.mp4,2200,36.666667,446c05e68cf1f148980e0c45926a1c4a2de5eb01f9dd53dddbae75d59a913060
sim2_cropped/Yellow/Yellow_196.png,Yellow,jeep,196,196,196,False,verified_source_pixels,source_video_counter,0,/home/fwromano/Documents/Code/experiments/VectorManifold/data/raw/video/sim2/Yellow.mp4,2212,36.866667,12da4bc078486fd836ca0c4b9da71233e2c1c55b7af138b6e3a273bbec2f7777
sim2_cropped/Yellow/Yellow_197.png,Yellow,jeep,197,197,197,False,verified_source_pixels,source_video_counter,0,/home/fwromano/Documents/Code/experiments/VectorManifold/data/raw/video/sim2/Yellow.mp4,2223,37.05,a28a942baa2e643c5e97ebb2d6affc9a25796ae97331588f081700e0a1dbf6a5
sim2_cropped/Yellow/Yellow_198.png,Yellow,jeep,193,193,198,True,verified_source_pixels,source_video_counter,0,/home/fwromano/Documents/Code/experiments/VectorManifold/data/raw/video/sim2/Yellow.mp4,2184,36.4,87777faa21ef98035cdcd2e356f73248e6b04dbbf02f2071d0c1a519e11d0b99
sim2_cropped/Yellow/Yellow_199.png,Yellow,jeep,199,199,199,False,verified_source_pixels,source_video_counter,0,/home/fwromano/Documents/Code/experiments/VectorManifold/data/raw/video/sim2/Yellow.mp4,2246,37.433333,bd9e3a3b8656e02c3fb3d4f9eaca06f3d9a097709766a5e39fa4ca68cff9da8c
sim2_cropped/Yellow/Yellow_200.png,Yellow,jeep,200,200,200,False,verified_source_pixels,source_video_counter,0,/home/fwromano/Documents/Code/experiments/VectorManifold/data/raw/video/sim2/Yellow.mp4,2263,37.716666,05ee1598893acab32362f164f8cff26071b10724398d16222c6d41a26ae21565
sim2_cropped/Yellow/Yellow_201.png,Yellow,jeep,201,201,201,False,verified_source_pixels,source_video_counter,0,/home/fwromano/Documents/Code/experiments/VectorManifold/data/raw/video/sim2/Yellow.mp4,2274,37.9,2219e237c230ef01053676973fd62db15b270fac7213a4c07d6537703239d1dd
sim2_cropped/Yellow/Yellow_202.png,Yellow,jeep,202,202,202,False,verified_source_pixels,source_video_counter,0,/home/fwromano/Documents/Code/experiments/VectorManifold/data/raw/video/sim2/Yellow.mp4,2286,38.1,8c495fdf976513443788d84fa9a7e4db9536bbbd5b75d428b7ffe89d4dde54d6
sim2_cropped/Yellow/Yellow_203.png,Yellow,jeep,203,203,203,False,verified_source_pixels,source_video_counter,0,/home/fwromano/Documents/Code/experiments/VectorManifold/data/raw/video/sim2/Yellow.mp4,2297,38.283334,9322d3af745ddcb57d9c2604533b3c56cdaa8bd599cb91bf60ffd59ff0b55f19
sim2_cropped/Yellow/Yellow_204.png,Yellow,jeep,204,204,204,False,verified_source_pixels,source_video_counter,0,/home/fwromano/Documents/Code/experiments/VectorManifold/data/raw/video/sim2/Yellow.mp4,2310,38.5,1af46347895a203eefe9d214cd2152c16a6dd5b98bf82e78fda9ba0c27419d38
sim2_cropped/Yellow/Yellow_205.png,Yellow,jeep,205,205,205,False,verified_source_pixels,source_video_counter,0,/home/fwromano/Documents/Code/experiments/VectorManifold/data/raw/video/sim2/Yellow.mp4,2319,38.65,956e37530f13a4e7cdce16d2490ae0dbd9144fce8ce9e819007ac978b1e2a32b
sim2_cropped/Yellow/Yellow_206.png,Yellow,jeep,206,206,206,False,verified_source_pixels,source_video_counter,0,/home/fwromano/Documents/Code/experiments/VectorManifold/data/raw/video/sim2/Yellow.mp4,2331,38.85,252c915abf8f5df037027822205c8d125442dd3e77eb4864297e8537a8ac4b1f
sim2_cropped/Yellow/Yellow_207.png,Yellow,jeep,207,207,207,False,verified_source_pixels,source_video_counter,0,/home/fwromano/Documents/Code/experiments/VectorManifold/data/raw/video/sim2/Yellow.mp4,2342,39.033333,e963a6aecfc61068ff475f1cf3f86f1e35975013ee89bdf51c714921ba6a0997
sim2_cropped/Yellow/Yellow_208.png,Yellow,jeep,203,203,208,True,verified_source_pixels,source_video_counter,0,/home/fwromano/Documents/Code/experiments/VectorManifold/data/raw/video/sim2/Yellow.mp4,2303,38.383333,45db9a18aa274bd843663c8509567b2cee3985247c28dd18a20ee7753eeabdb2
sim2_cropped/Yellow/Yellow_210.png,Yellow,jeep,210,210,210,False,verified_source_pixels,source_video_counter,0,/home/fwromano/Documents/Code/experiments/VectorManifold/data/raw/video/sim2/Yellow.mp4,2387,39.783334,5c82ed2c9d2ff61f9b562c4f2a3a51d2f7357ffaec91ed85020580e1a29342f2
sim2_cropped/Yellow/Yellow_211.png,Yellow,jeep,211,211,211,False,verified_source_pixels,source_video_counter,0,/home/fwromano/Documents/Code/experiments/VectorManifold/data/raw/video/sim2/Yellow.mp4,2393,39.883333,81f8acb2d5e5fb5b4ec4c46fe5311fd20f6e09795b8d85000b1c7fefa4f1de54
sim2_cropped/Yellow/Yellow_212.png,Yellow,jeep,212,212,212,False,verified_source_pixels,source_video_counter,0,/home/fwromano/Documents/Code/experiments/VectorManifold/data/raw/video/sim2/Yellow.mp4,2405,40.083333,25f99a9330fe26e623d2ce89e33a09ce9102d5150f93a784eb30fc83aa025feb
sim2_cropped/Yellow/Yellow_213.png,Yellow,jeep,213,213,213,False,verified_source_pixels,source_video_counter,0,/home/fwromano/Documents/Code/experiments/VectorManifold/data/raw/video/sim2/Yellow.mp4,2417,40.283333,67b82324a537e1fcb274523f95fb044aa0080750acbfab2802b26d9836cdec17
sim2_cropped/Yellow/Yellow_214.png,Yellow,jeep,214,214,214,False,verified_source_pixels,source_video_counter,0,/home/fwromano/Documents/Code/experiments/VectorManifold/data/raw/video/sim2/Yellow.mp4,2428,40.466667,efe4aed45fdf3fe0c8e19018260f5fa429a6ed3a5b6019d9d358644e66488d25
sim2_cropped/Yellow/Yellow_215.png,Yellow,jeep,215,215,215,False,verified_source_pixels,source_video_counter,0,/home/fwromano/Documents/Code/experiments/VectorManifold/data/raw/video/sim2/Yellow.mp4,2438,40.633333,e88ef012b328afbe3102a43b56e035ad3fbe5f2fd0c9cc2425ac17820e28261f
sim2_cropped/Yellow/Yellow_216.png,Yellow,jeep,216,216,216,False,verified_source_pixels,source_video_counter,0,/home/fwromano/Documents/Code/experiments/VectorManifold/data/raw/video/sim2/Yellow.mp4,2450,40.833333,85008e64fc018b40fc2b9c3badd4693d9cf1a0895059c832d9d3cfa08f2d78d2
sim2_cropped/Yellow/Yellow_217.png,Yellow,jeep,217,217,217,False,verified_source_pixels,source_video_counter,0,/home/fwromano/Documents/Code/experiments/VectorManifold/data/raw/video/sim2/Yellow.mp4,2468,41.133333,a944e73efbbfaa80764b1bbac3b8f1a305bc99b524a4d23d48bf76f359a76201
sim2_cropped/Yellow/Yellow_218.png,Yellow,jeep,213,213,218,True,verified_source_pixels,source_video_counter,0,/home/fwromano/Documents/Code/experiments/VectorManifold/data/raw/video/sim2/Yellow.mp4,2422,40.366667,f05aa3fae942e20b9a8f25f5117478fdee2eaf3a487b38fb4668ea745b82952e
sim2_cropped/Yellow/Yellow_219.png,Yellow,jeep,219,219,219,False,verified_source_pixels,source_video_counter,0,/home/fwromano/Documents/Code/experiments/VectorManifold/data/raw/video/sim2/Yellow.mp4,2490,41.5,f6d124360beed7430abb23b3c1691a9c4073e09ec20bfbad6711e22ad9afec7b
sim2_cropped/Yellow/Yellow_220.png,Yellow,jeep,220,220,220,False,verified_source_pixels,source_video_counter,0,/home/fwromano/Documents/Code/experiments/VectorManifold/data/raw/video/sim2/Yellow.mp4,2501,41.683333,9e39f02212b12c2e0ec1120bf608a5b97df59d141885828b04df7da21ab52f0c
sim2_cropped/Yellow/Yellow_221.png,Yellow,jeep,221,221,221,False,verified_source_pixels,source_video_counter,0,/home/fwromano/Documents/Code/experiments/VectorManifold/data/raw/video/sim2/Yellow.mp4,2513,41.883333,6f7618d7cf7aeca56954bb2b544fa494b0a985aff142cc33f6d4de464b9e2e83
sim2_cropped/Yellow/Yellow_222.png,Yellow,jeep,222,222,222,False,verified_source_pixels,source_video_counter,0,/home/fwromano/Documents/Code/experiments/VectorManifold/data/raw/video/sim2/Yellow.mp4,2524,42.066667,8714374bd5e17515248b71cc9297bdae02f65711c7a48b6b0c39528970565c90
sim2_cropped/Yellow/Yellow_223.png,Yellow,jeep,223,223,223,False,verified_source_pixels,source_video_counter,0,/home/fwromano/Documents/Code/experiments/VectorManifold/data/raw/video/sim2/Yellow.mp4,2535,42.25,a446ace9ac4e3c6df99ed72ecf2649a4b548561baae96792c671a67803dbd2b9
sim2_cropped/Yellow/Yellow_224.png,Yellow,jeep,224,224,224,False,verified_source_pixels,source_video_counter,0,/home/fwromano/Documents/Code/experiments/VectorManifold/data/raw/video/sim2/Yellow.mp4,2546,42.433333,d6b24570d0b75df48e7304a403dc11d41c4faecbbd6fd9e0948856f8fcd67c57
sim2_cropped/Yellow/Yellow_225.png,Yellow,jeep,225,225,225,False,verified_source_pixels,source_video_counter,0,/home/fwromano/Documents/Code/experiments/VectorManifold/data/raw/video/sim2/Yellow.mp4,2564,42.733333,de6c93759150957b6fbf54afba11bfa159c48445792bd982df22d7990021fc12
sim2_cropped/Yellow/Yellow_226.png,Yellow,jeep,226,226,226,False,verified_source_pixels,source_video_counter,0,/home/fwromano/Documents/Code/experiments/VectorManifold/data/raw/video/sim2/Yellow.mp4,2574,42.9,a802d87085f89ba662baebded814d1bafddfa92331471be8efecac7968aa24d1
sim2_cropped/Yellow/Yellow_227.png,Yellow,jeep,227,227,227,False,verified_source_pixels,source_video_counter,0,/home/fwromano/Documents/Code/experiments/VectorManifold/data/raw/video/sim2/Yellow.mp4,2592,43.2,a19b445756322252673478d8388eb2474e5ef4c3a93c8d17577ac858c364b874
sim2_cropped/Yellow/Yellow_228.png,Yellow,jeep,223,223,228,True,verified_source_pixels,source_video_counter,0,/home/fwromano/Documents/Code/experiments/VectorManifold/data/raw/video/sim2/Yellow.mp4,2541,42.35,285a6287fa2d1b83b1b45269432c02cc717cec03bd72411fa2abcdc5110010e1
sim2_cropped/Yellow/Yellow_229.png,Yellow,jeep,229,229,229,False,verified_source_pixels,source_video_counter,0,/home/fwromano/Documents/Code/experiments/VectorManifold/data/raw/video/sim2/Yellow.mp4,2609,43.483334,f5d316d743c0ca9a8ac2cbd9e2895d5b8cb88db3d23e7ecc597fba1c62adc81c
sim2_cropped/Yellow/Yellow_230.png,Yellow,jeep,230,230,230,False,verified_source_pixels,source_video_counter,0,/home/fwromano/Documents/Code/experiments/VectorManifold/data/raw/video/sim2/Yellow.mp4,2620,43.666667,841797b6fdeb7d1b6faaa563aba1e4c87355fc9883490774f717418b64e7a86f
sim2_cropped/Yellow/Yellow_231.png,Yellow,jeep,231,231,231,False,verified_source_pixels,source_video_counter,0,/home/fwromano/Documents/Code/experiments/VectorManifold/data/raw/video/sim2/Yellow.mp4,2632,43.866667,2a40482a835f5eab0d2bad73bbf56ba3c463a7cbacf54b1a319153d453987002
sim2_cropped/Yellow/Yellow_232.png,Yellow,jeep,232,232,232,False,verified_source_pixels,source_video_counter,0,/home/fwromano/Documents/Code/experiments/VectorManifold/data/raw/video/sim2/Yellow.mp4,2642,44.033333,79278d1ed29d77dea06d313ed08058be365986a7c74412a10cb91eae4f3dc3ca
sim2_cropped/Yellow/Yellow_233.png,Yellow,jeep,233,233,233,False,verified_source_pixels,source_video_counter,0,/home/fwromano/Documents/Code/experiments/VectorManifold/data/raw/video/sim2/Yellow.mp4,2660,44.333333,4b3d7d16e23f0e629885679e0048aa5fb155c929184bd2279bfecc81264853d8
sim2_cropped/Yellow/Yellow_234.png,Yellow,jeep,234,234,234,False,verified_source_pixels,source_video_counter,0,/home/fwromano/Documents/Code/experiments/VectorManifold/data/raw/video/sim2/Yellow.mp4,2671,44.516666,3b29c202bfc620bf3551cfd0498961f0a5c4bb56e1f9e05d56007091a3f6f6ba
sim2_cropped/Yellow/Yellow_235.png,Yellow,jeep,235,235,235,False,verified_source_pixels,source_video_counter,0,/home/fwromano/Documents/Code/experiments/VectorManifold/data/raw/video/sim2/Yellow.mp4,2683,44.716666,1f87e4a2f44f08845cbd039affab1e82b284025d896e41362bd030775e5386aa
sim2_cropped/Yellow/Yellow_236.png,Yellow,jeep,236,236,236,False,verified_source_pixels,source_video_counter,0,/home/fwromano/Documents/Code/experiments/VectorManifold/data/raw/video/sim2/Yellow.mp4,2693,44.883334,dc5acd11b4a0bd9c7eb39249c330f72c5d8a4e8df47c1626b33a3aa860edba73
sim2_cropped/Yellow/Yellow_237.png,Yellow,jeep,237,237,237,False,verified_source_pixels,source_video_counter,0,/home/fwromano/Documents/Code/experiments/VectorManifold/data/raw/video/sim2/Yellow.mp4,2705,45.083334,89242b8fea35622bd0d74cd26681d400998bc761965d0e5441092d629ce816fd
sim2_cropped/Yellow/Yellow_238.png,Yellow,jeep,233,233,238,True,verified_source_pixels,source_video_counter,0,/home/fwromano/Documents/Code/experiments/VectorManifold/data/raw/video/sim2/Yellow.mp4,2666,44.433333,13a99cfe7705f7aba15239f699bed0dabcd3205b73bcdac303768514015aefe6
sim2_cropped/Yellow/Yellow_239.png,Yellow,jeep,239,239,239,False,verified_source_pixels,source_video_counter,0,/home/fwromano/Documents/Code/experiments/VectorManifold/data/raw/video/sim2/Yellow.mp4,2728,45.466667,d79ae0881e72911ae575340b0dd6309cd643f87fe96adc3f674ae45ee71967f6
sim2_cropped/Yellow/Yellow_240.png,Yellow,jeep,240,240,240,False,verified_source_pixels,source_video_counter,0,/home/fwromano/Documents/Code/experiments/VectorManifold/data/raw/video/sim2/Yellow.mp4,2739,45.65,e35335339746276af2882b099f875d062eeeeb2f6161dc03f39158d1b29d6264
sim2_cropped/Yellow/Yellow_241.png,Yellow,jeep,241,241,241,False,verified_source_pixels,source_video_counter,0,/home/fwromano/Documents/Code/experiments/VectorManifold/data/raw/video/sim2/Yellow.mp4,2751,45.85,18b229f7c1c3aef1c4c9ed03c9bb069fb6faf8cca9898cd8bfbc0ec02383516b
sim2_cropped/Yellow/Yellow_242.png,Yellow,jeep,242,242,242,False,verified_source_pixels,source_video_counter,0,/home/fwromano/Documents/Code/experiments/VectorManifold/data/raw/video/sim2/Yellow.mp4,2767,46.116666,40752d0dfb9147a0aeba5c5c863dcd0f9352222673fed33efe414cf731c145cb
sim2_cropped/Yellow/Yellow_243.png,Yellow,jeep,243,243,243,False,verified_source_pixels,source_video_counter,0,/home/fwromano/Documents/Code/experiments/VectorManifold/data/raw/video/sim2/Yellow.mp4,2779,46.316666,90e5d7b3bc6d24a0bb49c846950ba1e59206191d01c78f6989ff5545f3f50fe3
sim2_cropped/Yellow/Yellow_244.png,Yellow,jeep,244,244,244,False,verified_source_pixels,source_video_counter,0,/home/fwromano/Documents/Code/experiments/VectorManifold/data/raw/video/sim2/Yellow.mp4,2790,46.5,eba279a77d2bc31509638ca5e68ec688195108a687bbfe69333e7babd1ed158a
sim2_cropped/Yellow/Yellow_245.png,Yellow,jeep,245,245,245,False,verified_source_pixels,source_video_counter,0,/home/fwromano/Documents/Code/experiments/VectorManifold/data/raw/video/sim2/Yellow.mp4,2802,46.7,b3600cf5131ab7025920b288fe735d96ca3c2925ff426a501894431054a4c395
sim2_cropped/Yellow/Yellow_246.png,Yellow,jeep,246,246,246,False,verified_source_pixels,source_video_counter,0,/home/fwromano/Documents/Code/experiments/VectorManifold/data/raw/video/sim2/Yellow.mp4,2812,46.866667,c91597c33b9c2b8c329db6eb10bb3d243055820f03dd556304ac0f0fa2b3aa0b
sim2_cropped/Yellow/Yellow_247.png,Yellow,jeep,247,247,247,False,verified_source_pixels,source_video_counter,0,/home/fwromano/Documents/Code/experiments/VectorManifold/data/raw/video/sim2/Yellow.mp4,2824,47.066667,9aba19beb574f79fff786604b87898448474a238ce679e24100a875535ad91a1
sim2_cropped/Yellow/Yellow_248.png,Yellow,jeep,243,243,248,True,verified_source_pixels,source_video_counter,0,/home/fwromano/Documents/Code/experiments/VectorManifold/data/raw/video/sim2/Yellow.mp4,2785,46.416667,0df12f08942bf3f9642f2959517866c0b6c10b63785c38c555db64d239d8edd8
sim2_cropped/Yellow/Yellow_249.png,Yellow,jeep,249,249,249,False,verified_source_pixels,source_video_counter,0,/home/fwromano/Documents/Code/experiments/VectorManifold/data/raw/video/sim2/Yellow.mp4,2847,47.45,043e217ba20712b26bfb497da8c5b8118e807d75cb22f44aca6d3a1ca854d4f0
sim2_cropped/Yellow/Yellow_250.png,Yellow,jeep,250,250,250,False,verified_source_pixels,source_video_counter,0,/home/fwromano/Documents/Code/experiments/VectorManifold/data/raw/video/sim2/Yellow.mp4,2857,47.616667,26ca87080d6b00e3c58227588ee6197e06b56e0d94a664726e0cb5079125b626
sim2_cropped/Yellow/Yellow_251.png,Yellow,jeep,251,251,251,False,verified_source_pixels,source_video_counter,0,/home/fwromano/Documents/Code/experiments/VectorManifold/data/raw/video/sim2/Yellow.mp4,2875,47.916667,cf75be3694ca03f0bf4336758bae7d9d0e44a95f32f603f6c49f3c294fde7f44
sim2_cropped/Yellow/Yellow_252.png,Yellow,jeep,252,252,252,False,verified_source_pixels,source_video_counter,0,/home/fwromano/Documents/Code/experiments/VectorManifold/data/raw/video/sim2/Yellow.mp4,2886,48.1,dcbaa613d03f07409721d6914cb4e13ba2c350e95238257d433fda9a7569575f
sim2_cropped/Yellow/Yellow_253.png,Yellow,jeep,253,253,253,False,verified_source_pixels,source_video_counter,0,/home/fwromano/Documents/Code/experiments/VectorManifold/data/raw/video/sim2/Yellow.mp4,2897,48.283333,28e41cc19721dcb292d1d4a874d447fd5081ea10a1e78b3014e93d6c0c681b84
sim2_cropped/Yellow/Yellow_254.png,Yellow,jeep,254,254,254,False,verified_source_pixels,source_video_counter,0,/home/fwromano/Documents/Code/experiments/VectorManifold/data/raw/video/sim2/Yellow.mp4,2908,48.466667,a4bb62c0c621998c8c2d786cc69b91a17a89b4a66d93b9a6bd5bf1d2463253e1
sim2_cropped/Yellow/Yellow_255.png,Yellow,jeep,255,255,255,False,verified_source_pixels,source_video_counter,0,/home/fwromano/Documents/Code/experiments/VectorManifold/data/raw/video/sim2/Yellow.mp4,2920,48.666667,1857e8dd0a1a1da1284d415d922de6cb2fdfe5d7622b41b8af300a52ac11dabd
sim2_cropped/Yellow/Yellow_256.png,Yellow,jeep,256,256,256,False,verified_source_pixels,source_video_counter,0,/home/fwromano/Documents/Code/experiments/VectorManifold/data/raw/video/sim2/Yellow.mp4,2931,48.85,9d8cd9410f56d03d6aef39614f91287f2ed0feccb92729f5f599ccd86ee2c985
sim2_cropped/Yellow/Yellow_257.png,Yellow,jeep,257,257,257,False,verified_source_pixels,source_video_counter,0,/home/fwromano/Documents/Code/experiments/VectorManifold/data/raw/video/sim2/Yellow.mp4,2943,49.05,f78d304d1a4fd74cb60439aeebc567a9c2aa2483a5047c1d78a717236295e352
sim2_cropped/Yellow/Yellow_258.png,Yellow,jeep,253,253,258,True,verified_source_pixels,source_video_counter,0,/home/fwromano/Documents/Code/experiments/VectorManifold/data/raw/video/sim2/Yellow.mp4,2903,48.383334,892febaeff11607883d6590813a4888754ec086d64470fab2a84c5cf9ea05b3b
sim2_cropped/Yellow/Yellow_259.png,Yellow,jeep,259,259,259,False,verified_source_pixels,source_video_counter,0,/home/fwromano/Documents/Code/experiments/VectorManifold/data/raw/video/sim2/Yellow.mp4,2966,49.433333,8e5902881a8fa75097292ac6637a0702a683cbb0eaf4dbb0eaff3e1fd36f872a
sim2_cropped/Yellow/Yellow_260.png,Yellow,jeep,260,260,260,False,verified_source_pixels,source_video_counter,0,/home/fwromano/Documents/Code/experiments/VectorManifold/data/raw/video/sim2/Yellow.mp4,2983,49.716667,35b5870fb3650c79af6e441337c5f5a146a16c8e39a8cd69fe00358bce44f6d6
sim2_cropped/Yellow/Yellow_261.png,Yellow,jeep,261,261,261,False,verified_source_pixels,source_video_counter,0,/home/fwromano/Documents/Code/experiments/VectorManifold/data/raw/video/sim2/Yellow.mp4,2994,49.9,db6f22ebbe4334178a56a62ce12059528a9a190500968b2812ae1d81e9ed96c6
sim2_cropped/Yellow/Yellow_262.png,Yellow,jeep,262,262,262,False,verified_source_pixels,source_video_counter,0,/home/fwromano/Documents/Code/experiments/VectorManifold/data/raw/video/sim2/Yellow.mp4,3006,50.1,0a20dd3390bf187e3c40a311671e097cb04b2cccd22f879ea5a1c442b23434f7
sim2_cropped/Yellow/Yellow_263.png,Yellow,jeep,263,263,263,False,verified_source_pixels,source_video_counter,0,/home/fwromano/Documents/Code/experiments/VectorManifold/data/raw/video/sim2/Yellow.mp4,3023,50.383334,c87f6edb000d10905484b0cf78d4337da9b414f6028cf1d407af71a393698e9d
sim2_cropped/Yellow/Yellow_264.png,Yellow,jeep,264,264,264,False,verified_source_pixels,source_video_counter,0,/home/fwromano/Documents/Code/experiments/VectorManifold/data/raw/video/sim2/Yellow.mp4,3029,50.483333,cc27dce9dd5dd694997c3d51143131aa3c0834bb1ebc1e3f6c2b602d60e56b27
sim2_cropped/Yellow/Yellow_265.png,Yellow,jeep,265,265,265,False,verified_source_pixels,source_video_counter,0,/home/fwromano/Documents/Code/experiments/VectorManifold/data/raw/video/sim2/Yellow.mp4,3040,50.666667,9f409a7cc18e38f46fbaefd1f67474c7bdab4d41dc6e91ced348ab4ec00e1ce3
sim2_cropped/Yellow/Yellow_266.png,Yellow,jeep,266,266,266,False,verified_source_pixels,source_video_counter,0,/home/fwromano/Documents/Code/experiments/VectorManifold/data/raw/video/sim2/Yellow.mp4,3052,50.866667,46305ab571ed23ad80529728175db6b9e271b3bc1f9c42aeb2b15a897b3ea70a
sim2_cropped/Yellow/Yellow_267.png,Yellow,jeep,267,267,267,False,verified_source_pixels,source_video_counter,0,/home/fwromano/Documents/Code/experiments/VectorManifold/data/raw/video/sim2/Yellow.mp4,3062,51.033333,745d1cec9ab0fb335930d5131e50f2fea028b64ac47b6566d171b1a9a27ea755
sim2_cropped/Yellow/Yellow_268.png,Yellow,jeep,268,268,268,False,verified_source_pixels,source_video_counter,0,/home/fwromano/Documents/Code/experiments/VectorManifold/data/raw/video/sim2/Yellow.mp4,3080,51.333333,02c876e91bc092e4ecd235c74303fdddf38ae9734e4ff4c3977bda6562a90993
sim2_cropped/Yellow/Yellow_269.png,Yellow,jeep,269,269,269,False,verified_source_pixels,source_video_counter,0,/home/fwromano/Documents/Code/experiments/VectorManifold/data/raw/video/sim2/Yellow.mp4,3091,51.516667,dbfb265327c6ac0efe84aeb49f015fee6a9b33a3cd3bc4f29d483f6dc5cf2d10
sim2_cropped/Yellow/Yellow_270.png,Yellow,jeep,270,270,270,False,verified_source_pixels,source_video_counter,0,/home/fwromano/Documents/Code/experiments/VectorManifold/data/raw/video/sim2/Yellow.mp4,3103,51.716667,50f11c691f05b09f4463b8801fbb5558aa62122aeae8f89fffecdb1a0e84efd3
sim2_cropped/Yellow/Yellow_271.png,Yellow,jeep,271,271,271,False,verified_source_pixels,source_video_counter,0,/home/fwromano/Documents/Code/experiments/VectorManifold/data/raw/video/sim2/Yellow.mp4,3113,51.883334,d16b9123d52abb5cdcd75b74c2bd450c5f6913139157bd322c0d2373b05375da
sim2_cropped/Yellow/Yellow_272.png,Yellow,jeep,272,272,272,False,verified_source_pixels,source_video_counter,0,/home/fwromano/Documents/Code/experiments/VectorManifold/data/raw/video/sim2/Yellow.mp4,3125,52.083334,9ec5c9adebfb9682708cdfac0f585c5dd62912c0e79e25ffc6d884134a19f8e7
sim2_cropped/Yellow/Yellow_273.png,Yellow,jeep,273,273,273,False,verified_source_pixels,source_video_counter,0,/home/fwromano/Documents/Code/experiments/VectorManifold/data/raw/video/sim2/Yellow.mp4,3136,52.266667,3061302b3101f227e8e8393c58bc5c581fe4a53bcd555e3fba67752574190233
sim2_cropped/Yellow/Yellow_274.png,Yellow,jeep,274,274,274,False,verified_source_pixels,source_video_counter,0,/home/fwromano/Documents/Code/experiments/VectorManifold/data/raw/video/sim2/Yellow.mp4,3148,52.466667,e75784d343acd82db88740947d6bc67347cb74387baa5b957c98faa5f28e57fe
sim2_cropped/Yellow/Yellow_275.png,Yellow,jeep,275,275,275,False,verified_source_pixels,source_video_counter,0,/home/fwromano/Documents/Code/experiments/VectorManifold/data/raw/video/sim2/Yellow.mp4,3158,52.633333,0105466e7cd6bdeb4f4ac563ac21b82de9511e46445b87a93f4b93f4b0803f52
sim2_cropped/Yellow/Yellow_276.png,Yellow,jeep,276,276,276,False,verified_source_pixels,source_video_counter,0,/home/fwromano/Documents/Code/experiments/VectorManifold/data/raw/video/sim2/Yellow.mp4,3170,52.833333,93839f7d316db66e433aef83a1a78984cb06a89f5b84fff9bf1f665ea709ea93
sim2_cropped/Yellow/Yellow_277.png,Yellow,jeep,277,277,277,False,verified_source_pixels,source_video_counter,0,/home/fwromano/Documents/Code/experiments/VectorManifold/data/raw/video/sim2/Yellow.mp4,3187,53.116666,1cf850019d58c8e8870ad78b9ea0b76a00418499624e1dc0fb381d9d94825019
sim2_cropped/Yellow/Yellow_278.png,Yellow,jeep,273,273,278,True,verified_source_pixels,source_video_counter,0,/home/fwromano/Documents/Code/experiments/VectorManifold/data/raw/video/sim2/Yellow.mp4,3141,52.35,f02276693a0faefa97c1284008fddc3b03a99493fb880f927f79ceef96372a4e
sim2_cropped/Yellow/Yellow_279.png,Yellow,jeep,279,279,279,False,verified_source_pixels,source_video_counter,0,/home/fwromano/Documents/Code/experiments/VectorManifold/data/raw/video/sim2/Yellow.mp4,3209,53.483334,995d620689dc7675caa8229f85956a9c3280b49e7353efb1abd308c1caf7c27c
sim2_cropped/Yellow/Yellow_280.png,Yellow,jeep,280,280,280,False,verified_source_pixels,source_video_counter,0,/home/fwromano/Documents/Code/experiments/VectorManifold/data/raw/video/sim2/Yellow.mp4,3221,53.683334,e30608599f83eafe6715be8a327adcd50a94bf4ab0fb8b735a97b66d33bbb0c7
sim2_cropped/Yellow/Yellow_281.png,Yellow,jeep,281,281,281,False,verified_source_pixels,source_video_counter,0,/home/fwromano/Documents/Code/experiments/VectorManifold/data/raw/video/sim2/Yellow.mp4,3232,53.866667,09fdacf2675317bf136161071bef984209b35d9a1ee62c7c15d36d41b77c0392
sim2_cropped/Yellow/Yellow_282.png,Yellow,jeep,282,282,282,False,verified_source_pixels,source_video_counter,0,/home/fwromano/Documents/Code/experiments/VectorManifold/data/raw/video/sim2/Yellow.mp4,3244,54.066667,c5d70adf32412c4e49c914a17267f07da3d9fac5be0ca3ac370f494aa8707dd3
sim2_cropped/Yellow/Yellow_283.png,Yellow,jeep,283,283,283,False,verified_source_pixels,source_video_counter,0,/home/fwromano/Documents/Code/experiments/VectorManifold/data/raw/video/sim2/Yellow.mp4,3254,54.233333,5f2bd908b083bed36723610288e3134321c63b12414dfd88f9752b826208e9e3
sim2_cropped/Yellow/Yellow_284.png,Yellow,jeep,284,284,284,False,verified_source_pixels,source_video_counter,0,/home/fwromano/Documents/Code/experiments/VectorManifold/data/raw/video/sim2/Yellow.mp4,3266,54.433333,6c462962bb8e03b0bc0ff8c7ac5c8cf02d550b6be36e5b8e17d8afc691fac2e0
sim2_cropped/Yellow/Yellow_285.png,Yellow,jeep,285,285,285,False,verified_source_pixels,source_video_counter,0,/home/fwromano/Documents/Code/experiments/VectorManifold/data/raw/video/sim2/Yellow.mp4,3282,54.7,fa93036b573a44a8d6657827855f8ad4b06682d28ece03e360a8cbf39bc05e37
sim2_cropped/Yellow/Yellow_286.png,Yellow,jeep,286,286,286,False,verified_source_pixels,source_video_counter,0,/home/fwromano/Documents/Code/experiments/VectorManifold/data/raw/video/sim2/Yellow.mp4,3294,54.9,8fee02dc21618196a5e47b539e86381966f94a60c5c0d3b2bdf1dc62429debf4
sim2_cropped/Yellow/Yellow_287.png,Yellow,jeep,287,287,287,False,verified_source_pixels,source_video_counter,0,/home/fwromano/Documents/Code/experiments/VectorManifold/data/raw/video/sim2/Yellow.mp4,3305,55.083334,9d6631858ded0d80aedb282f81ac06c4551ec62a13fcad514d6f162fca56d5c4
sim2_cropped/Yellow/Yellow_288.png,Yellow,jeep,288,288,288,False,verified_source_pixels,source_video_counter,0,/home/fwromano/Documents/Code/experiments/VectorManifold/data/raw/video/sim2/Yellow.mp4,3316,55.266667,3a03a958ef29df8f32c645e1111152e6c4126fd16918ed80de4d8771a2035334
sim2_cropped/Yellow/Yellow_289.png,Yellow,jeep,239,239,289,True,verified_source_pixels,source_video_counter,0,/home/fwromano/Documents/Code/experiments/VectorManifold/data/raw/video/sim2/Yellow.mp4,2734,45.566667,f950fdb5fd1d0510c121f6c49271adc9b65cb41283b5f996024b9d5fdf02f124
sim2_cropped/Yellow/Yellow_290.png,Yellow,jeep,290,290,290,False,verified_source_pixels,source_video_counter,0,/home/fwromano/Documents/Code/experiments/VectorManifold/data/raw/video/sim2/Yellow.mp4,3338,55.633333,38e29cf92c6bb206d981cd91fe56a89dc5268f1158e0fe54515ca7f82cad7d9c
sim2_cropped/Yellow/Yellow_291.png,Yellow,jeep,291,291,291,False,verified_source_pixels,source_video_counter,0,/home/fwromano/Documents/Code/experiments/VectorManifold/data/raw/video/sim2/Yellow.mp4,3349,55.816667,735ab2c27d5f36f240c388bb88223ba9d220c583309a161929805de4b14cd749
sim2_cropped/Yellow/Yellow_292.png,Yellow,jeep,292,292,292,False,verified_source_pixels,source_video_counter,0,/home/fwromano/Documents/Code/experiments/VectorManifold/data/raw/video/sim2/Yellow.mp4,3366,56.1,8358003327b68598c40647a59048186516abffdf382aadb95184906840e594bf
sim2_cropped/Yellow/Yellow_294.png,Yellow,jeep,294,294,294,False,verified_source_pixels,source_video_counter,0,/home/fwromano/Documents/Code/experiments/VectorManifold/data/raw/video/sim2/Yellow.mp4,3388,56.466667,57eb2e2aa2b64621326d28940f4e4d64cd53860048c49f117bf68730fcfe2cc7
sim2_cropped/Yellow/Yellow_295.png,Yellow,jeep,295,295,295,False,verified_source_pixels,source_video_counter,0,/home/fwromano/Documents/Code/experiments/VectorManifold/data/raw/video/sim2/Yellow.mp4,3400,56.666667,9ca2451ec1c4379694b6276ef7f1396326750910221cc61e55c92368f2c5d04a
sim2_cropped/Yellow/Yellow_296.png,Yellow,jeep,296,296,296,False,verified_source_pixels,source_video_counter,0,/home/fwromano/Documents/Code/experiments/VectorManifold/data/raw/video/sim2/Yellow.mp4,3410,56.833333,860356e339264da6878ea129762c7bf24ade7840f62342fe4a3b17f6d8cf7f56
sim2_cropped/Yellow/Yellow_297.png,Yellow,jeep,297,297,297,False,verified_source_pixels,source_video_counter,0,/home/fwromano/Documents/Code/experiments/VectorManifold/data/raw/video/sim2/Yellow.mp4,3423,57.05,eedc32bffd5518a05ccd803c8ee4af8a09e87e0c1093d41bb0d31a73f3a0c47a
sim2_cropped/Yellow/Yellow_298.png,Yellow,jeep,293,293,298,True,verified_source_pixels,source_video_counter,0,/home/fwromano/Documents/Code/experiments/VectorManifold/data/raw/video/sim2/Yellow.mp4,3377,56.283333,f76fceb8bdbfc26040dacc04c42cc83cb0e86eea29e268b7136464417f160dcc
sim2_cropped/Yellow/Yellow_299.png,Yellow,jeep,299,299,299,False,verified_source_pixels,source_video_counter,0,/home/fwromano/Documents/Code/experiments/VectorManifold/data/raw/video/sim2/Yellow.mp4,3446,57.433333,a5b84d9c0ad714d83d562b71bf3efcf2d2cfa9d0764bb50f15f37323e43da519
sim2_cropped/Yellow/Yellow_300.png,Yellow,jeep,300,300,300,False,verified_source_pixels,source_video_counter,0,/home/fwromano/Documents/Code/experiments/VectorManifold/data/raw/video/sim2/Yellow.mp4,3458,57.633333,0e9eb140ab709ba23edb878a79c9bfdf8cf0a95ff3ddac592f1747ab4740e119
sim2_cropped/Yellow/Yellow_303.png,Yellow,jeep,303,303,303,False,verified_source_pixels,source_video_counter,0,/home/fwromano/Documents/Code/experiments/VectorManifold/data/raw/video/sim2/Yellow.mp4,3500,58.333333,1b9a7066de3315d0010bce96da680019218835a3565c9d4917ffdffee0c8ad26
sim2_cropped/Yellow/Yellow_304.png,Yellow,jeep,304,304,304,False,verified_source_pixels,source_video_counter,0,/home/fwromano/Documents/Code/experiments/VectorManifold/data/raw/video/sim2/Yellow.mp4,3509,58.483333,694b9c32981be991281b3394bcfdddce0b5d78f9738bec0dbcb2194ff337e318
sim2_cropped/Yellow/Yellow_305.png,Yellow,jeep,305,305,305,False,verified_source_pixels,source_video_counter,0,/home/fwromano/Documents/Code/experiments/VectorManifold/data/raw/video/sim2/Yellow.mp4,3520,58.666667,b0df97afbbbcd04897559046283c33f8b6d1b6ae0a45c2d034a1d7a715bdfc05
sim2_cropped/Yellow/Yellow_306.png,Yellow,jeep,306,306,306,False,verified_source_pixels,source_video_counter,0,/home/fwromano/Documents/Code/experiments/VectorManifold/data/raw/video/sim2/Yellow.mp4,3531,58.85,f9614561f0289d1c8e2897ba6836d205f7c03db8b3fbffe4d727c52da90a32f5
sim2_cropped/Yellow/Yellow_307.png,Yellow,jeep,307,307,307,False,verified_source_pixels,source_video_counter,0,/home/fwromano/Documents/Code/experiments/VectorManifold/data/raw/video/sim2/Yellow.mp4,3542,59.033333,142d81bda10e6cb46290b8bca4eac1c1b866e0ecfdf77f02e40584cb7a434ca2
sim2_cropped/Yellow/Yellow_308.png,Yellow,jeep,303,303,308,True,verified_source_pixels,source_video_counter,0,/home/fwromano/Documents/Code/experiments/VectorManifold/data/raw/video/sim2/Yellow.mp4,3503,58.383334,a68e089e443d728585dca17e3531936d25f2929db12cc8c861b9fda088551f42
sim2_cropped/Yellow/Yellow_309.png,Yellow,jeep,309,309,309,False,verified_source_pixels,source_video_counter,0,/home/fwromano/Documents/Code/experiments/VectorManifold/data/raw/video/sim2/Yellow.mp4,3571,59.516667,c56ead052832b80c74558d4ec924a510a555cd4da6e064b6220ff949c5989ea7
sim2_cropped/Yellow/Yellow_310.png,Yellow,jeep,310,310,310,False,verified_source_pixels,source_video_counter,0,/home/fwromano/Documents/Code/experiments/VectorManifold/data/raw/video/sim2/Yellow.mp4,3582,59.7,0dc8049613511e5b1007b05365f3e3c4a90aceaaff35ca32fb6374189c74e6a7
sim2_cropped/Yellow/Yellow_326.png,Yellow,jeep,326,326,326,False,verified_source_pixels,source_video_counter,0,/home/fwromano/Documents/Code/experiments/VectorManifold/data/raw/video/sim2/Yellow.mp4,3775,62.916666,51e1663028a8663107c36660087e01f2ee8072cfaedfb105de17472c77e73c97
sim2_cropped/Yellow/Yellow_328.png,Yellow,jeep,328,328,328,False,verified_source_pixels,source_video_counter,0,/home/fwromano/Documents/Code/experiments/VectorManifold/data/raw/video/sim2/Yellow.mp4,3807,63.45,2f09b63c32a10e7866d041891a217af8ec57b44bdf7f08696175a8d96ac73aef
sim2_cropped/Yellow/Yellow_329.png,Yellow,jeep,329,329,329,False,verified_source_pixels,source_video_counter,0,/home/fwromano/Documents/Code/experiments/VectorManifold/data/raw/video/sim2/Yellow.mp4,3808,63.466667,c9df599ddd1078eed4edc202f558ffed0af1408a20eb00860332bd01ec3bae70
sim2_cropped/Yellow/Yellow_330.png,Yellow,jeep,330,330,330,False,verified_source_pixels,source_video_counter,0,/home/fwromano/Documents/Code/experiments/VectorManifold/data/raw/video/sim2/Yellow.mp4,3820,63.666667,b002235466e2f678db8a21ee04d24ae887dd3e910bb73561bf3501e002be78eb
sim2_cropped/Yellow/Yellow_331.png,Yellow,jeep,331,331,331,False,verified_source_pixels,source_video_counter,0,/home/fwromano/Documents/Code/experiments/VectorManifold/data/raw/video/sim2/Yellow.mp4,3831,63.85,95e2f33356b79e80ca313a2c0fb09f01202029c0467f7852525fc0ac061e376c
sim2_cropped/Yellow/Yellow_332.png,Yellow,jeep,332,332,332,False,verified_source_pixels,source_video_counter,0,/home/fwromano/Documents/Code/experiments/VectorManifold/data/raw/video/sim2/Yellow.mp4,3858,64.3,82d248de952b08b36a9413cba61abb59f459f557b40307d16fa225c4d1731f39
sim2_cropped/Yellow/Yellow_333.png,Yellow,jeep,333,333,333,False,verified_source_pixels,source_video_counter,0,/home/fwromano/Documents/Code/experiments/VectorManifold/data/raw/video/sim2/Yellow.mp4,3860,64.333333,88b4ef1aad659234e898f634854d682fd0224f3be6ce9bda86dd93bd2bccb0af
sim2_cropped/Yellow/Yellow_336.png,Yellow,jeep,336,336,336,False,verified_source_pixels,source_video_counter,0,/home/fwromano/Documents/Code/experiments/VectorManifold/data/raw/video/sim2/Yellow.mp4,3893,64.883333,abcf102a3bf6d30bbaac9b63f3c4d0bcaf106649896f09d1873dbc9c91a75536
sim2_cropped/Yellow/Yellow_337.png,Yellow,jeep,337,337,337,False,verified_source_pixels,source_video_counter,0,/home/fwromano/Documents/Code/experiments/VectorManifold/data/raw/video/sim2/Yellow.mp4,3904,65.066667,edf2da3d849f2e9b24e75ee5b91141fc5e466a67a8e2e1c2231dbb3c0fa4970b
sim2_cropped/Yellow/Yellow_338.png,Yellow,jeep,333,333,338,True,verified_source_pixels,source_video_counter,0,/home/fwromano/Documents/Code/experiments/VectorManifold/data/raw/video/sim2/Yellow.mp4,3865,64.416666,04cd17db98da27729c94db0ab8f0beb36cf1d41d00c1bce739c5cb498ca45f26
sim2_cropped/Yellow/Yellow_339.png,Yellow,jeep,339,339,339,False,verified_source_pixels,source_video_counter,0,/home/fwromano/Documents/Code/experiments/VectorManifold/data/raw/video/sim2/Yellow.mp4,3927,65.45,ae11786a3ac9caaff9e86850940622316283e70e9c0f1ba3548e49528c8bfbe1
sim2_cropped/Yellow/Yellow_340.png,Yellow,jeep,340,340,340,False,verified_source_pixels,source_video_counter,0,/home/fwromano/Documents/Code/experiments/VectorManifold/data/raw/video/sim2/Yellow.mp4,3938,65.633333,56687e378c527108cce2d311e247c9c1b7f5b479be16dbac63cfbf005030f078
sim2_cropped/Yellow/Yellow_342.png,Yellow,jeep,342,342,342,False,verified_source_pixels,source_video_counter,0,/home/fwromano/Documents/Code/experiments/VectorManifold/data/raw/video/sim2/Yellow.mp4,3961,66.016666,5328ed9f63bbcda184d23284d04e73b928950eca24ae7d1ceb71cbf120e0143f
sim2_cropped/Yellow/Yellow_343.png,Yellow,jeep,343,343,343,False,verified_source_pixels,source_video_counter,0,/home/fwromano/Documents/Code/experiments/VectorManifold/data/raw/video/sim2/Yellow.mp4,3978,66.3,078d3184e9bfa969f16e52740d37e22795575156e7b616ea1e710253ead2d889
sim2_cropped/Yellow/Yellow_344.png,Yellow,jeep,344,344,344,False,verified_source_pixels,source_video_counter,0,/home/fwromano/Documents/Code/experiments/VectorManifold/data/raw/video/sim2/Yellow.mp4,4000,66.666667,3e388d549f8065552f8cf0b4dbd1400dd518cc8f9f5a41566793f6405d8da0bc
sim2_cropped/Yellow/Yellow_345.png,Yellow,jeep,345,345,345,False,verified_source_pixels,source_video_counter,0,/home/fwromano/Documents/Code/experiments/VectorManifold/data/raw/video/sim2/Yellow.mp4,4001,66.683333,2638dcc5a011479c7350359b79a61c81d92d6df4ee9f77ebcd52dc748c90ac22
sim2_cropped/Yellow/Yellow_346.png,Yellow,jeep,346,346,346,False,verified_source_pixels,source_video_counter,0,/home/fwromano/Documents/Code/experiments/VectorManifold/data/raw/video/sim2/Yellow.mp4,4012,66.866667,ab9c8dd41eaed7f401396b3e555237cf80010b678d9c6be518fa9cafc2535509
sim2_cropped/Yellow/Yellow_347.png,Yellow,jeep,347,347,347,False,verified_source_pixels,source_video_counter,0,/home/fwromano/Documents/Code/experiments/VectorManifold/data/raw/video/sim2/Yellow.mp4,4022,67.033333,2008f1e4d50046292ea37b16f90303dfdb1686e03d5242a1a4a26aee73f9d63d
sim2_cropped/Yellow/Yellow_348.png,Yellow,jeep,348,348,348,False,verified_source_pixels,source_video_counter,0,/home/fwromano/Documents/Code/experiments/VectorManifold/data/raw/video/sim2/Yellow.mp4,4034,67.233333,8157161fecce8fd4747a974a41a808b19a85e74a32720f416b8758c6d301e1f3
sim2_cropped/Yellow/Yellow_349.png,Yellow,jeep,349,349,349,False,verified_source_pixels,source_video_counter,0,/home/fwromano/Documents/Code/experiments/VectorManifold/data/raw/video/sim2/Yellow.mp4,4045,67.416666,48d1fe837059ef43e0eed5e732612e88c61a2ea25fc1298cf2865fe223dcc008
sim2_cropped/Yellow/Yellow_350.png,Yellow,jeep,350,350,350,False,verified_source_pixels,source_video_counter,0,/home/fwromano/Documents/Code/experiments/VectorManifold/data/raw/video/sim2/Yellow.mp4,4068,67.8,4577478c3eebfbd1faca7724f9225422444e474e426dea47ed899104efc36675
sim2_cropped/Yellow/Yellow_351.png,Yellow,jeep,351,351,351,False,verified_source_pixels,source_video_counter,0,/home/fwromano/Documents/Code/experiments/VectorManifold/data/raw/video/sim2/Yellow.mp4,4074,67.9,d08c2c0a9cb75044980b4da4810d42d3c7b025b21ea5aa169ad8978caed64482
sim2_cropped/Yellow/Yellow_352.png,Yellow,jeep,352,352,352,False,verified_source_pixels,source_video_counter,0,/home/fwromano/Documents/Code/experiments/VectorManifold/data/raw/video/sim2/Yellow.mp4,4085,68.083333,e5d561879b3118143bab83ad0cd9b47fd7e3e49b06ea0e540737dd010c6d162e
sim2_cropped/Yellow/Yellow_353.png,Yellow,jeep,353,353,353,False,verified_source_pixels,source_video_counter,0,/home/fwromano/Documents/Code/experiments/VectorManifold/data/raw/video/sim2/Yellow.mp4,4095,68.25,ddfad7026666a3c56c771c2f171ee055d87746d6817b49ab2c88e673476a55d1
sim2_cropped/Yellow/Yellow_354.png,Yellow,jeep,354,354,354,False,verified_source_pixels,source_video_counter,0,/home/fwromano/Documents/Code/experiments/VectorManifold/data/raw/video/sim2/Yellow.mp4,4107,68.45,f45f10c6aaae8d7d97f56e0656468600f041a0c23f243607a4ab977aa6233b6b
sim2_cropped/Yellow/Yellow_355.png,Yellow,jeep,355,355,355,False,verified_source_pixels,source_video_counter,0,/home/fwromano/Documents/Code/experiments/VectorManifold/data/raw/video/sim2/Yellow.mp4,4118,68.633333,df8eb7e7b6f61d35021583181ccdb9d2aa4f0ea01d357bfe11b216f9336997b1
sim2_cropped/Yellow/Yellow_356.png,Yellow,jeep,356,356,356,False,verified_source_pixels,source_video_counter,0,/home/fwromano/Documents/Code/experiments/VectorManifold/data/raw/video/sim2/Yellow.mp4,4129,68.816667,0055b0d44fefe076205045d72922729af6c5d81043e86878c859a2449e02526d
sim2_cropped/Yellow/Yellow_357.png,Yellow,jeep,357,357,357,False,verified_source_pixels,source_video_counter,0,/home/fwromano/Documents/Code/experiments/VectorManifold/data/raw/video/sim2/Yellow.mp4,4146,69.1,1a8d6ad99729c822697f63960c164567cff23200c6d18afd2fa0b25f291b49f4
sim2_cropped/Yellow/Yellow_358.png,Yellow,jeep,353,353,358,True,verified_source_pixels,source_video_counter,0,/home/fwromano/Documents/Code/experiments/VectorManifold/data/raw/video/sim2/Yellow.mp4,4102,68.366667,4b080f68fe174267a3c0afa5d35ccb295c43586d48a90de75444096a81177722
sim2_cropped/Yellow/Yellow_389.png,Yellow,jeep,339,339,389,True,verified_source_pixels,source_video_counter,0,/home/fwromano/Documents/Code/experiments/VectorManifold/data/raw/video/sim2/Yellow.mp4,3933,65.55,5b0b158df6ca3d93bc3ca41d243a9cbf5a2cd323c648e5c213eb0a772572cd09
sim2_cropped/Yellow/Yellow_801.png,Yellow,jeep,301,301,801,True,verified_source_pixels,source_video_counter,0,/home/fwromano/Documents/Code/experiments/VectorManifold/data/raw/video/sim2/Yellow.mp4,3463,57.716667,1ee9e92d220243f35f06f076ec7d2a2e6c4c0901d80f1aedc7542dbebe77ea60
sim2_cropped/Yellow/Yellow_802.png,Yellow,jeep,302,302,802,True,verified_source_pixels,source_video_counter,0,/home/fwromano/Documents/Code/experiments/VectorManifold/data/raw/video/sim2/Yellow.mp4,3486,58.1,5d5b03c269c42c11cd5b68949a2b461fd6287e679b02509223d59804fc02bcce
sim2_cropped/Yellow/Yellow_803.png,Yellow,jeep,303,303,803,True,verified_source_pixels,source_video_counter,0,/home/fwromano/Documents/Code/experiments/VectorManifold/data/raw/video/sim2/Yellow.mp4,3497,58.283333,19d60b0609d1648d49928d1f7c3f8cd5ce3c165d77a04fbec08cd43ac18e9a05
sim2_cropped/Yellow/Yellow_810.png,Yellow,jeep,310,310,810,True,verified_source_pixels,source_video_counter,0,/home/fwromano/Documents/Code/experiments/VectorManifold/data/raw/video/sim2/Yellow.mp4,3591,59.85,d78b87a75710cc46de7758696ae5b49490cc7a11d041be14b5213a1f9ad6d416
sim2_cropped/Yellow/Yellow_811.png,Yellow,jeep,311,311,811,True,verified_source_pixels,source_video_counter,0,/home/fwromano/Documents/Code/experiments/VectorManifold/data/raw/video/sim2/Yellow.mp4,3593,59.883333,64b402dc8cb4bce13ad0f22784fb06f34074d32b71ef035572d09eede5bf22f4
sim2_cropped/Yellow/Yellow_812.png,Yellow,jeep,312,312,812,True,verified_source_pixels,source_video_counter,0,/home/fwromano/Documents/Code/experiments/VectorManifold/data/raw/video/sim2/Yellow.mp4,3605,60.083333,bacbd1426f82f4d49cc7e5eda321de3a52c61dff70fa079dfdb8707cecb0689b
sim2_cropped/Yellow/Yellow_813.png,Yellow,jeep,313,313,813,True,verified_source_pixels,source_video_counter,0,/home/fwromano/Documents/Code/experiments/VectorManifold/data/raw/video/sim2/Yellow.mp4,3616,60.266667,f71e3781ed643f49213e3c8f3c9a8e123a586596ae82114906db39f37c2b1f38
sim2_cropped/Yellow/Yellow_814.png,Yellow,jeep,314,314,814,True,verified_source_pixels,source_video_counter,0,/home/fwromano/Documents/Code/experiments/VectorManifold/data/raw/video/sim2/Yellow.mp4,3628,60.466667,62dd805aaa5d596f9491cd1fc58ed7728caac0ad8aeed8b07cf838e54656652b
sim2_cropped/Yellow/Yellow_815.png,Yellow,jeep,315,315,815,True,verified_source_pixels,source_video_counter,0,/home/fwromano/Documents/Code/experiments/VectorManifold/data/raw/video/sim2/Yellow.mp4,3639,60.65,d95e40a1f5089dc9fa4d137ea3eddba3e84aeb06d92cd2aeb5ee22a964ddbe0b
sim2_cropped/Yellow/Yellow_816.png,Yellow,jeep,316,316,816,True,verified_source_pixels,source_video_counter,0,/home/fwromano/Documents/Code/experiments/VectorManifold/data/raw/video/sim2/Yellow.mp4,3650,60.833333,d8f1980a42a6d89e2328ca33872ecd57571ff882236715d0a4c77be156322342
sim2_cropped/Yellow/Yellow_817.png,Yellow,jeep,317,317,817,True,verified_source_pixels,source_video_counter,0,/home/fwromano/Documents/Code/experiments/VectorManifold/data/raw/video/sim2/Yellow.mp4,3667,61.116666,d9448f0c58930797e8345d62353e80eef44cd470e2963f7fd44265e094d31c95
sim2_cropped/Yellow/Yellow_818.png,Yellow,jeep,313,313,818,True,verified_source_pixels,source_video_counter,0,/home/fwromano/Documents/Code/experiments/VectorManifold/data/raw/video/sim2/Yellow.mp4,3623,60.383333,d2952f5519eceaf00df3ade656b646b409105fdf6dc06eccea635d7fe598c017
sim2_cropped/Yellow/Yellow_819.png,Yellow,jeep,319,319,819,True,verified_source_pixels,source_video_counter,0,/home/fwromano/Documents/Code/experiments/VectorManifold/data/raw/video/sim2/Yellow.mp4,3690,61.5,6414cf75fcb3cbb1dacb61fce4deee7461fa46f2403c1f57d6c38f84df6972c9
sim2_cropped/Yellow/Yellow_820.png,Yellow,jeep,320,320,820,True,verified_source_pixels,source_video_counter,0,/home/fwromano/Documents/Code/experiments/VectorManifold/data/raw/video/sim2/Yellow.mp4,3701,61.683334,4a785cc43a882528941e94419d60bc65b549ca9e38410c6a563b92395dd8af42
sim2_cropped/Yellow/Yellow_821.png,Yellow,jeep,321,321,821,True,verified_source_pixels,source_video_counter,0,/home/fwromano/Documents/Code/experiments/VectorManifold/data/raw/video/sim2/Yellow.mp4,3712,61.866667,92196f97d7ac97e1f0c1a99c76c711cdf10f16401b92434cce906bff6421e290
sim2_cropped/Yellow/Yellow_822.png,Yellow,jeep,322,322,822,True,verified_source_pixels,source_video_counter,0,/home/fwromano/Documents/Code/experiments/VectorManifold/data/raw/video/sim2/Yellow.mp4,3724,62.066667,e9b98ea95015c448934884a924713c48d7aa51b815b10ac611e6f84709fe2ccc
sim2_cropped/Yellow/Yellow_824.png,Yellow,jeep,324,324,824,True,verified_source_pixels,source_video_counter,0,/home/fwromano/Documents/Code/experiments/VectorManifold/data/raw/video/sim2/Yellow.mp4,3746,62.433333,72c2e35d10fd04b640c90e31e5670731727bd8779201fa0ca0d0cef7afe6423f
sim2_cropped/Yellow/Yellow_825.png,Yellow,jeep,325,325,825,True,verified_source_pixels,source_video_counter,0,/home/fwromano/Documents/Code/experiments/VectorManifold/data/raw/video/sim2/Yellow.mp4,3757,62.616667,e5ca33c2d1c0c82d4debb39d83ca817a77f3c098a79f8225f50c8206d96c3be6
sim2_cropped/Yellow/Yellow_826.png,Yellow,jeep,326,326,826,True,verified_source_pixels,source_video_counter,0,/home/fwromano/Documents/Code/experiments/VectorManifold/data/raw/video/sim2/Yellow.mp4,3780,63.0,52f0ffe4a9a0faf6c9f55a34b036a50836da0318b9f8f5e61e250fdda9a4c343
sim2_cropped/Yellow/Yellow_827.png,Yellow,jeep,327,327,827,True,verified_source_pixels,source_video_counter,0,/home/fwromano/Documents/Code/experiments/VectorManifold/data/raw/video/sim2/Yellow.mp4,3785,63.083334,ce76bb8cedfd5eb38c0501f4c65cda32f6f27e12888aa045867b81616b19b6d2
sim2_cropped/Yellow/Yellow_828.png,Yellow,jeep,323,323,828,True,verified_source_pixels,source_video_counter,0,/home/fwromano/Documents/Code/experiments/VectorManifold/data/raw/video/sim2/Yellow.mp4,3734,62.233333,885bb32af79b2673a26a442e7196e3b3c8547efa1b9216c9de4110f9091df495
sim2_cropped/Yellow/Yellow_832.png,Yellow,jeep,332,332,832,True,verified_source_pixels,source_video_counter,0,/home/fwromano/Documents/Code/experiments/VectorManifold/data/raw/video/sim2/Yellow.mp4,3843,64.05,e6d8dba6541e60b6105d2bc1c8fa8bc648d41d3267f5016e64d4406017e302e8
sim2_cropped/Yellow/Yellow_834.png,Yellow,jeep,334,334,834,True,verified_source_pixels,source_video_counter,0,/home/fwromano/Documents/Code/experiments/VectorManifold/data/raw/video/sim2/Yellow.mp4,3870,64.5,c9e4255514054e30afad094c87ada9da8d140ae44e2c9f31d2fed380840da2b1
sim2_cropped/Yellow/Yellow_835.png,Yellow,jeep,335,335,835,True,verified_source_pixels,source_video_counter,0,/home/fwromano/Documents/Code/experiments/VectorManifold/data/raw/video/sim2/Yellow.mp4,3882,64.7,da2b0b82d8cf165cef874c2ae1103f98f68af5ed9f85c84d90f8ed5425952595
sim2_cropped/Yellow/Yellow_838.png,Yellow,jeep,333,333,838,True,verified_source_pixels,source_video_counter,0,/home/fwromano/Documents/Code/experiments/VectorManifold/data/raw/video/sim2/Yellow.mp4,3868,64.466667,2c73963b96a13c8b3e35e59877a3b4c6ae175b106febd973fda29494c4cda3d4
sim2_cropped/Yellow/Yellow_840.png,Yellow,jeep,340,340,840,True,verified_source_pixels,source_video_counter,0,/home/fwromano/Documents/Code/experiments/VectorManifold/data/raw/video/sim2/Yellow.mp4,3941,65.683333,8caf28f43600fb0e8a693cd9bfe1fc7bb356668d5fef87769f43122e8520829a
sim2_cropped/Yellow/Yellow_841.png,Yellow,jeep,341,341,841,True,verified_source_pixels,source_video_counter,0,/home/fwromano/Documents/Code/experiments/VectorManifold/data/raw/video/sim2/Yellow.mp4,3956,65.933333,7f5d76147bfe7b29247a6340151e958c174ed616fc280ad37db5b81c70d7347c
sim2_cropped/Yellow/Yellow_843.png,Yellow,jeep,343,343,843,True,verified_source_pixels,source_video_counter,0,/home/fwromano/Documents/Code/experiments/VectorManifold/data/raw/video/sim2/Yellow.mp4,3981,66.35,fcc7f5427f34946ec44de4338fa7ea26f7fe0b846e49d634b6b2610a5875fb88
sim2_cropped/Yellow/Yellow_844.png,Yellow,jeep,344,344,844,True,verified_source_pixels,source_video_counter,0,/home/fwromano/Documents/Code/experiments/VectorManifold/data/raw/video/sim2/Yellow.mp4,3989,66.483333,973a7d55e0f7ce395d4aa0863ea011ea6c862e4350aeef16a6dcc0c96bf7d80d
sim2_cropped/Yellow/Yellow_848.png,Yellow,jeep,343,343,848,True,verified_source_pixels,source_video_counter,0,/home/fwromano/Documents/Code/experiments/VectorManifold/data/raw/video/sim2/Yellow.mp4,3984,66.4,ded72838161050605903dff994dac8a5151d1e49f9947bc5775a2f833ac0c749
sim2_cropped/Yellow/Yellow_850.png,Yellow,jeep,350,350,850,True,verified_source_pixels,source_video_counter,0,/home/fwromano/Documents/Code/experiments/VectorManifold/data/raw/video/sim2/Yellow.mp4,4062,67.7,60d66bf4d920305579b73d81609348ade0be8698115fa032ccd1bd0ee2ae07e7
sim2_cropped/Yellow/Yellow_990.png,Yellow,jeep,99,,990,True,verified_source_pixels,counter_artifact_review,1,/home/fwromano/Documents/Code/experiments/VectorManifold/data/raw/video/sim2/Yellow.mp4,1054,17.566667,60c84554d5059fb62ed0f57457ae13064739a831c87708cf5b1eaf51a74abdf3
